{
	"type": "FeatureCollection",
	"features": [
		{"geometry":{"coordinates":[-0.76175,51.24986],"type":"Point"},"properties":{"_source":"warm_welcome","address":"Aldershot Library, 109 High Street, Aldershot GU11 1DQ","hours":"Mo 09:30-13:30; Tu 09:30-17:00; We 09:30-17:00; Fr 09:30-17:00; Sa 09:30-17:00","title":"Aldershot Library- Hampshire Libraries"},"type":"Feature"},
		{"geometry":{"coordinates":[-0.74078,51.24614],"type":"Point"},"properties":{"_source":"warm_welcome","address":"1 North Lane, Aldershot, Hampshire GU12 4QE","description":"Open from 1 November 2022.","hours":"Tu 09:30-14:00; We 09:30-14:00","title":"Aldershot Salvation Army"},"type":"Feature"},
		{"geometry":{"coordinates":[-0.75206,51.39099],"type":"Point"},"properties":{"_source":"warm_welcome","address":"Birch Hill Library, Bracknell, Berkshire RG12 7WW","description":"","hours":"Mo 14:00-16:45; Tu 11:00-16:45; Th 10:00-16:45; Fr 14:00-19:00; Sa 09:30-12:15","title":"Birch Hill Library"},"type":"Feature"},
		{"geometry":{"coordinates":[-0.79372,51.36814],"type":"Point"},"properties":{"_source":"warm_welcome","address":"162 High street, Crowthorne, Berkshire RG45 7AT","description":"","hours":"Mo 09:30-16:45; Tu 09:30-16:45; We 09:30-16:45; Th 09:30-18:45; Fr 09:30-16:45; Sa 09:30-15:45","title":"Crowthorne Library"},"type":"Feature"},
		{"geometry":{"coordinates":[-0.74585,51.27709],"type":"Point"},"properties":{"_source":"warm_welcome","address":"Farnborough Baptist Church, Queens Road, North Camp Gu14 6DX","description":"We are open to all people and are looking to adapt the space to meet the needs of those that chose to come along. This is a social space to come and enjoy a hot drink, play some board games and chat. From around 1pm a hot soup lunch is served.","hours":"Fr 11:00-14:00","title":"Farnborough Baptist"},"type":"Feature"},
		{"geometry":{"coordinates":[-0.75508,51.28989],"type":"Point"},"properties":{"_source":"warm_welcome","address":"Farnborough Library, Pinehurst, Farnborough GU14 7JZ","description":"We have a cafe in the library","hours":"Mo 09:30-17:00; Tu 09:30-13:30; We 09:30-17:00; Th 09:30-17:00; Fr 09:30-17:00; Sa 09:30-17:00","title":"Farnborough Library- Hampshire Libraries"},"type":"Feature"},
		{"geometry":{"coordinates":[-0.86004,51.38072],"type":"Point"},"properties":{"_source":"warm_welcome","address":"Finchampstaed Library, FBC Centre, Gorse Ride North, Finchampstead RG40 4ES","description":" Free wifi and free computer access is available to library members - if ypu are over 18 you can join the library if you have ID showing your name and address (i.e. driving licence)","hours":"Mo 14:00-17:00; Tu 14:00-17:00; We 09:30-13:00; Th 14:00-17:00; Fr 09:30-13:00; Sa 09:30-12:30","title":"Finchampstead Library"},"type":"Feature"},
		{"geometry":{"coordinates":[-0.84518,51.27960],"type":"Point"},"properties":{"_source":"warm_welcome","address":"Fleet Library, 236 Fleet Road, Fleet GU51 4BX","description":" You are very welcome to bring a \"mug and the makings\" and we can provide hot water for your tea/coffee/cupasoup etc","hours":"Mo 09:30-17:00; Tu 09:30-17:00; We 09:30-13:30; Th 09:30-17:00; Fr 09:30-17:00; Sa 09:30-17:00","title":"Fleet Library- Hampshire Libraries"},"type":"Feature"},
		{"geometry":{"coordinates":[-0.73164,51.31105],"type":"Point"},"properties":{"_source":"warm_welcome","address":"Balmoral Drive, Frimley, Surrey GU16 9AR","description":"we have easy access and parking Join us on Tuesdays at our Popin Cafe -14:00 -15:30 Free drinks biscuits and cakes, open to all to chat do puzzles knit read relax","hours":"Tu 14:00-15:30","title":"Frimley Baptist Church"},"type":"Feature"},
		{"geometry":{"coordinates":[-0.76933,51.39843],"type":"Point"},"properties":{"_source":"warm_welcome","address":"Great Hollands Library, Bracknell, Berkshire RG12 8UX","description":"","hours":"We 09:30-19:00; Fr 09:30-17:00; Sa 09:30-12:30","title":"Great Hollands Library"},"type":"Feature"},
		{"geometry":{"coordinates":[-0.74365,51.33918],"type":"Point"},"properties":{"_source":"warm_welcome","address":"Knoll Road, Camberley, Surrey GU15 3SY","description":" Food and drink available from the Cafe, 1000-1400, free refreshments on a Tuesday 1415-1615","hours":"Mo 10:00-14:00; Tu 10:00-14:00; We 10:00-14:00; Th 10:00-14:00; Fr 10:00-14:00; Su 10:00-12:00","title":"High Cross Church"},"type":"Feature"},
		{"geometry":{"coordinates":[-0.96313,51.28362],"type":"Point"},"properties":{"_source":"warm_welcome","address":"Life Church Centre, Elms Road, Hook, Hampshire RG27 9DX","description":" Community Life is our new coffee morning at Life Church Centre on Thursday mornings from 10.00-12.00. Community Life is open to anyone of any age to enjoy conversation, company, tea, coffee and cake and is absolutely free. If you have pre-school aged chi","hours":"Th 10:00-12:00","title":"Life Church Hook"},"type":"Feature"},
		{"geometry":{"coordinates":[-0.79567,51.34735],"type":"Point"},"properties":{"_source":"warm_welcome","address":"The Broadway, Sandhurst, Berkshire GU47 9BL","description":"","hours":"Mo 09:30-16:45; Tu 09:30-18:45; Th 09:30-16:45; Fr 09:30-16:45; Sa 09:30-15:45","title":"Sandhurst Library"},"type":"Feature"},
		{"geometry":{"coordinates":[-1.05153,51.30281],"type":"Point"},"properties":{"_source":"warm_welcome","address":"Sherfield Park Community Centre, Sunwood Drive, Hampshire RG27 0FP","description":"Open from 1st November 2022. All welcome to attend, especially those who need a warm space and company Refreshments are available Monday to Friday between 9am and 3pm.","hours":"Mo 08:00-20:00; Tu 08:00-20:00; We 08:00-20:00; Th 08:00-20:00; Fr 08:00-18:00","title":"Sherfield Park Community Centre"},"type":"Feature"},
		{"geometry":{"coordinates":[-0.97375,51.39466],"type":"Point"},"properties":{"_source":"warm_welcome","address":"Spencers Wood Library, Basingstoke Road, Spencers Wood RG7 1AJ","description":" Free wifi and free computer access is available to library members - if ypu are over 18 you can join the library if you have ID showing your name and address (i.e. driving licence)","hours":"Mo 14:30-17:00; Tu 14:30-17:00; Th 10:00-12:30; Sa 10:00-12:30","title":"Spencers Wood Library"},"type":"Feature"},
		{"geometry":{"coordinates":[-1.03345,51.30325],"type":"Point"},"properties":{"_source":"warm_welcome","address":"Church End, Sherfield on Loddon, Hook , Hampshire RG27 0JB","description":"Open from 16/11/2022.","hours":"We 11:00-14:00","title":"St Leonard's Church, Sherfield on Loddon"},"type":"Feature"},
		{"geometry":{"coordinates":[-0.75013,51.29245],"type":"Point"},"properties":{"_source":"warm_welcome","address":"St Peter's Parish Centre, 60 Church Avenue, Farnborough GU14 7AP","description":"Open from 17/11/22.","hours":"Th 15:00-20:00","title":"St Peter's Church Farnborough"},"type":"Feature"},
		{"geometry":{"coordinates":[-0.83894,51.33853],"type":"Point"},"properties":{"_source":"warm_welcome","address":"Yateley Library, School Lane, Yateley GU46 6NL","hours":"Mo 09:30-17:00; Tu 09:30-17:00; Fr 09:30-17:00; Sa 09:30-13:30","title":"Yateley Library- Hampshire Libraries"},"type":"Feature"},
		{"geometry":{"coordinates":[-0.75834,51.22863],"type":"Point"},"properties":{"_source":"surrey_county_council_warm_hubs","address":"St Georges Rd, Badshot Lea, Farnham GU9 9LY","hours":"Mo 12:00-18:00","title":"St George's Church"},"type":"Feature"},
		{"geometry":{"coordinates":[-0.72402,51.34878],"type":"Point"},"properties":{"_source":"surrey_county_council_warm_hubs","address":"231 Upper College Ride, Camberley GU15 4HE","hours":"We 10:00-11:30; Sa 10:00-11:00; Su 10:00-10:40","title":"St Martin's Church, Camberley"},"type":"Feature"},
		{"geometry":{"coordinates":[-0.72141,51.26501],"type":"Point"},"properties":{"_source":"surrey_county_council_warm_hubs","address":"203 Vale Rd, Ash Vale, Aldershot GU12 5JE","hours":"Fr 10:00-12:00","title":"St Mary’s Church Ash Vale"},"type":"Feature"},
		{"geometry":{"coordinates":[-0.72862,51.30189],"type":"Point"},"properties":{"_source":"surrey_county_council_warm_hubs","address":"8 The Green, Frimley Green, Camberley GU16 6HF","hours":"Mo 10:30-14:15; Tu 13:00-16:00","title":"Frimley Green Methodist Church"},"type":"Feature"},
		{"geometry":{"coordinates":[-0.80332,51.23523],"type":"Point"},"properties":{"_source":"surrey_county_council_warm_hubs","address":"130 Upper Hale Road Farnham Surrey GU9 0JH","hours":"Mo 13:00-15:00; We 11:30-13:30","title":"Hale Community Centre"},"type":"Feature"},
		{"geometry":{"coordinates":[-0.72558,51.24580],"type":"Point"},"properties":{"_source":"surrey_county_council_warm_hubs","address":"Ash St, Ash, Aldershot GU12 6LF","hours":"Th 10:00-13:00; Fr 10:00-13:00; Sa 10:00-16:00; Mo 02:00-17:00; Tu 10:00-13:00; Su 02:00-17:00; We 02:00-17:00","title":"Ash Library "},"type":"Feature"},
		{"geometry":{"coordinates":[-0.74241,51.33873],"type":"Point"},"properties":{"_source":"surrey_county_council_warm_hubs","address":"Knoll Rd, Camberley GU15 3SY","hours":"Th 09:30-17:30; Fr 09:30-17:30; Sa 09:30-17:00; Mo 09:30-17:30; Tu 09:30-19:00; We 09:30-17:30","title":"Camberley Library"},"type":"Feature"},
		{"geometry":{"coordinates":[-0.72518,51.30292],"type":"Point"},"properties":{"_source":"surrey_county_council_warm_hubs","address":"Beech Rd, Frimley Green, Camberley GU16 6LQ","hours":"Th 10:00-13:00; Fr 10:00-13:00; Sa 09:30-16:00; Mo 01:00-17:00; Tu 10:00-13:00; Su 02:00-17:00; We 02:00-17:00","title":"Frimley Library"},"type":"Feature"},
		{"geometry":{"coordinates":[-0.80324,51.21346],"type":"Point"},"properties":{"_source":"surrey_county_council_warm_hubs","address":"Vernon House, 28 West St, Farnham GU9 7DR","hours":"Th 09:30-17:30; Fr 09:30-17:30; Sa 09:30-17:00; Mo 09:30-17:30; Tu 09:30-19:00; We 09:30-17:30","title":"Farnham Library "},"type":"Feature"},
		{"geometry":{"coordinates":[-0.75968,51.33677],"type":"Point"},"properties":{"_source":"surrey_county_council_warm_hubs","address":"286 London Road, Camberley, GU15 3JP","hours":"We 10:30-13:00","title":"St Michaels Church"},"type":"Feature"},
		{"geometry":{"coordinates":[-0.71548,51.24906],"type":"Point"},"properties":{"_source":"surrey_county_council_warm_hubs","address":"Ash Church Rd, Ash, Aldershot GU12 6LU","hours":"Mo[1] 09:00-12:00; We 10:15-12:00","title":"St Peter's, Ash"},"type":"Feature"},
		{"geometry":{"coordinates":[-0.73885,51.31471],"type":"Point"},"properties":{"_source":"surrey_county_council_warm_hubs","address":"St Peter’s Church Hall, Parsonage Way, Frimley, GU16 8HZ","hours":"Mo 12:00-13:30","title":"Frimley Parish Church"},"type":"Feature"}
	]
}
