{
	"type": "FeatureCollection",
	"features": [
		{"geometry":{"coordinates":[-0.46436,51.43358],"type":"Point"},"properties":{"_source":"warm_welcome","address":"Ashford Library, Church Road, Ashford, Surrey TW15 2XB","description":"Available for everyone Rhymetimes, Children's Activities, Books and Media","hours":{"_text":"Tuesday: 09:30 - 17:00, Wednesday: 09:30 - 17:00, Thursday: 09:30 - 17:00, Friday: 09:30 - 17:00, Saturday: 09:30 - 17:00","opening":"Tu 09:30-17:00; We 09:30-17:00; Th 09:30-17:00; Fr 09:30-17:00; Sa 09:30-17:00"},"title":"Ashford Library"},"type":"Feature"},
		{"geometry":{"coordinates":[-0.38546,51.49954],"type":"Point"},"properties":{"_source":"warm_welcome","address":"Unit 2, Middlesex UB2 5PA","description":"Our mission is to create inclusive compassionate spaces, and a rich network of opportunities, where women from ethnic minority backgrounds feel connected and empowered to lead meaningful lives. We are a dedicated group committed to creating a supportive environment for women to learn new skills, gain confidence, and enhance their overall well-being. Asian Community Concern believes in fostering a community where women can thrive, develop their potential, and contribute effectively to society.","hours":{"_text":"Monday: 11:00 - 16:00, Tuesday: 11:00 - 16:00, Wednesday: 11:00 - 16:00, Thursday: 11:00 - 16:00, Friday: 11:00 - 16:00","opening":"Mo 11:00-16:00; Tu 11:00-16:00; We 11:00-16:00; Th 11:00-16:00; Fr 11:00-16:00"},"title":"Asian Community Concern"},"type":"Feature"},
		{"geometry":{"coordinates":[-0.64825,51.61266],"type":"Point"},"properties":{"_source":"warm_welcome","address":"Reynolds Road, Beaconsfield, Buckinghamshire HP9 2NJ","description":"The space is open to all, why not pop in and read a book, use a computer or read newspapers and magazines on our tablets (library card required to borrow a tablet). Please keep an eye on our website for groups, clubs and events.","hours":{"_text":"Tuesday: 09:30 - 19:00, Wednesday: 09:30 - 13:00, Thursday: 09:30 - 17:00, Friday: 09:30 - 17:00, Saturday: 10:00 - 16:00","opening":"Tu 09:30-19:00; We 09:30-13:00; Th 09:30-17:00; Fr 09:30-17:00; Sa 10:00-16:00"},"title":"Beaconsfield Library - Buckinghamshire Council"},"type":"Feature"},
		{"geometry":{"coordinates":[-0.65801,51.53152],"type":"Point"},"properties":{"_source":"warm_welcome","address":"Windsor Lane, Please select, Bucks SL1 7HR","description":"Welcoming space to work, read, relax comfortable friendly environment","hours":{"_text":"Tuesday: 09:30 - 19:00, Wednesday: 09:30 - 17:00, Thursday: 09:30 - 17:00, Friday: 09:30 - 17:00, Saturday: 10:00 - 16:00","opening":"Tu 09:30-19:00; We 09:30-17:00; Th 09:30-17:00; Fr 09:30-17:00; Sa 10:00-16:00"},"title":"Burnham Community Library"},"type":"Feature"},
		{"geometry":{"coordinates":[-0.53703,51.47152],"type":"Point"},"properties":{"_source":"warm_welcome","address":"Champney Hall, Berkshire SL3 9PW","description":"The space is open to all","hours":{"_text":"Monday: 10:00 - 13:00","opening":"Mo 10:00-13:00"},"title":"Champney Hall"},"type":"Feature"},
		{"geometry":{"coordinates":[-0.36655,51.52687],"type":"Point"},"properties":{"_source":"warm_welcome","address":"Vicarage Christ Redeemer, Southall, Middlesex UB1 2HE","description":"The Warm Welcome Space at Christ the Redeemer church, Southall, is open to all, irrelevant of creed, culture, or religion. We aim to provide a warm, welcoming, safe, space where everyone feels welcome, free to be listened to, heard, and respected. Our church website is at https://www.achurchnearyou.com/church/15712/","hours":{"_text":"Sunday: 11:00 - 15:00","opening":"Su 11:00-15:00"},"title":"Christ the Redeemer Church, Southall"},"type":"Feature"},
		{"geometry":{"coordinates":[-0.40218,51.47178],"type":"Point"},"properties":{"_source":"warm_welcome","address":"Church Of The Good Shepherd, Middlesex TW4 6HJ","description":"A warm and welcoming cafe serving hot drinks, buns and cakes free of charge, every Thursday between 1030 and 1100","hours":{"_text":"Thursday: 10:30 - 12:00","opening":"Th 10:30-12:00"},"title":"Community Cafe"},"type":"Feature"},
		{"geometry":{"coordinates":[-0.38011,51.47108],"type":"Point"},"properties":{"_source":"warm_welcome","address":"St. Pauls Church, Middlesex TW3 3DA","description":"Hot drinks, buns and cakes are available to all free of charge in a warm, friendly and welcoming space.","hours":{"_text":"Wednesday: 10:00 - 11:30","opening":"We 10:00-11:30"},"title":"Community Cafe"},"type":"Feature"},
		{"geometry":{"coordinates":[-0.55278,51.43176],"type":"Point"},"properties":{"_source":"warm_welcome","address":"Surrey County Council, Egham, Surrey TW20 9EA","description":"Available for everyone Rhymetimes, Children's Activities, Books and Media","hours":{"_text":"Tuesday: 09:30 - 17:00, Wednesday: 09:30 - 17:00, Thursday: 09:30 - 17:00, Friday: 09:30 - 17:00, Saturday: 09:30 - 17:00","opening":"Tu 09:30-17:00; We 09:30-17:00; Th 09:30-17:00; Fr 09:30-17:00; Sa 09:30-17:00"},"title":"Egham Library"},"type":"Feature"},
		{"geometry":{"coordinates":[-0.55170,51.58823],"type":"Point"},"properties":{"_source":"warm_welcome","address":"38 Station Road, Buckinghamshire SL9 8EL","description":"Warm space to work or study> Families welcome, activities for all","hours":{"_text":"Tuesday: 09:30 - 18:30, Thursday: 09:30 - 17:00, Friday: 09:30 - 17:00, Saturday: 10:00 - 16:00","opening":"Tu 09:30-18:30; Th 09:30-17:00; Fr 09:30-17:00; Sa 10:00-16:00"},"title":"Gerrards Cross Community Library"},"type":"Feature"},
		{"geometry":{"coordinates":[-0.38011,51.47108],"type":"Point"},"properties":{"_source":"warm_welcome","address":"St. Pauls Church, Middlesex TW3 3DA","description":"Come along and be part of our community and make new friends! Hot meals for anyone over 50 - everyone is welcome! Please join us for a light lunch in a warm and friendly place between 12 and 13.30 every Monday, term-time only.","hours":{"_text":"Monday: 12:00 - 13:30","opening":"Mo 12:00-13:30"},"title":"Good Company"},"type":"Feature"},
		{"geometry":{"coordinates":[-0.38385,51.51388],"type":"Point"},"properties":{"_source":"warm_welcome","address":"St George's Church, Middlesex UB1 1NP","description":"A well-being café offering friendship, gentle exercise, activities, crafts and lunch. A prayer space is also available for any who wish to use it.","hours":{"_text":"Wednesday: 10:00 - 14:00","opening":"We 10:00-14:00"},"title":"Hope Centre"},"type":"Feature"},
		{"geometry":{"coordinates":[-0.44492,51.41228],"type":"Point"},"properties":{"_source":"warm_welcome","address":"Hope Church Hounslow, Good Shepherd, Beavers Lane, Hounslow, Middlesex TW17 0RR TW17 0RR","description":"Tuesday - Children & Families only / Thursday all welcome / Sunday All Age Tuesday - Play cafe for families with young children / Thursday Foodbank Cafe & Service / Sunday Church@Five with Refreshments","hours":{"_text":"Tuesday: 10:30 - 11:45, Thursday: 10:00 - 12:30, Sunday: 17:00 - 18:30","opening":"Tu 10:30-11:45; Th 10:00-12:30; Su 17:00-18:30"},"title":"Hope Church - Good Shepherd Location"},"type":"Feature"},
		{"geometry":{"coordinates":[-0.36460,51.46651],"type":"Point"},"properties":{"_source":"warm_welcome","address":"Hounslow Methodist Church, Bell Road, Hounslow Tw3 3PB","description":"Open for light lunches every Friday11am/2pm","hours":{"_text":"Friday: 11:00 - 14:00","opening":"Fr 11:00-14:00"},"title":"Hounslow Methodist Church"},"type":"Feature"},
		{"geometry":{"coordinates":[-0.52002,51.53775],"type":"Point"},"properties":{"_source":"warm_welcome","address":"Iver Heath Community Library, Buckinghamshire SL0 0DA SL0 0DA","description":"Public Library","hours":{"_text":"Tuesday: 09:30 - 17:00, Thursday: 09:30 - 18:00, Saturday: 10:00 - 13:00","opening":"Tu 09:30-17:00; Th 09:30-18:00; Sa 10:00-13:00"},"title":"Iver Heath Community Library"},"type":"Feature"},
		{"geometry":{"coordinates":[-0.54740,51.50005],"type":"Point"},"properties":{"_source":"warm_welcome","address":"100 Trelawney Avenue, Langley, Slough SL3 8RW","description":"SPACE OPENING ON 28th November 2023** **Open from 28th November 2023. No Booking is required Mondays a cuppa and a chat. From 28th November on Tuesdays free hot food for Langley residents.","hours":{"_text":"Monday: 11:00 - 14:00, Tuesday: 15:00 - 17:00","opening":"Mo 11:00-14:00; Tu 15:00-17:00"},"title":"Langley Free Church"},"type":"Feature"},
		{"geometry":{"coordinates":[-0.45908,51.43241],"type":"Point"},"properties":{"_source":"warm_welcome","address":"St. Matthews, Middlesex TW15 2NY","description":"We run a coffee morning every Thursday from 10:00 till 12:00 and the Church is open from 11:30-14:30 Monday to Friday, for quiet time.","hours":{"_text":"Monday: 11:30 - 14:30, Tuesday: 11:30 - 14:30, Wednesday: 11:30 - 14:30, Thursday: 10:00 - 14:30, Friday: 11:30 - 14:30","opening":"Mo 11:30-14:30; Tu 11:30-14:30; We 11:30-14:30; Th 10:00-14:30; Fr 11:30-14:30"},"title":"St Matthew's Ashford"},"type":"Feature"},
		{"geometry":{"coordinates":[-0.68153,51.59675],"type":"Point"},"properties":{"_source":"warm_welcome","address":"St Mary's Church, High Wycombe, Bucks HP10 0LU","description":"Open from 3.11.2023 to 26.1.2024","hours":{"_text":"Friday: 12:30 - 15:00","opening":"Fr 12:30-15:00"},"title":"St. Mary's Church Wooburn Green"},"type":"Feature"},
		{"geometry":{"coordinates":[-0.51054,51.43212],"type":"Point"},"properties":{"_source":"warm_welcome","address":"Staines Library, Friends Walk, Surrey TW18 4PG","description":"SPACE OPENING ON 4th November 2023** Available for everyone Rhymetimes and Activity Packs for younger people through the week","hours":{"_text":"Monday: 09:30 - 17:30, Tuesday: 09:30 - 19:00, Wednesday: 09:30 - 17:30, Thursday: 09:30 - 17:30, Friday: 09:30 - 17:30, Saturday: 09:30 - 17:00","opening":"Mo 09:30-17:30; Tu 09:30-19:00; We 09:30-17:30; Th 09:30-17:30; Fr 09:30-17:30; Sa 09:30-17:00"},"title":"Staines Library"},"type":"Feature"},
		{"geometry":{"coordinates":[-0.47798,51.45196],"type":"Point"},"properties":{"_source":"warm_welcome","address":"Stanwell Library, Hadrian Way, Stanwell, Surrey TW19 7HR","description":"Available for everyone Rhymetimes, Children's Activities, Books and Media","hours":{"_text":"Monday: 14:00 - 17:00, Tuesday: 10:00 - 13:00 / 14:00 - 17:00, Thursday: 10:00 - 13:00 / 14:00 - 17:00, Friday: 10:00 - 13:00 / 14:00 - 17:00, Saturday: 10:00 - 16:00","opening":"Mo 14:00-17:00; Tu 10:00-13:00,14:00-17:00; Th 10:00-13:00,14:00-17:00; Fr 10:00-13:00,14:00-17:00; Sa 10:00-16:00"},"title":"Stanwell Library"},"type":"Feature"},
		{"geometry":{"coordinates":[-0.42032,51.41976],"type":"Point"},"properties":{"_source":"warm_welcome","address":"Sunbury Library, The Parade, Staines Road West, Sunbury-on-Thames, Sunbury TW16 7AB","description":"Everyone Welcome Rhymetimes, Children's Activities, Books and Media","hours":{"_text":"Tuesday: 09:30 - 17:00, Wednesday: 09:30 - 17:00, Thursday: 09:30 - 17:00, Friday: 09:30 - 17:00, Saturday: 09:30 - 17:00","opening":"Tu 09:30-17:00; We 09:30-17:00; Th 09:30-17:00; Fr 09:30-17:00; Sa 09:30-17:00"},"title":"Sunbury Library"},"type":"Feature"},
		{"geometry":{"coordinates":[-0.50979,51.43418],"type":"Point"},"properties":{"_source":"warm_welcome","address":"91, Staines upon Thames, Surrey TW18 4PQ","description":"SPACE OPENING ON 7th November 2023** The space has chairs and tables and is open to all on Tuesday afternoons 12.30-3.30. We offer free hot drinks and snacks","hours":{"_text":"Tuesday: 12:30 - 15:30","opening":"Tu 12:30-15:30"},"title":"Talking Tree"},"type":"Feature"},
		{"geometry":{"coordinates":[-0.66782,51.60101],"type":"Point"},"properties":{"_source":"warm_welcome","address":"St Thomas' Church,, Bucks HP91UF HP91UF","description":"The Dove Cafe is based in St Thomas' Church Holtspur. It is a vibrant community cafe with access to free food, free drink, emergency food bank access and much more. Everyone is welcome no matter their faith","hours":{"_text":"Monday: 08:30 - 04:00, Tuesday: 08:30 - 04:00, Wednesday: 08:30 - 04:00, Thursday: 08:30 - 04:00, Friday: 08:30 - 04:00, Saturday: 09:30 - 04:00, Sunday: 09:30 - 04:00","opening":"Mo 08:30-04:00; Tu 08:30-04:00; We 08:30-04:00; Th 08:30-04:00; Fr 08:30-04:00; Sa 09:30-04:00; Su 09:30-04:00"},"title":"The Dove Cafe at St Thomas'"},"type":"Feature"},
		{"geometry":{"coordinates":[-0.50101,51.58314],"type":"Point"},"properties":{"_source":"warm_spaces","address":"Uxbridge, England, UB9 5HT, United Kingdom","description":"Free Food/Drink, Device Charging, People to chat to, Space to work, Wheelchair Accessible, Toilets, Accessible Toilet, Parking, Child Friendly, Pet Friendly","hours":{"_text":"Wednesday 1pm-5pm","opening":"We 13:00-17:00"},"title":"St Mark’s Church","url":"https://www.denhamparish.church"},"type":"Feature"},
		{"geometry":{"coordinates":[-0.43093,51.52434],"type":"Point"},"properties":{"_source":"warm_spaces","address":"628 Uxbridge Rd, England, UB4 8HR, United Kingdom","description":"Free Food/Drink, Free Wi-Fi, Device Charging, People to chat to, Wheelchair Accessible, Toilets, Accessible Toilet, Parking, Child Friendly","hours":{"_text":"Wednesdays, 10am-2pm","opening":"We 10:00-14:00"},"title":"Hayes End Methodist Church","url":"https://www.hemc.org.uk"},"type":"Feature"},
		{"geometry":{"coordinates":[-0.59626,51.50832],"type":"Point"},"properties":{"_source":"warm_spaces","address":"Windsor Road, Slough, England, SL1 2EJ, United Kingdom","description":"Free Food/Drink, Free Wi-Fi, People to chat to, Toilets","hours":{"_text":"Mon 3pm - 5pm &amp; Wed 11am - 2pm","opening":"Mo 15:00-17:00; We 11:00-14:00"},"title":"Slough Baptist Church"},"type":"Feature"},
		{"geometry":{"coordinates":[-0.35905,51.45291],"type":"Point"},"properties":{"_source":"warm_spaces","address":"141 Nelson Road, Twickenham, England, TW2 7BU, United Kingdom","description":"Free Food/Drink, Free Wi-Fi, Device Charging, Space to work, Child Friendly, Computer Access","hours":{"_text":"Variable - see website"},"title":"Whitton Library","url":"https://richmond.gov.uk/services/libraries/branch_libraries/whitton_library"},"type":"Feature"},
		{"geometry":{"coordinates":[-0.35578,51.42667],"type":"Point"},"properties":{"_source":"warm_spaces","address":"68 High Street, Hampton, England, TW12 1NY, United Kingdom","description":"Free Wi-Fi, Device Charging, Child Friendly, Computer Access","hours":{"_text":"Variable - see website"},"title":"Hampton Hill Library","url":"https://richmond.gov.uk/services/libraries/branch_libraries/hampton_hill_library"},"type":"Feature"},
		{"geometry":{"coordinates":[-0.37061,51.41387],"type":"Point"},"properties":{"_source":"warm_spaces","address":"Rosehill, Hampton, England, TW12 2AB, United Kingdom","description":"Free Food/Drink, Free Wi-Fi, Device Charging, Space to work, Child Friendly, Computer Access","hours":{"_text":"Variable - see website"},"title":"Hampton Library","url":"https://richmond.gov.uk/services/libraries/branch_libraries/hampton_library"},"type":"Feature"},
		{"geometry":{"coordinates":[-0.58807,51.50538],"type":"Point"},"properties":{"_source":"warm_spaces","address":"2 Merton Road, Slough, England, SL1 1QW, United Kingdom","description":"Free Food/Drink, Device Charging, People to chat to, Space to work, Wheelchair Accessible, Toilets, Parking, Child Friendly","hours":{"_text":"Thursday 3:30pm-8pm","opening":"Th 15:30-20:00"},"title":"St Andrew's Methodist Church","url":"https://www.methodist-slough-standrews.org.uk"},"type":"Feature"},
		{"geometry":{"coordinates":[-0.65058,51.61290],"type":"Point"},"properties":{"_source":"warm_spaces","address":"Reynolds Road, Beaconsfield, England, HP9 2NJ, United Kingdom","description":"Free Wi-Fi, Device Charging, People to chat to, Space to work, Wheelchair Accessible, Toilets, Accessible Toilet, Parking, Child Friendly, Computer Access","hours":{"_text":"Monday CLOSED, Tuesday 9.30am-7pm, Wednesday 9.30am-1pm, Thursday, Friday 9.30am-5pm, Saturday 10am-4pm, Sunday Closed","opening":"Th 09:30-17:00; Fr 09:30-17:00; Tu 09:30-19:00; We 09:30-13:00; Sa 10:00-16:00"},"title":"Beaconsfield Library","url":"https://www.buckinghamshirecouncil.gov.uk"},"type":"Feature"},
		{"geometry":{"coordinates":[-0.59299,51.51460],"type":"Point"},"properties":{"_source":"warm_spaces","address":"53 Stoke Road, Slough, England, SL2 5BW, United Kingdom","description":"Free Food/Drink, People to chat to, Wheelchair Accessible, Toilets, Accessible Toilet, Parking, Child Friendly, Shower Facilities","hours":{"_text":"Wednesday 9.30am-1pm &amp; Friday 9.30am-1pm","opening":"We 09:30-13:00; Fr 09:30-13:00"},"title":"The Salvation Army Slough"},"type":"Feature"},
		{"geometry":{"coordinates":[-0.51959,51.53760],"type":"Point"},"properties":{"_source":"warm_spaces","address":"Saint Margaret&#39;s Close, Iver, England, SL0, United Kingdom","description":"Free Wi-Fi, People to chat to, Space to work, Wheelchair Accessible, Toilets, Child Friendly, Computer Access","hours":{"_text":"Tuesday 9.30am-5pm, Thursday 9.30am-6pm, Saturday 10am-1pm","opening":"Tu 09:30-17:00; Th 09:30-18:00; Sa 10:00-13:00"},"title":"Iver Heath Community Library"},"type":"Feature"},
		{"geometry":{"coordinates":[-0.65597,51.53117],"type":"Point"},"properties":{"_source":"warm_spaces","address":"Windsor Lane, Burnham, England, SL1 7HR, United Kingdom","description":"Free Wi-Fi, People to chat to, Space to work, Toilets, Child Friendly, Computer Access","hours":{"_text":"Tuesday 9.30am-7pm, Wednesday 9.30am-5pm Thursday 9.30am-5pm, Friday 9.30am-5pm, Saturday 10am-4pm","opening":"Tu 09:30-19:00; We 09:30-17:00; Th 09:30-17:00; Fr 09:30-17:00; Sa 10:00-16:00"},"title":"Burnham Community Library"},"type":"Feature"},
		{"geometry":{"coordinates":[-0.55114,51.58823],"type":"Point"},"properties":{"_source":"warm_spaces","address":"Station Road, Gerrards Cross, England, SL9 8ES, United Kingdom","description":"Free Wi-Fi, People to chat to, Space to work, Wheelchair Accessible, Toilets, Child Friendly, Computer Access","hours":{"_text":"Tuesday 9.30am-6.30pm, Thursday 9.30am-5pm, Friday 9.30am-5pm, Saturday 10am-4pm","opening":"Tu 09:30-18:30; Th 09:30-17:00; Fr 09:30-17:00; Sa 10:00-16:00"},"title":"Gerrards Cross Community Library"},"type":"Feature"},
		{"geometry":{"coordinates":[-0.61024,51.48034],"type":"Point"},"properties":{"_source":"warm_spaces","address":"William Street, Windsor, England, SL4 1BA, United Kingdom","description":"Free Food/Drink, Device Charging, Advice, People to chat to, Space to work, Wheelchair Accessible, Toilets, Accessible Toilet, Child Friendly","hours":{"_text":"Thursday 5pm-6:30pm","opening":"Th 17:00-18:30"},"title":"Windsor Fellowship Church","url":"https://windsorfellowship.com"},"type":"Feature"},
		{"geometry":{"coordinates":[-0.35644,51.56258],"type":"Point"},"properties":{"_source":"warm_spaces","address":"Northolt Road, Harrow, England, HA2 8EQ, United Kingdom","description":"Free Wi-Fi, People to chat to, Space to work, Wheelchair Accessible, Toilets, Accessible Toilet, Child Friendly, Computer Access","hours":{"_text":"Tuesdays, Thursdays &amp; Saturdays 10am-6pm; Wednesdays and Fridays 10am-1pm; Sundays &amp; Mondays Closed","opening":"Tu 10:00-18:00; Th 10:00-18:00; Sa 10:00-18:00; We 10:00-13:00; Fr 10:00-13:00"},"title":"Roxeth Library","url":"https://www.harrow.gov.uk/libraries"},"type":"Feature"},
		{"geometry":{"coordinates":[-0.38047,51.59140],"type":"Point"},"properties":{"_source":"warm_spaces","address":"78 Marsh Road, Pinner, England, HA5 5NQ, United Kingdom","description":"Free Wi-Fi, People to chat to, Space to work, Wheelchair Accessible, Toilets, Accessible Toilet, Parking, Child Friendly, Computer Access","hours":{"_text":"Tuesdays, Thursdays &amp; Saturdays 10am-6pm; Wednesdays and Fridays 10am-1pm; Sundays &amp; Mondays Closed","opening":"Tu 10:00-18:00; Th 10:00-18:00; Sa 10:00-18:00; We 10:00-13:00; Fr 10:00-13:00"},"title":"Pinner Library","url":"https://www.harrow.gov.uk/libraries"},"type":"Feature"},
		{"geometry":{"coordinates":[-0.59806,51.52470],"type":"Point"},"properties":{"_source":"warm_spaces","address":"St John&#39;s Church, Stoke Poges Lane, Slough, England, SL1 3LJ, United Kingdom","description":"Free Food/Drink, Device Charging, Advice, People to chat to, Space to work, Wheelchair Accessible, Toilets, Accessible Toilet, Parking, Child Friendly","hours":{"_text":"Tuesday 5pm-9pm","opening":"Tu 17:00-21:00"},"title":"Slough Community Support Cafe","url":"https://www.facebook.com/groups/503669827980898"},"type":"Feature"},
		{"geometry":{"coordinates":[-0.36132,51.57074],"type":"Point"},"properties":{"_source":"warm_spaces","address":"9 Scott Crescent, Harrow, England, HA2 0TY, United Kingdom","description":"Free Food/Drink, Free Wi-Fi, Advice, People to chat to, Toilets, Parking","hours":{"_text":"Tuesday 12pm-2:30pm","opening":"Tu 12:00-14:30"},"title":"Beacon Community Centre","url":"https://www.homegroup.org.uk"},"type":"Feature"},
		{"geometry":{"coordinates":[-0.42519,51.61283],"type":"Point"},"properties":{"_source":"warm_spaces","address":"30 Oaklands Gate, Northwood, England, HA6 3AA, United Kingdom","description":"Free Food/Drink, Free Wi-Fi, Device Charging, People to chat to, Wheelchair Accessible, Toilets, Accessible Toilet, Parking, Child Friendly","hours":{"_text":"Thursday 09.30am-12pm","opening":"Th 09:30-12:00"},"title":"Northwood Methodist Church","url":"https://www.northwoodmethodistchurch.org"},"type":"Feature"},
		{"geometry":{"coordinates":[-0.61830,51.54971],"type":"Point"},"properties":{"_source":"warm_spaces","address":"112 Blackpond Lane, Slough, England, SL2, United Kingdom","description":"Free Food/Drink, Free Wi-Fi, Device Charging, People to chat to, Space to work, Wheelchair Accessible, Toilets, Parking, Child Friendly","hours":{"_text":"12pm-10pm"},"title":"The Emperor","url":"https://theemperorpub.co.uk"},"type":"Feature"},
		{"geometry":{"coordinates":[-0.37427,51.55904],"type":"Point"},"properties":{"_source":"warm_spaces","address":"Walton Avenue, Harrow, England, United Kingdom","description":"Free Food/Drink, Free Wi-Fi, People to chat to, Wheelchair Accessible, Toilets, Accessible Toilet, Child Friendly","hours":{"_text":"Mondays 6pm-10pm, Wednesdays 10am-2pm","opening":"Mo 18:00-22:00; We 10:00-14:00"},"title":"South Harrow Methodist Church","url":"https://www.southharrowmethodist.org.uk"},"type":"Feature"},
		{"geometry":{"coordinates":[-0.35929,51.56983],"type":"Point"},"properties":{"_source":"warm_spaces","address":"Coles Crescent, Harrow, England, HA2 0TN, United Kingdom","description":"Free Food/Drink, Device Charging, People to chat to, Wheelchair Accessible, Toilets, Accessible Toilet, Parking","hours":{"_text":"Thursdays 1pm-3.30pm","opening":"Th 13:00-15:30"},"title":"Roxeth Community Church Warm Hub","url":"https://www.roxeth.com"},"type":"Feature"},
		{"geometry":{"coordinates":[-0.63053,51.39936],"type":"Point"},"properties":{"_source":"warm_spaces","address":"High Street, Ascot, England, SL5 0NG, United Kingdom","description":"Free Food/Drink, Free Wi-Fi, People to chat to, Toilets, SHARE Food Bank, no voucher/referral required","hours":{"_text":"Tuesday November 22, 29, December 6, 13 12pm-1:30pm"},"title":"SHARE @ Hope Church Suningdale","url":"https://hopechurchsunningdale.org.uk"},"type":"Feature"},
		{"geometry":{"coordinates":[-0.61049,51.51240],"type":"Point"},"properties":{"_source":"warm_spaces","address":"104 Bath Road, Slough, England, SL1 3SY, United Kingdom","description":"Free Food/Drink, People to chat to","hours":{"_text":"Tuesdays, 2pm - 4pm (for over 65's)","opening":"Tu 14:00-16:00"},"title":"Windmill Care Centre","url":"https://www.mmcgcarehomes.co.uk"},"type":"Feature"},
		{"geometry":{"coordinates":[-0.65599,51.53116],"type":"Point"},"properties":{"_source":"buckinghamshire_council","address":"Windsor Lane, Burnham, SL1 7HR","contact":"Email: lib-bur@buckinghamshire.gov.uk, Tel: 01296 382415","hours":{"_text":"Tuesday 09:30 - 19:00; Wednesday 09:30 - 17:00; Thursday 09:30 - 17:00; Friday 09:30 - 17:00; Saturday 10:00 - 16:00","opening":"Tu 09:30-19:00; We 09:30-17:00; Th 09:30-17:00; Fr 09:30-17:00; Sa 10:00-16:00"},"title":"Burnham Community Library"},"type":"Feature"},
		{"geometry":{"coordinates":[-0.61252,51.55455],"type":"Point"},"properties":{"_source":"buckinghamshire_council","address":"Victoria Road, Farnham Common, SL2 3NL","contact":"Email: contact.farnhamccl@gmail.com","hours":{"_text":"Tuesday 09:30 - 17:00; Thursday 09:30 - 17:00; Friday 09:30 - 15:00; Saturday 09:30 - 13:00","opening":"Tu 09:30-17:00; Th 09:30-17:00; Fr 09:30-15:00; Sa 09:30-13:00"},"title":"Farnham Common Community Library"},"type":"Feature"},
		{"geometry":{"coordinates":[-0.51999,51.53775],"type":"Point"},"properties":{"_source":"buckinghamshire_council","address":"St Margaret's Close, Iver Heath, SL0 0DA","contact":"Email: lib-ivh@buckinghamshire.gov.uk","hours":{"_text":"Tuesday 09:30 - 13:00; Tuesday 14:00 - 17:00; Thursday 09:30 - 13:00; Thursday 14:00 - 18:00; Saturday 10:00 - 13:00","opening":"Tu 09:30-13:00; Tu 14:00-17:00; Th 09:30-13:00; Th 14:00-18:00; Sa 10:00-13:00"},"title":"Iver Heath Community Library"},"type":"Feature"},
		{"geometry":{"coordinates":[-0.55673,51.60675],"type":"Point"},"properties":{"_source":"buckinghamshire_council","address":"High Street, Chalfont St Peter, SL9 9QA","contact":"Email: enquiries@csp-communitylibrary.co.uk","hours":{"_text":"Tuesday 10:00 - 17:00; Wednesday 10:00 - 17:00; Friday 10:00 - 17:00; Saturday 10:00 - 13:00","opening":"Tu 10:00-17:00; We 10:00-17:00; Fr 10:00-17:00; Sa 10:00-13:00"},"title":"Chalfont St Peter Community Library"},"type":"Feature"},
		{"geometry":{"coordinates":[-0.55179,51.58824],"type":"Point"},"properties":{"_source":"buckinghamshire_council","address":"38 Station Road, Gerrards Cross, SL9 8EL","contact":"Email: lib-gex@buckinghamshire.gov.uk","hours":{"_text":"Tuesday 09:30 - 18:30; Thursday 09:30 - 17:00; Friday 09:30 - 17:00; Saturday 10:00 - 16:00","opening":"Tu 09:30-18:30; Th 09:30-17:00; Fr 09:30-17:00; Sa 10:00-16:00"},"title":"Gerrards Cross Community Library"},"type":"Feature"},
		{"geometry":{"coordinates":[-0.65056,51.61290],"type":"Point"},"properties":{"_source":"buckinghamshire_council","address":"Reynolds Road, Beaconsfield, HP9 2NJ","contact":"Email: lib-bea@buckinghamshire.gov.uk","hours":{"_text":"Tuesday 09:30 - 19:00; Wednesday 09:30 - 13:00; Thursday 09:30 - 17:00; Friday 09:30 - 17:00; Friday 10:00 - 16:00","opening":"Tu 09:30-19:00; We 09:30-13:00; Th 09:30-17:00; Fr 09:30-17:00; Fr 10:00-16:00"},"title":"Beaconsfield Library"},"type":"Feature"},
		{"geometry":{"coordinates":[-0.35510,51.52958],"type":"Point"},"properties":{"_source":"ealing_council","address":"Greenford Library, 23 Oldfield Ln S, Greenford UB6 9LG, UK","contact":"Tel: 020 8825 6506","title":"Greenford Library","url":"https://www.dosomethinggood.org.uk/community-support/greenford-library/"},"type":"Feature"},
		{"geometry":{"coordinates":[-0.35724,51.51801],"type":"Point"},"properties":{"_source":"ealing_council","address":"Emmanuel Church, Fleming Road, Southall UB1 3LP, UK","contact":"Tel: 07900 593554","title":"Emmanuel Church, Southall","url":"https://www.dosomethinggood.org.uk/community-support/emmanuel-church-southall/"},"type":"Feature"},
		{"geometry":{"coordinates":[-0.36578,51.52613],"type":"Point"},"properties":{"_source":"ealing_council","address":"Christ The Redeemer C Of E Church, Allenby Road, Sunnycroft Road, Southall, UK","contact":"Tel: 07545 555677","title":"Voice of Women London Ltd","url":"https://www.dosomethinggood.org.uk/community-support/voice-of-women-london-limted/"},"type":"Feature"},
		{"geometry":{"coordinates":[-0.36453,51.53149],"type":"Point"},"properties":{"_source":"ealing_council","address":"Greenford Baptist Church, Beechwood Avenue, Greenford UB6 9UA","contact":"Tel: 0208 5755034","title":"Greenford Baptist Church","url":"https://www.dosomethinggood.org.uk/community-support/greenford-baptist-church/"},"type":"Feature"},
		{"geometry":{"coordinates":[-0.36925,51.52124],"type":"Point"},"properties":{"_source":"ealing_council","address":"Jubilee Gardens Medical Centre, Jubilee Gardens, Southall UB1 2TJ, UK","contact":"Tel: 020 8825 6515","title":"Jubilee Gardens Library","url":"https://www.dosomethinggood.org.uk/community-support/jubilee-gardens-library/"},"type":"Feature"},
		{"geometry":{"coordinates":[-0.36892,51.54386],"type":"Point"},"properties":{"_source":"ealing_council","address":"St Marys C Of E Church, Northolt, UB5 6AA","contact":"Tel: 0208 841 5691","title":"St Mary with St Richard Memory Cafe","url":"https://www.dosomethinggood.org.uk/community-support/st-mary-with-st-richard-memory-cafe/"},"type":"Feature"},
		{"geometry":{"coordinates":[-0.38331,51.51499],"type":"Point"},"properties":{"_source":"ealing_council","address":"88 Lancaster Road, Southall UB1 1AT, UK","contact":"Tel: 07903 255491","title":"Umeed Wellbeing Hub","url":"https://www.dosomethinggood.org.uk/community-support/umeed-wellbeing-hub/"},"type":"Feature"},
		{"geometry":{"coordinates":[-0.36810,51.54901],"type":"Point"},"properties":{"_source":"ealing_council","address":"Northolt Leisure Centre & Library, Eastcote Ln N, Northolt UB5 4AB, UK","contact":"Tel: 020 8825 6523","title":"Northolt Leisure Centre Library","url":"https://www.dosomethinggood.org.uk/community-support/northolt-leisure-centre-library/"},"type":"Feature"},
		{"geometry":{"coordinates":[-0.38417,51.51288],"type":"Point"},"properties":{"_source":"ealing_council","address":"St George's C of E Church, Southall, Lancaster Road, Southall UB1 1NP, UK","contact":"Tel: 07941 556329","title":"St George's Church, Southall","url":"https://www.dosomethinggood.org.uk/community-support/st-georges-church/"},"type":"Feature"},
		{"geometry":{"coordinates":[-0.38513,51.53969],"type":"Point"},"properties":{"_source":"ealing_council","address":"Northolt Library, Church Road, Northolt, UB5 5AS UK","contact":"Tel: 020 8825 6530","title":"Northolt Library","url":"https://www.dosomethinggood.org.uk/community-support/northolt-library/"},"type":"Feature"},
		{"geometry":{"coordinates":[-0.37942,51.50324],"type":"Point"},"properties":{"_source":"ealing_council","address":"7 Osterley Park Rd, Southall UB2 4BL, UK","contact":"Tel: 07944 564157","title":"Southall Christian Fellowship","url":"https://www.dosomethinggood.org.uk/community-support/southall-christian-fellowship-2/"},"type":"Feature"},
		{"geometry":{"coordinates":[-0.39317,51.53270],"type":"Point"},"properties":{"_source":"ealing_council","address":"Viking Community Centre, Radcliffe Way, Northolt UB5 6HW, UK","contact":"Tel: 0203 3252127","title":"Education and Skills Development Group (ESDEG)","url":"https://www.dosomethinggood.org.uk/community-support/education-and-skills-development-group-esdeg/"},"type":"Feature"},
		{"geometry":{"coordinates":[-0.39315,51.53507],"type":"Point"},"properties":{"_source":"ealing_council","address":"Off Beauvais Terrace, Yeading Ln, Northolt UB5 6JT, UK","contact":"Tel: 020 8842 4766","title":"Saint Joseph the Worker Parish Church, Northolt","url":"https://www.dosomethinggood.org.uk/community-support/saint-joseph-the-worker-parish-church-northolt/"},"type":"Feature"},
		{"geometry":{"coordinates":[-0.36656,51.49512],"type":"Point"},"properties":{"_source":"ealing_council","address":"Parish Church of Saint Mary the Virgin Norwood Green, Tentelow Lane, Southall UB2 4LQ, UK","contact":"Tel: 07828 846415","title":"St Mary's Church, Norwood Green","url":"https://www.dosomethinggood.org.uk/community-support/st-marys-church/"},"type":"Feature"},
		{"geometry":{"coordinates":[-0.38179,51.50245],"type":"Point"},"properties":{"_source":"ealing_council","address":"Southall Library, The Dominion Centre, The Green, Southall UB2 4BQ, UK","contact":"Tel: 020 8825 6540","title":"Southall Library: Dominion Centre and Library","url":"https://www.dosomethinggood.org.uk/community-support/southall-library-dominion-centre-and-library/"},"type":"Feature"},
		{"geometry":{"coordinates":[-0.36706,51.49487],"type":"Point"},"properties":{"_source":"ealing_council","address":"Norwood Hall, Norwood Green Road, Southall UB2 4LA, UK","contact":"Tel: 07800 823729","title":"Mael Gael","url":"https://www.dosomethinggood.org.uk/community-support/mael-gael/"},"type":"Feature"},
		{"geometry":{"coordinates":[-0.38197,51.50103],"type":"Point"},"properties":{"_source":"ealing_council","address":"St John's Parish Centre, Guru Nanak Road, Southall UB2 4NT, UK","contact":"Tel: 020 8571 9877","title":"St John’s Parish Centre, Southall Green","url":"https://www.dosomethinggood.org.uk/community-support/st-johns-parish-centre-southall-green/"},"type":"Feature"},
		{"geometry":{"coordinates":[-0.38477,51.50086],"type":"Point"},"properties":{"_source":"ealing_council","address":"Southall Baptist Church, Western Road, Southall UB2 5DS, UK","contact":"Tel: 07410 694565","title":"Southall Baptist Church","url":"https://www.dosomethinggood.org.uk/community-support/southall-baptist-church/"},"type":"Feature"},
		{"geometry":{"coordinates":[-0.38623,51.50008],"type":"Point"},"properties":{"_source":"ealing_council","address":"Unit 2, Luther House, 30 Montague Waye, Southall UB2 5PA","contact":"Tel: 07825575849","title":"Asian Community Concern","url":"https://www.dosomethinggood.org.uk/community-support/asian-community-concern-2/"},"type":"Feature"},
		{"geometry":{"coordinates":[-0.38849,51.50116],"type":"Point"},"properties":{"_source":"ealing_council","address":"32 Sussex Road, Southall UB2 5EQ, UK","contact":"Tel: 07577 320337","title":"Somali Women’s Empowerment &amp; Organising Services","url":"https://www.dosomethinggood.org.uk/community-support/somali-womens-empowerment-organising-services/"},"type":"Feature"},
		{"geometry":{"coordinates":[-0.37641,51.42475],"type":"Point"},"properties":{"_source":"richmond_upon_thames_council","address":"The Avenue, Hampton, TW12 3RG","description":"Open to all.","hours":{"_text":"<ul><li>Every Wednesday - 12 noon to 2pm (Community lunch)</li><li>First Thursday of the month - 10.30am to 2pm (Community cafe morning coffee)</li><li>Third Thursday of the month - 2.30 to 4pm (Community cafe afternoon tea)</li></ul>","opening":"We 12:00-14:00; Th[1] 10:30-14:00; Th[3] 14:30-16:00"},"title":"All Saints Parish Church"},"type":"Feature"},
		{"geometry":{"coordinates":[-0.35586,51.42650],"type":"Point"},"properties":{"_source":"richmond_upon_thames_council","address":"68 High Street, Hampton Hill, TW12 1NY","description":"Open to all.","hours":{"_text":"<ul><li><a data-anchor=\"?QRY=LOCX:RTHAH\" href=\"https://richmond.spydus.co.uk/cgi-bin/spydus.exe/ENQ/WPAC/LOCENQ?QRY=LOCX:RTHAH\">View opening hours for Hampton Hill Library</a></li></ul>"},"title":"Hampton Hill Library"},"type":"Feature"},
		{"geometry":{"coordinates":[-0.37148,51.41701],"type":"Point"},"properties":{"_source":"richmond_upon_thames_council","address":"The Bungalow, 3 Ashley Road, Hampton, TW12 2JA","description":"Open to all.","hours":{"_text":"<ul><li>Monday to Sunday - 9am to 5pm</li></ul>","opening":"Mo-Su 00:00-09:00"},"title":"Hampton Inspired Hub"},"type":"Feature"},
		{"geometry":{"coordinates":[-0.37029,51.41390],"type":"Point"},"properties":{"_source":"richmond_upon_thames_council","address":"Rosehill, Hampton, TW12 2AB","description":"Open to all.","hours":{"_text":"<ul><li><a data-anchor=\"?QRY=LOCX:RTHA\" href=\"https://richmond.spydus.co.uk/cgi-bin/spydus.exe/ENQ/WPAC/LOCENQ?QRY=LOCX:RTHA\">View opening hours for Hampton Library</a></li></ul>"},"title":"Hampton Library"},"type":"Feature"},
		{"geometry":{"coordinates":[-0.37420,51.41600],"type":"Point"},"properties":{"_source":"richmond_upon_thames_council","address":"Linden Road, Hampton, TW12 2JG","description":"Open to all.","hours":{"_text":"<ul><li>Tuesday - 3 to 5pm</li><li>Friday - 3 to 6pm</li></ul>","opening":"Tu 15:00-17:00; Fr 15:00-18:00"},"title":"Linden Hall Community Centre"},"type":"Feature"},
		{"geometry":{"coordinates":[-0.36137,51.43070],"type":"Point"},"properties":{"_source":"richmond_upon_thames_council","address":"St James&apos;s Road, Hampton Hill, TW12 1DQ","description":"Open to all.","hours":{"_text":"<ul><li>Monday - 12 noon to 3pm</li><li>Tuesday - 10am to 4pm</li><li>Wednesday and Thursday - 1 to 4pm</li></ul>","opening":"We 13:00-16:00; Th 13:00-16:00; Mo 12:00-15:00; Tu 10:00-16:00"},"title":"St James&apos;s Church"},"type":"Feature"},
		{"geometry":{"coordinates":[-0.36484,51.44402],"type":"Point"},"properties":{"_source":"richmond_upon_thames_council","address":"Hospital Bridge Road, Whitton, TW2 6DE","description":"Open to older residents.","hours":{"_text":"<ul><li>Wednesday - 12 noon to 3pm</li></ul>","opening":"We 12:00-15:00"},"title":"Homelink"},"type":"Feature"},
		{"geometry":{"coordinates":[-0.36452,51.44415],"type":"Point"},"properties":{"_source":"richmond_upon_thames_council","address":"Percy Road, Whitton, TW2 6JL","description":"Open to all.","hours":{"_text":"<ul><li>Monday to Thursday - 8am to 9pm</li><li>Friday - 8am to 10pm</li><li>Saturday - 9am to 11pm</li><li>Sunday - 9am to 7pm</li></ul>","opening":"Mo-Th 00:00-08:00; Fr 08:00-22:00; Sa 09:00-23:00; Su 09:00-19:00"},"title":"Whitton Community Centre"},"type":"Feature"},
		{"geometry":{"coordinates":[-0.35914,51.45270],"type":"Point"},"properties":{"_source":"richmond_upon_thames_council","address":"141 Nelson Road, Whitton, TW2 7BB","description":"Open to all.","hours":{"_text":"<ul><li><a data-anchor=\"?QRY=LOCX:RTWH\" href=\"https://richmond.spydus.co.uk/cgi-bin/spydus.exe/ENQ/WPAC/LOCENQ?QRY=LOCX:RTWH\">View opening hours for Whitton Library</a></li></ul>"},"title":"Whitton Library"},"type":"Feature"},
		{"geometry":{"coordinates":[-0.52192,51.42901],"type":"Point"},"properties":{"_source":"surrey_county_council_warm_hubs","address":"Thorpe Rd, Staines-upon-Thames, Staines TW18 3HJ","hours":{"_text":"Thursdays: 09:30 - 11:00 for pre-school plus carers 11:30 - 14:00 for Adults","opening":"Th 09:30-11:00"},"title":"St Paul's Egham Hythe"},"type":"Feature"},
		{"geometry":{"coordinates":[-0.46411,51.43373],"type":"Point"},"properties":{"_source":"surrey_county_council_warm_hubs","address":"Church Rd, Ashford TW15 2XB","hours":{"_text":"Thursday: \t9:30am–5pm, Friday: \t9:30am–5pm, Saturday\t9:30am–5pm, Sunday: \tClosed, Monday: \tClosed, Tuesday: \t9:30am–5pm, Wednesday: \t9:30am–5pm","opening":"Th 09:30-17:00; Fr 09:30-17:00; Sa 09:30-17:00; Tu 09:30-17:00; We 09:30-17:00"},"title":"Ashford Library"},"type":"Feature"},
		{"geometry":{"coordinates":[-0.51117,51.43221],"type":"Point"},"properties":{"_source":"surrey_county_council_warm_hubs","address":"Friends Walk, Staines TW18 4PG","hours":{"_text":"Thursday: \t9:30am–5:30pm, Friday: \t9:30am–5:30pm, Saturday: \t9:30am–5pm, Sunday: \tClosed, Monday: \t9:30am–5:30pm, Tuesday: \t9:30am–7pm, Wednesday: \t9:30am–5:30pm","opening":"Th 09:30-17:30; Fr 09:30-17:30; Sa 09:30-17:00; Mo 09:30-17:30; Tu 09:30-19:00; We 09:30-17:30"},"title":"Staines Library"},"type":"Feature"},
		{"geometry":{"coordinates":[-0.51019,51.43426],"type":"Point"},"properties":{"_source":"surrey_county_council_warm_hubs","address":"91 High St, Staines TW18 4PQ","hours":{"_text":"Tue: 10am to 1pm Thursdays 12:30 - 15:30","opening":"Tu 10:00-13:00; Th 12:30-15:30"},"title":"Talking Tree"},"type":"Feature"},
		{"geometry":{"coordinates":[-0.37927,51.40230],"type":"Point"},"properties":{"_source":"surrey_county_council_warm_hubs","address":"Molesey Centre for the Community, Bishop Fox Way, West Molesey, KT8 2AS","hours":{"_text":"Mon - Fri 9am - 4.30pm","opening":"Mo-Fr 09:00-16:30"},"title":"Molesey Centre for the Community"},"type":"Feature"},
		{"geometry":{"coordinates":[-0.48522,51.42903],"type":"Point"},"properties":{"_source":"surrey_county_council_warm_hubs","address":"The Well, St Martins Court Hall, St Martins Court, Ashford, TW15 3NB","hours":{"_text":"Tuesdays 10:00 - 15:00","opening":"Tu 10:00-15:00"},"title":"Kings Community Church"},"type":"Feature"},
		{"geometry":{"coordinates":[-0.54392,51.43229],"type":"Point"},"properties":{"_source":"surrey_county_council_warm_hubs","address":"St Johns the Baptist Egham Manor Farm Lane TW20 9HR","hours":{"_text":"Wednesdays 11:30am -2:30 pm","opening":"We 11:30-14:30"},"title":"St Johns the Baptist Egham"},"type":"Feature"},
		{"geometry":{"coordinates":[-0.41970,51.42114],"type":"Point"},"properties":{"_source":"surrey_county_council_warm_hubs","address":"205 Vicarage Road, Sunbury-on-Thames, Middlesex, TW16 7TP","hours":{"_text":"Mondays from 10.00-12.00 and on Thursdays from 10.00-13.00","opening":"Mo 10:00-12:00; Th 10:00-13:00"},"title":"St Saviour’s Sunbury Foodbank"},"type":"Feature"}
	]
}
