{
	"type": "FeatureCollection",
	"features": [
		{"geometry":{"coordinates":[-0.91599,52.21510],"type":"Point"},"properties":{"_source":"warm_welcome","address":"10, Overslade Close, Northampton, Northamptonshire NN4 0RZ","description":"There is the potential for seniors to join the Monday lunch club, as well as use the warm space Whilst most attendees will be hosted in the lobby area, those needing to work will have access to another space","hours":{"_text":"Monday: 11:00 - 16:30","opening":"Mo 11:00-16:30"},"title":"Abbey Centre and Abbey Centre Baptist Church"},"type":"Feature"},
		{"geometry":{"coordinates":[-0.87382,52.24890],"type":"Point"},"properties":{"_source":"warm_welcome","address":"Abington Avenue United Reformed Church Abington Avenue , Northampton , Northamptonshire NN1 4QA","description":" Open from 01-11-22. 2 course set meal is available cost £5 booking in advance through church office 01604 604623","hours":{"_text":"Friday: 10:00 - 15:00 / -","opening":"Fr 10:00-15:00"},"title":"Abington Avenue United Reformed Church"},"type":"Feature"},
		{"geometry":{"coordinates":[-0.94097,52.17726],"type":"Point"},"properties":{"_source":"warm_welcome","address":"Chapel Lane, Blisworth , Northamptonshire NN7 3 BU","description":"Community Cafe Tuesdays 10-12, Toddler group Fridays 10-12, Soup & Roll Fridays 12-2","hours":{"_text":"Tuesday: 09:30 - 14:00, Friday: 10:00 - 14:00","opening":"Tu 09:30-14:00; Fr 10:00-14:00"},"title":"Blisworth Baptist Church"},"type":"Feature"},
		{"geometry":{"coordinates":[-0.86781,52.25781],"type":"Point"},"properties":{"_source":"warm_welcome","address":"Broadmead Community Church, Northampton, Northamptonshire NN3 2QY","description":"we also have a charger station to power up your phone","hours":{"_text":"Monday: 18:30 - 20:30, Tuesday: 10:00 - 12:30, Thursday: 10:00 - 12:30, Sunday: 10:00 - 12:00","opening":"Mo 18:30-20:30; Tu 10:00-12:30; Th 10:00-12:30; Su 10:00-12:00"},"title":"Broadmead Community Church"},"type":"Feature"},
		{"geometry":{"coordinates":[-0.90299,52.23778],"type":"Point"},"properties":{"_source":"warm_welcome","address":"Doddridge Street, Northampton , Northamptonshire NN12RN","description":"All are welcome Come and enjoy a time to meet new people, read a book, do a jigsaw or just sit and matter. Free refreshments available and food bank available","hours":{"_text":"Thursday: 10:00 - 12:00","opening":"Th 10:00-12:00"},"title":"Castle Hill URC"},"type":"Feature"},
		{"geometry":{"coordinates":[-0.87126,52.25811],"type":"Point"},"properties":{"_source":"warm_welcome","address":"Park Avenue North, Northampton, Northamptonshire NN3 2HT","description":"Open from 15th November 2022.","hours":{"_text":"Tuesday: 10:00 - 15:00","opening":"Tu 10:00-15:00"},"title":"Northampton Methodist Church @ Park Avenue"},"type":"Feature"},
		{"geometry":{"coordinates":[-0.86939,52.25130],"type":"Point"},"properties":{"_source":"warm_welcome","address":"22 Park Avenue North, Northampton, Northamptonshire NN3 2HS","description":"Open from 14th November.","hours":{"_text":"Monday: 10:00 - 13:00, Wednesday: 10:00 - 14:30","opening":"Mo 10:00-13:00; We 10:00-14:30"},"title":"Parish of St Gregory the Great"},"type":"Feature"},
		{"geometry":{"coordinates":[-0.73990,52.05524],"type":"Point"},"properties":{"_source":"warm_welcome","address":"Milton Keynes Quaker Centre, 1 Oakley Gardens, Downhead Park, Milton Keynes MK15 9BH, Milton Keynes, Buckinghamshire MK15 9BH","description":"We welcome everyone We have board games for adults and children, knitting wool and needles, a place to meet and chat with others or a quiet warm space if you prefer.","hours":{"_text":"Friday: 11:00 - 17:00","opening":"Fr 11:00-17:00"},"title":"Quaker Centre, Downhead Park, Milton Keynes"},"type":"Feature"},
		{"geometry":{"coordinates":[-0.86447,52.25859],"type":"Point"},"properties":{"_source":"warm_welcome","address":"Broadmead Avenue, Northampton, Northamptonshire NN3 2RA","hours":{"_text":"Tuesday: 19:00 - 20:30, Wednesday: 09:00 - 12:00, Friday: 09:00 - 12:00, Sunday: 09:00 - 12:00","opening":"Tu 19:00-20:30; We 09:00-12:00; Fr 09:00-12:00; Su 09:00-12:00"},"title":"Saint Alban the Martyr Church"},"type":"Feature"},
		{"geometry":{"coordinates":[-0.90102,52.23991],"type":"Point"},"properties":{"_source":"warm_welcome","address":"8 Tower Street, Northampton, Northamptonshire NN1 2SN","description":"Open from October . Please use entrance in Althorp Street.","hours":{"_text":"Monday: 10:00 - 13:00","opening":"Mo 10:00-13:00"},"title":"Salvation Army"},"type":"Feature"},
		{"geometry":{"coordinates":[-0.89015,52.26123],"type":"Point"},"properties":{"_source":"warm_welcome","address":"St David's Church, Eastern Avenue South, Northampton NN2 7QB","description":"Open from 22-10-2022. Wednesday - Warm welcome at Renew 88 group (Wellbeing) followed by soup lunch; Saturdays Community Cafe open to all","hours":{"_text":"Wednesday: 10:00 - 13:00, Saturday: 09:00 - 12:00","opening":"We 10:00-13:00; Sa 09:00-12:00"},"title":"St David's Church Hall"},"type":"Feature"},
		{"geometry":{"coordinates":[-0.90634,52.26092],"type":"Point"},"properties":{"_source":"warm_welcome","address":"The Green, Kingsthorpe, Northampton NN2 6QD","description":"Open from 01-11-2022. We are open for all, as a warm space with hot drinks for local community.","hours":{"_text":"Tuesday: 9:00 - 12:00","opening":"Tu 09:00-12:00"},"title":"St John the Baptist Church"},"type":"Feature"},
		{"geometry":{"coordinates":[-0.98513,52.13996],"type":"Point"},"properties":{"_source":"warm_welcome","address":"Tove Valley Centre, Towcester, Northamptonshire NN12 7AH","description":"Open from 04/11/2022. Term time Wednesday Tots 9.30 to 10.45 for anyone looking after pre-school children. Friday afternoons 1pm to 3pm is tea/coffee & cake for older people All welcome for Sunday Morning Services; refreshments served after. School Holidays, 'Breakfast Club' 8.30 to 10.30, food, drinks & activities for families. Check local advertising for which days 'Breakfast Club' is open.","hours":{"_text":"Monday: 09:00 - 11:00, Wednesday: 09:30 - 10:45, Friday: 13:00 - 15:00, Sunday: 10:30 - 12:00","opening":"Mo 09:00-11:00; We 09:30-10:45; Fr 13:00-15:00; Su 10:30-12:00"},"title":"Tove Valley Baptist Fellowship"},"type":"Feature"},
		{"geometry":{"coordinates":[-0.75992,52.06559],"type":"Point"},"properties":{"_source":"warm_spaces","address":"2a Saint Leger Court, Milton Keynes, England, MK14 5HA","hours":{"_text":"Monday &amp; Friday 1pm-4pm, Thursday 10am-4pm","opening":"Mo 13:00-16:00; Fr 13:00-16:00; Th 10:00-16:00"},"title":"Great Linford Community Hub","url":"https://www.great-linford.gov.uk/latest-news/warm-spaces/"},"type":"Feature"},
		{"geometry":{"coordinates":[-0.74198,52.05534],"type":"Point"},"properties":{"_source":"warm_spaces","address":"Stable Yard, Downs Barn, Milton Keynes, England, MK14 7RZ","hours":{"_text":"Wednesday 12:30pm-3:30pm","opening":"We 12:30-15:30"},"title":"Cross &amp; Stable Warm Space","url":"https://www.great-linford.gov.uk/latest-news/warm-spaces/"},"type":"Feature"},
		{"geometry":{"coordinates":[-0.73980,52.05500],"type":"Point"},"properties":{"_source":"warm_spaces","address":"1 Oakley Gardens, Milton Keynes, England, MK15 9BW","hours":{"_text":"Friday 10am-4pm","opening":"Fr 10:00-16:00"},"title":"The Quaker Centre Warm Space","url":"https://www.great-linford.gov.uk/latest-news/warm-spaces/"},"type":"Feature"},
		{"geometry":{"coordinates":[-0.75999,52.07191],"type":"Point"},"properties":{"_source":"warm_spaces","address":"Milton Keynes Art Centre, Parklands, Great Linford, Milton Keynes, England, MK14 5DZ","hours":{"_text":"Wednesday 10am-4pm","opening":"We 10:00-16:00"},"title":"Milton Keynes Art Centre","url":"https://www.great-linford.gov.uk"},"type":"Feature"},
		{"geometry":{"coordinates":[-0.83362,52.11146],"type":"Point"},"properties":{"_source":"warm_spaces","address":"Castlethorpe Road, Milton Keynes, England, MK19","hours":{"_text":"Friday 10.30am-2.30pm (until end of February at least)","opening":"Fr 10:30-14:30"},"title":"Hanslope Community Hall","url":"https://stjameshanslope.org"},"type":"Feature"},
		{"geometry":{"coordinates":[-0.93917,52.17623],"type":"Point"},"properties":{"_source":"warm_spaces","address":"Chapel Lane, Northampton, England, NN7 3BU","hours":{"_text":"Tuesday 10am-2pm, Friday 10am-2pm","opening":"Tu 10:00-14:00; Fr 10:00-14:00"},"title":"Blisworth Baptist Church","url":"https://blisworthbaptistchurch.org"},"type":"Feature"},
		{"geometry":{"coordinates":[-0.83680,52.25873],"type":"Point"},"properties":{"_source":"warm_spaces","address":"Pyramid Close, Northampton, England, NN3 8DP","hours":{"_text":"Thursday 10am-2pm","opening":"Th 10:00-14:00"},"title":"Sacred Heart Church"},"type":"Feature"},
		{"geometry":{"coordinates":[-0.88872,52.26284],"type":"Point"},"properties":{"_source":"warm_spaces","address":"St David&#39;s Church Hall, Eastern Avenue South, Northampton, England, NN2 7QB","hours":{"_text":"Saturdays, 9am-11am","opening":"Sa 09:00-11:00"},"title":"4U Community Cafe at St David's Church, Church Hall","url":"https://www.kingsthorpechurches.co.uk/churches/st-david/our-community-cafe/"},"type":"Feature"},
		{"geometry":{"coordinates":[-0.90748,52.26118],"type":"Point"},"properties":{"_source":"warm_spaces","address":"St John the Baptist C of E Church, 34 The Green, Northampton, England, NN2 6QD","hours":{"_text":"Tuesdays 9am-12pm","opening":"Tu 09:00-12:00"},"title":"St John the Baptist Church, Chapterhouse","url":"https://kingsthorpechurches.co.uk"},"type":"Feature"},
		{"geometry":{"coordinates":[-0.75062,52.26437],"type":"Point"},"properties":{"_source":"north_northamptonshire_council","address":"Broad Street, Earls Barton, NN6 0ND","hours":{"_text":"Monday, Tuesday, Thursday and Friday 2pm to 5pm, Wednesday and Saturday 10am to 1pm","opening":"Mo 14:00-17:00; Tu 14:00-17:00; Th 14:00-17:00; Fr 14:00-17:00; We 10:00-13:00; Sa 10:00-13:00"},"loc_pcd":true,"title":"Earls Barton Library and Community Centre"},"type":"Feature"},
		{"geometry":{"coordinates":[-0.89160,52.23852],"type":"Point"},"properties":{"_source":"west_northamptonshire","address":"Abington Street, Northampton NN1 2BA","contact":"Tel: 0300 126 7000; Email: [email protected]","hours":{"_text":"Open Monday - Friday 9-6 and Saturday 9-5","opening":"Mo-Fr 09:00-06:00; Sa 09:00-05:00"},"loc_pcd":true,"title":"Northamptonshire Central Library"},"type":"Feature"},
		{"geometry":{"coordinates":[-0.94142,52.24294],"type":"Point"},"properties":{"_source":"west_northamptonshire","address":"St Luke’s Community Centre, Northampton NN5 6JB","contact":"Tel: 01604 372744; Email: [email protected]","hours":{"_text":"Open Thursday and Friday 11am - 1pm","opening":"Th 11:00-13:00; Fr 11:00-13:00"},"loc_pcd":true,"title":"Affinity Day Care CIC"},"type":"Feature"},
		{"geometry":{"coordinates":[-0.91686,52.22641],"type":"Point"},"properties":{"_source":"west_northamptonshire","address":"The Springs, Briar Hill, Northampton NN4 8SX","contact":"Tel: 07763 361588; Email: [email protected]","hours":{"_text":"Open Wednesday 12pm - 2pm","opening":"We 12:00-14:00"},"loc_pcd":true,"title":"Community Spaces Northampton, Briar Hill Community Centre"},"type":"Feature"},
		{"geometry":{"coordinates":[-0.88981,52.24278],"type":"Point"},"properties":{"_source":"west_northamptonshire","address":"Overstone Road, Northampton NN1 3JL","contact":"Tel: 01604 824080; Email: [email protected]","hours":{"_text":"Women only - Open 10am - 2pm Monday to Friday","opening":"Mo-Fr 10:00-14:00"},"loc_pcd":true,"title":"C2C Social Action"},"type":"Feature"},
		{"geometry":{"coordinates":[-0.89693,52.23791],"type":"Point"},"properties":{"_source":"west_northamptonshire","address":"Cafe Track, 18 Market Square, Northampton NN1 2DL","contact":"Tel: 07545 354265; Email: [email protected]","hours":{"_text":"Open Monday to Friday 9am to 2pm","opening":"Mo-Fr 09:00-14:00"},"loc_pcd":true,"title":"Cafe Track (TRACK NN CIC)"},"type":"Feature"},
		{"geometry":{"coordinates":[-0.89947,52.23695],"type":"Point"},"properties":{"_source":"west_northamptonshire","address":"62 Gold Street, Northampton NN1 1RS","contact":"Tel: 01604 639545; Email: [email protected]","hours":{"_text":"Open Sunday 10am - 4pm","opening":"Su 10:00-16:00"},"loc_pcd":true,"title":"Community Court Yard"},"type":"Feature"},
		{"geometry":{"coordinates":[-0.91318,52.23815],"type":"Point"},"properties":{"_source":"west_northamptonshire","address":"109 St James&apos; Rd, Northampton NN5 5LD","contact":"Tel: 07938 484658; Email: [email protected]","hours":{"_text":"Community library: Monday 9:30 to 12:30, Wednesday 3pm to 6pm, Friday 12pm to 3pm and Saturday 9:30am to 12:30pm Community wardrobe: Thursday and Saturdays between 10am and 12:30pm","opening":"Th 10:00-12:30; Sa 10:00-12:30; Mo 09:30-12:30; We 15:00-18:00; Fr 12:00-15:00; Sa 09:30-12:30"},"loc_pcd":true,"title":"Doddridge Centre Limited"},"type":"Feature"},
		{"geometry":{"coordinates":[-0.86257,52.25389],"type":"Point"},"properties":{"_source":"west_northamptonshire","address":"Lindsay Avenue, Abington, NN3 2SJ","contact":"Tel: 07771 935073; Email: [email protected]","hours":{"_text":"Open Tuesday 10am - 1pm and 2pm - 5pm","opening":"Tu 10:00-13:00,14:00-17:00"},"loc_pcd":true,"title":"Friends of Abington Library"},"type":"Feature"},
		{"geometry":{"coordinates":[-0.81844,52.26535],"type":"Point"},"properties":{"_source":"west_northamptonshire","address":"Blackthorn Community Centre, Blackthorn Bridge Court, Northampton NN3 8QH","contact":"Tel: 01604 411166; Email: [email protected]","hours":{"_text":""},"loc_pcd":true,"title":"Growing Together"},"type":"Feature"},
		{"geometry":{"coordinates":[-0.91548,52.21507],"type":"Point"},"properties":{"_source":"west_northamptonshire","address":"Overslade Cl, Northampton NN4 0RZ","contact":"Tel: 0300 126 7000; Email: [email protected]","hours":{"_text":"Open Monday - Friday 9am -5pm","opening":"Mo-Fr 09:00-17:00"},"loc_pcd":true,"title":"Hunsbury Library"},"type":"Feature"},
		{"geometry":{"coordinates":[-0.84322,52.26143],"type":"Point"},"properties":{"_source":"west_northamptonshire","address":"Cypress Court, Northampton NN3 3RU","contact":"Tel: 07719 485876; Email: [email protected]","hours":{"_text":""},"loc_pcd":true,"title":"Innergate UK(NXT Leaders)"},"type":"Feature"},
		{"geometry":{"coordinates":[-0.89008,52.26108],"type":"Point"},"properties":{"_source":"west_northamptonshire","address":"Team Office, St David&apos;s Church, Eastern Avenue South, Kingsthorpe, Northampton NN2 7QB","contact":"Tel: 01604 845455; Email: [email protected]","hours":{"_text":""},"loc_pcd":true,"title":"Kingsthorpe Team Ministry - Church of England Churches in Kingsthorpe"},"type":"Feature"},
		{"geometry":{"coordinates":[-0.89726,52.24223],"type":"Point"},"properties":{"_source":"west_northamptonshire","address":"Ash Street, Northampton NN1 3DS","contact":"Tel: 01604 214300; Email: [email protected]","hours":{"_text":"Open Monday to Friday 9am to 3pm","opening":"Mo-Fr 09:00-15:00"},"loc_pcd":true,"title":"Northampton Hope Centre"},"type":"Feature"},
		{"geometry":{"coordinates":[-0.93421,52.23506],"type":"Point"},"properties":{"_source":"west_northamptonshire","address":"Sixfields Stadium, Walter Tull Way, Northampton NN5 5QA","contact":"Tel: 01604 683726; Email: [email protected]","hours":{"_text":"Open Monday 10am - 12pm","opening":"Mo 10:00-12:00"},"loc_pcd":true,"title":"Northampton Town FC Community Trust"},"type":"Feature"},
		{"geometry":{"coordinates":[-0.88623,52.24341],"type":"Point"},"properties":{"_source":"west_northamptonshire","address":"The Swan and Helmet Pub, 65-67 Grove Road, Northampton NN1 3LJ","contact":"Tel: 01604 532121; Email: [email protected]","hours":{"_text":"Open Monday Midday - 4pm, Friday 2pm - 4pm","opening":"Mo 12:00-16:00; Fr 14:00-16:00"},"loc_pcd":true,"title":"The McCarthy-Dixon Foundation"},"type":"Feature"},
		{"geometry":{"coordinates":[-0.89878,52.25090],"type":"Point"},"properties":{"_source":"west_northamptonshire","address":"F5B Barratt House, Kingsthorpe Road, Northampton NN2 6EZ","contact":"Tel: 07783 189911; Email: [email protected]","hours":{"_text":"Open 10am to 5pm Monday to Thursday","opening":"Mo-Th 10:00-17:00"},"loc_pcd":true,"title":"United African Association"},"type":"Feature"},
		{"geometry":{"coordinates":[-0.83546,52.25704],"type":"Point"},"properties":{"_source":"west_northamptonshire","address":"Weston Favell Centre, Northampton NN3 8JZ","contact":"Tel: 0300 126 7000; Email: [email protected]","hours":{"_text":"Open Monday - Friday 9am - 6pm; Saturday 9am - 5pm","opening":"Mo-Fr 09:00-18:00; Sa 09:00-17:00"},"loc_pcd":true,"title":"Weston Favell Library"},"type":"Feature"},
		{"geometry":{"coordinates":[-0.88207,52.20162],"type":"Point"},"properties":{"_source":"west_northamptonshire","address":"Wootton Community Centre, Curtlee Hill, Wootton, Northampton NN4 6ED","contact":"Tel: 01604 361422; Email: [email protected]","hours":{"_text":"Open Monday to Friday 10am - 4pm Saturday 10 am - 1pm","opening":"Mo-Fr 10:00-16:00; Sa 10:00-13:00"},"loc_pcd":true,"title":"Wootton Community Library"},"type":"Feature"},
		{"geometry":{"coordinates":[-0.86741,52.25785],"type":"Point"},"properties":{"_source":"west_northamptonshire","address":"Broadmead Ave, Northampton NN3 2QY","contact":"Tel: 01604 721144; Email: [email protected]","hours":{"_text":"Open Tuesday and Thursday 10am - 12:30pm","opening":"Tu 10:00-12:30; Th 10:00-12:30"},"loc_pcd":true,"title":"Broadmead Community Church"},"type":"Feature"},
		{"geometry":{"coordinates":[-0.94131,52.25054],"type":"Point"},"properties":{"_source":"west_northamptonshire","address":"Pendle Rd, Northampton NN5 6DT","contact":"Tel: 0300 126 7000; Email: [email protected]","hours":{"_text":"Open Monday to Friday 9am - 5pm, Saturday 10am - 2pm","opening":"Mo-Fr 09:00-17:00; Sa 10:00-14:00"},"loc_pcd":true,"title":"Duston Library"},"type":"Feature"},
		{"geometry":{"coordinates":[-0.90126,52.23997],"type":"Point"},"properties":{"_source":"west_northamptonshire","address":"8 Tower Street, Northampton NN1 2SN","contact":"Tel: 07888 732071; Email: [email protected]","hours":{"_text":"Open Monday 10am - 1pm","opening":"Mo 10:00-13:00"},"loc_pcd":true,"title":"Northampton Salvation Army"},"type":"Feature"},
		{"geometry":{"coordinates":[-0.88146,52.26391],"type":"Point"},"properties":{"_source":"west_northamptonshire","address":"Fulford Drive Links View NN2 7NX","contact":"Tel: N/A; Email: [email protected]","hours":{"_text":"Open Monday, Tuesday and Thursday 10:30am to 2:00pm Wednesday, Saturday and Sunday 9:30am to 11:30am Friday 2pm to 3pm","opening":"Mo 10:30-14:00; Tu 10:30-14:00; Th 10:30-14:00; We 09:30-11:30; Sa 09:30-11:30; Su 09:30-11:30; Fr 14:00-15:00"},"loc_pcd":true,"title":"Bradlaugh Barn Cafe"},"type":"Feature"},
		{"geometry":{"coordinates":[-0.91744,52.24891],"type":"Point"},"properties":{"_source":"west_northamptonshire","address":"9 Cardigan Close, Dallington NN5 7DH","contact":"Tel: 01604 837836; Email: [email protected]","hours":{"_text":"Open Tuesday 9am - 4pm","opening":"Tu 09:00-16:00"},"loc_pcd":true,"title":"NPH Cardigan Close Community Hub"},"type":"Feature"},
		{"geometry":{"coordinates":[-0.85336,52.25664],"type":"Point"},"properties":{"_source":"west_northamptonshire","address":"Cherry Orchard, Weston Favell, Northampton, NN3 2TH","contact":"Tel: 01604 837836; Email: [email protected]","hours":{"_text":"Open Monday to Friday 1pm - 4pm","opening":"Mo-Fr 13:00-16:00"},"loc_pcd":true,"title":"NPH James Lewis Court Community Hub"},"type":"Feature"},
		{"geometry":{"coordinates":[-0.87374,52.24878],"type":"Point"},"properties":{"_source":"west_northamptonshire","address":"Abington Avenue, Northampton, NN1 4QA","contact":"Tel: 01604 604623; Email: [email protected]","hours":{"_text":"Open Friday 10am - 3pm","opening":"Fr 10:00-15:00"},"loc_pcd":true,"title":"Abington Avenue United Reformed Church"},"type":"Feature"},
		{"geometry":{"coordinates":[-0.86890,52.25051],"type":"Point"},"properties":{"_source":"west_northamptonshire","address":"Park Avenue North Northampton NN3 2HS","contact":"Tel: 01604 713015; Email: [email protected]","hours":{"_text":"Open Monday 10am to 1pm Wednesday 10am to 2:30pm","opening":"Mo 10:00-13:00; We 10:00-14:30"},"loc_pcd":true,"title":"Parish of St Gregory the Great"},"type":"Feature"},
		{"geometry":{"coordinates":[-0.89118,52.22956],"type":"Point"},"properties":{"_source":"west_northamptonshire","address":"Sunley Hotel, Waterside Campus, New South Bridge Road, NN4 8RR","contact":"Tel: 01604 892020; Email: [email protected]","hours":{"_text":"Open 24 hours a day with some restrictions over the Christmas period"},"loc_pcd":true,"title":"University of Northampton"},"type":"Feature"},
		{"geometry":{"coordinates":[-0.89608,52.24561],"type":"Point"},"properties":{"_source":"west_northamptonshire","address":"Community Room, Leicester Street, NN1 3RS","contact":"Tel: 07401 292728; Email: [email protected]","hours":{"_text":"Wednesday 10am - 1pm Sunday 2pm - 5pm","opening":"We 10:00-13:00; Su 14:00-17:00"},"loc_pcd":true,"title":"Albanian Cultural Association"},"type":"Feature"},
		{"geometry":{"coordinates":[-0.89630,52.23677],"type":"Point"},"properties":{"_source":"west_northamptonshire","address":"George Row Northampton NN1 1DF","contact":"Tel: 01604 632845; Email: [email protected]","hours":{"_text":"Commonly 8:45am - 4pm, or longer"},"loc_pcd":true,"title":"All Saints&apos; Church"},"type":"Feature"},
		{"geometry":{"coordinates":[-0.86978,52.25113],"type":"Point"},"properties":{"_source":"west_northamptonshire","address":"Park Avenue North Northampton NN3 2HT","contact":"Tel: 01604 720624; Email: [email protected]","hours":{"_text":""},"loc_pcd":true,"title":"Northampton Methodist Church"},"type":"Feature"},
		{"geometry":{"coordinates":[-0.86410,52.25886],"type":"Point"},"properties":{"_source":"west_northamptonshire","address":"Broadmead Avenue Northampton NN3 2RA","contact":"Tel: 07510 218554; Email: [email protected]","hours":{"_text":"Wednesdays 10am - 12 noon Fridays 9 - 12 noon","opening":"We 10:00-12:00; Fr 09:00-12:00"},"loc_pcd":true,"title":"St Albans Church,"},"type":"Feature"},
		{"geometry":{"coordinates":[-0.91548,52.21507],"type":"Point"},"properties":{"_source":"west_northamptonshire","address":"Overslade Close, East Hunsbury NN4 0RZ","contact":"Tel: 01604 767568; Email: [email protected]","hours":{"_text":"Monday 11 am to 4pm","opening":"Mo 11:00-16:00"},"loc_pcd":true,"title":"Abbey Centre"},"type":"Feature"},
		{"geometry":{"coordinates":[-0.89185,52.24315],"type":"Point"},"properties":{"_source":"west_northamptonshire","address":"Charles St, Northampton NN1 3BG","contact":"Tel: 01604 636254; Email: [email protected]","hours":{"_text":"Tuesday: 7pm - 11:30pm Thursday: 5pm - 11:30pm Friday: 5pm - midnight Saturday: 5pm - midnight Sunday: noon - 11pm","opening":"Tu 19:00-23:30; Th 17:00-23:30; Su 12:00-23:00"},"loc_pcd":true,"title":"The Lab"},"type":"Feature"},
		{"geometry":{"coordinates":[-0.91548,52.21507],"type":"Point"},"properties":{"_source":"west_northamptonshire","address":"Overslade Close East Hunsbury NN4 0RZ","contact":"Tel: 01604 708429; Email: [email protected]","hours":{"_text":"Wednesday 11am - 4:30pm","opening":"We 11:00-16:30"},"loc_pcd":true,"title":"East Hunsbury Parish Council"},"type":"Feature"},
		{"geometry":{"coordinates":[-0.91548,52.21507],"type":"Point"},"properties":{"_source":"west_northamptonshire","address":"Overslade Close East Hunsbury NN4 0RZ","contact":"Tel: 01604 767568; Email: [email protected]","hours":{"_text":"Monday 11am - 4pm","opening":"Mo 11:00-16:00"},"loc_pcd":true,"title":"The Abbey Centre"},"type":"Feature"},
		{"geometry":{"coordinates":[-0.95346,52.26036],"type":"Point"},"properties":{"_source":"west_northamptonshire","address":"Harlestone Road Duston NN5 6NU","contact":"Tel: 01604 757961 07721 376937; Email: [email protected]","hours":{"_text":"Open Monday - Friday 12 noon to 5pm","opening":"Mo-Fr 12:00-17:00"},"loc_pcd":true,"title":"The Hart"},"type":"Feature"},
		{"geometry":{"coordinates":[-0.88947,52.22517],"type":"Point"},"properties":{"_source":"west_northamptonshire","address":"Delapre Abbey, London Road, Northampton, NN4 8AW","contact":"Tel: 01604 974422; Email: [email protected]","hours":{"_text":"Open Mondays 9am - 5:30pm","opening":"Mo 09:00-17:30"},"loc_pcd":true,"title":"Delapre Abbey Preservation Trust"},"type":"Feature"},
		{"geometry":{"coordinates":[-0.83823,52.25830],"type":"Point"},"properties":{"_source":"west_northamptonshire","address":"Pyramid Close, Weston Favell, Northampton NN3 8DP","contact":"Tel: 07504 465707; Email: [email protected]","hours":{"_text":"Every Thursday morning, 10am to 2pm","opening":"Th 10:00-14:00"},"loc_pcd":true,"title":"St. Vincent DePaul Weston Favell conference"},"type":"Feature"},
		{"geometry":{"coordinates":[-0.89843,52.26730],"type":"Point"},"properties":{"_source":"west_northamptonshire","address":"Reynard Way, Kingsthorpe NN2 7SS","contact":"Tel: 07477 877213; Email: [email protected]","hours":{"_text":"Monday, 10:30am - 12:30pm (craft and chat session)","opening":"Mo 10:30-12:30"},"loc_pcd":true,"title":"Reynard Way Evangelical Church"},"type":"Feature"},
		{"geometry":{"coordinates":[-1.00207,52.21210],"type":"Point"},"properties":{"_source":"west_northamptonshire","address":"Smitherway, Bugbrooke NN7 3PT","contact":"Tel: 07901 775639; Email: [email protected]","hours":{"_text":""},"loc_pcd":true,"title":"Bugbrooke Parish Council"},"type":"Feature"},
		{"geometry":{"coordinates":[-0.98923,52.13235],"type":"Point"},"properties":{"_source":"west_northamptonshire","address":"169 Watling St, Towcester NN12 6BX","contact":"Tel: 07761 041203; Email: [email protected]169.org.uk","hours":{"_text":"Open Monday to Wednesday 10am to 3pm","opening":"Mo-We 10:00-15:00"},"loc_pcd":true,"title":"renew169 Wellbeing Cafe"},"type":"Feature"},
		{"geometry":{"coordinates":[-0.89460,52.15847],"type":"Point"},"properties":{"_source":"west_northamptonshire","address":"High Street, Roade NN7 2NW","contact":"Tel: 07891 765663; Email: [email protected]","hours":{"_text":"Open Wednesday 10am to 4pm Thursday 2pm to 6pm Friday 2pm to 6pm Saturday 11am to 1pm","opening":"We 10:00-16:00; Th 14:00-18:00; Fr 14:00-18:00; Sa 11:00-13:00"},"loc_pcd":true,"title":"Roade Community Library"},"type":"Feature"},
		{"geometry":{"coordinates":[-0.77457,52.21365],"type":"Point"},"properties":{"_source":"west_northamptonshire","address":"Bedford Road, Denton NN7 1DG","contact":"Tel: 01604 696575; Email: [email protected]","hours":{"_text":"Open Thursday afternoon and Friday morning"},"loc_pcd":true,"title":"The Church of St Margaret of Antioch"},"type":"Feature"},
		{"geometry":{"coordinates":[-0.89149,52.09635],"type":"Point"},"properties":{"_source":"west_northamptonshire","address":"High Street, Yardley Gobion NN12 7TH","contact":"Tel: 07769 335220 / 01908 976737; Email: [email protected]","hours":{"_text":"Open Monday to Sunday 10 am to 3pm","opening":"Mo-Su 10:00-15:00"},"loc_pcd":true,"title":"The Coffee Pot Tavern"},"type":"Feature"},
		{"geometry":{"coordinates":[-0.98008,52.16110],"type":"Point"},"properties":{"_source":"west_northamptonshire","address":"High Street North, Tiffield NN12 8AD","contact":"Tel: 07738 420183; Email: [email protected]","hours":{"_text":"Open Monday to Thursday 12pm - 11pm Friday and Saturday 12pm - 12am Sunday 12pm - 8pm","opening":"Mo-Th 12:00-23:00; Fr 12:00-12:00; Sa 12:00-12:00; Su 12:00-20:00"},"loc_pcd":true,"title":"The George at Tiffield"},"type":"Feature"},
		{"geometry":{"coordinates":[-1.02258,52.14372],"type":"Point"},"properties":{"_source":"west_northamptonshire","address":"St Bartholomew&apos;s Church, Towcester Road, Greens Norton NN12 8BL","contact":"Tel: 01327 350459; Email: [email protected]","hours":{"_text":""},"loc_pcd":true,"title":"Tove Benefice Group"},"type":"Feature"},
		{"geometry":{"coordinates":[-0.98480,52.14091],"type":"Point"},"properties":{"_source":"west_northamptonshire","address":"Tove Valley Centre, Northampton Road, Towcester, NN12 7AH","contact":"Tel: 01327 204801; Email: [email protected]","hours":{"_text":"Open Monday 9am - 11am Wednesday 9:30am - 10:45am (for carers and pre-school children) Friday 1pm - 3pm (for older residents) Friday 8:30am - 10:30am (for families with under 18&apos;s)","opening":"Mo 09:00-11:00; We 09:30-10:45; Fr 13:00-15:00; Fr 08:30-10:30"},"loc_pcd":true,"title":"Tove Valley Baptist Fellowship"},"type":"Feature"},
		{"geometry":{"coordinates":[-0.98882,52.13303],"type":"Point"},"properties":{"_source":"west_northamptonshire","address":"The Forum, Moat Lane, Towcester NN12 6AD","contact":"Tel: 0300 126 7000; Email: [email protected]","hours":{"_text":"Open Monday to Friday 9am - 6pm","opening":"Mo-Fr 09:00-18:00"},"loc_pcd":true,"title":"Towcester Library"},"type":"Feature"},
		{"geometry":{"coordinates":[-0.88178,52.09392],"type":"Point"},"properties":{"_source":"west_northamptonshire","address":"Chestnut Road, Yardley Gobion, NN12 7TW","contact":"Tel: 01908 542632; Email: [email protected]","hours":{"_text":""},"loc_pcd":true,"title":"Yardley Gobion Village Hall"},"type":"Feature"},
		{"geometry":{"coordinates":[-0.89943,52.15797],"type":"Point"},"properties":{"_source":"west_northamptonshire","address":"Cripps House, The Ridings, Roade NN7 2NH","contact":"Tel: ; Email:","hours":{"_text":""},"loc_pcd":true,"title":"Grand Union Housing Group"},"type":"Feature"},
		{"geometry":{"coordinates":[-0.89348,52.05425],"type":"Point"},"properties":{"_source":"west_northamptonshire","address":"Haven Court, Ridgemont Close, Deanshanger MK19 6JZ","contact":"Tel: ; Email:","hours":{"_text":""},"loc_pcd":true,"title":"Grand Union Housing Group"},"type":"Feature"},
		{"geometry":{"coordinates":[-1.02688,52.14215],"type":"Point"},"properties":{"_source":"west_northamptonshire","address":"Norton Court, Home Close, Greens Norton NN12 8AY","contact":"Tel: ; Email:","hours":{"_text":""},"loc_pcd":true,"title":"Grand Union Housing Group"},"type":"Feature"},
		{"geometry":{"coordinates":[-0.98556,52.24295],"type":"Point"},"properties":{"_source":"west_northamptonshire","address":"Manning Watts House, Garners Way, Harpole NN7 4DN","contact":"Tel: ; Email:","hours":{"_text":""},"loc_pcd":true,"title":"Grand Union Housing Group"},"type":"Feature"},
		{"geometry":{"coordinates":[-0.92268,52.19484],"type":"Point"},"properties":{"_source":"west_northamptonshire","address":"Raynsford House, Stockwell Way, Milton Malsor NN7 3AL","contact":"Tel: ; Email:","hours":{"_text":""},"loc_pcd":true,"title":"Grand Union Housing Group"},"type":"Feature"},
		{"geometry":{"coordinates":[-0.98949,52.12833],"type":"Point"},"properties":{"_source":"west_northamptonshire","address":"Meadow Court, Water Lane, Towcester NN12 6EP","contact":"Tel: 0300 123 5544; Email:","hours":{"_text":""},"loc_pcd":true,"title":"Grand Union Housing Group"},"type":"Feature"},
		{"geometry":{"coordinates":[-0.94106,52.17585],"type":"Point"},"properties":{"_source":"west_northamptonshire","address":"Pond Bank Blisworth NN7 3EL","contact":"Tel: 07983 233501 01604 857602; Email: [email protected]","hours":{"_text":"Mondays 10am - 1pm","opening":"Mo 10:00-13:00"},"loc_pcd":true,"title":"Blisworth Parish Council"},"type":"Feature"},
		{"geometry":{"coordinates":[-0.93889,52.17621],"type":"Point"},"properties":{"_source":"west_northamptonshire","address":"Blisworth Baptist Church, Chapel Lane, Blisworth NN7 3BU","contact":"Tel: 07764 461671; Email: [email protected]","hours":{"_text":"Tuesday, 10am to 2pm and Friday, 10am to 4pm, November 2022 to 31 March 2023","opening":"Tu 10:00-14:00; Fr 10:00-16:00"},"loc_pcd":true,"title":"Blisworth Baptist Church"},"type":"Feature"},
		{"geometry":{"coordinates":[-0.88178,52.09392],"type":"Point"},"properties":{"_source":"west_northamptonshire","address":"Chestnut Road, Yardley Gobion, NN12 7TW","contact":"Tel: 07887 764255; Email: [email protected]","hours":{"_text":"Friday, midday to 3pm","opening":"Fr 12:00-15:00"},"loc_pcd":true,"title":"Yardley Gobion Chapel Cuppa and Company"},"type":"Feature"}
	]
}
