{
	"type": "FeatureCollection",
	"features": [
		{"geometry":{"coordinates":[-0.99988,50.87424],"type":"Point"},"properties":{"_source":"warm_welcome","address":"Malmesbury Lawn Care and Wellbeing Centre , Havant , Hampshire PO9 4JY","description":"Open from 14/11/23. People aged 50+ Winter Warmer Clubs are available to all those over 50 in need of a warm space with access to a Hot Meal, social interaction and support.","hours":{"_text":"Monday: 09:00 - 16:00, Tuesday: 09:00 - 16:00, Wednesday: 09:00 - 16:00, Thursday: 09:00 - 16:00, Friday: 09:00 - 16:00","opening":"Mo 09:00-16:00; Tu 09:00-16:00; We 09:00-16:00; Th 09:00-16:00; Fr 09:00-16:00"},"title":"Age Concern Hampshire"},"type":"Feature"},
		{"geometry":{"coordinates":[-0.99988,50.87424],"type":"Point"},"properties":{"_source":"warm_welcome","address":"Malmesbury Lawn Care and Wellbeing Centre, Havant , Hampshire PO9 4JY","hours":{"_text":"Monday: 09:00 - 16:00, Wednesday: 09:00 - 16:00, Friday: 09:00 - 16:00","opening":"Mo 09:00-16:00; We 09:00-16:00; Fr 09:00-16:00"},"title":"Age Concern Hampshire"},"type":"Feature"},
		{"geometry":{"coordinates":[-0.76877,50.83622],"type":"Point"},"properties":{"_source":"warm_welcome","address":"104 The Hornet, Chichester, Wet Sussex PO19 7JR","description":"Our space is an open access youth drop-in available to any local young person aged 11-17","hours":{"_text":"Monday: 3:30 - 5:30, Tuesday: 3:30 - 5:30, Wednesday: 3:30 - 5:30, Thursday: 3:30 - 5:30, Friday: 3:30 - 5:30","opening":"Mo 03:30-05:30; Tu 03:30-05:30; We 03:30-05:30; Th 03:30-05:30; Fr 03:30-05:30"},"title":"Bell Tower Youth Drop-In"},"type":"Feature"},
		{"geometry":{"coordinates":[-0.78839,50.84381],"type":"Point"},"properties":{"_source":"warm_welcome","address":"124 Sherborne Road, Chichester PO19 3AW","description":"Open from 19-11-22. These evenings will be open to all ages across the family. we are hosting a fortnightly warm space family film and food evening which is free for everyone in our neighbourhood.","hours":{"_text":"Friday: 17:00 - 19:30 / - Monthly, Saturday: 17:00 - 19:30 / - Monthly","opening":"Fr 17:00-19:30; Sa 17:00-19:30"},"title":"Chichester Baptist Church"},"type":"Feature"},
		{"geometry":{"coordinates":[-0.78072,50.83613],"type":"Point"},"properties":{"_source":"warm_welcome","address":"Chichester Cathedral, Chichester, England PO19 1PX","description":"Day Chaplains are available. Join us for Warm Space pop-ups: Tuesday Lunchtime concert, 13:00- 14:20. (Please see Cathedral website for dates) First Saturday of the month: Friends Coffee Morning: 10-11:30am","hours":{"_text":"Monday: 9:00 - 17:00, Tuesday: 9:00 - 17:00, Wednesday: 9:00 - 17:00, Thursday: 9:00 - 17:00, Friday: 9:00 - 17:00, Saturday: 9:00 - 17:00, Sunday: 12:00 - 14:00","opening":"Mo 09:00-17:00; Tu 09:00-17:00; We 09:00-17:00; Th 09:00-17:00; Fr 09:00-17:00; Sa 09:00-17:00; Su 12:00-14:00"},"title":"Chichester Cathedral"},"type":"Feature"},
		{"geometry":{"coordinates":[-0.77905,50.84260],"type":"Point"},"properties":{"_source":"warm_welcome","address":"Chichester Festival Theatre, Oaklands Park, Chichester PO19 6AP","description":"CFT is very happy to be offering our foyer as a Warm Space. Open from 10am Monday – Saturday until the end of the performance, if of","hours":{"_text":"Monday: 10:00 - 22:00, Tuesday: 10:00 - 22:00, Wednesday: 10:00 - 22:00, Thursday: 10:00 - 22:00, Friday: 10:00 - 22:00, Saturday: 09:00 - 22:00","opening":"Mo 10:00-22:00; Tu 10:00-22:00; We 10:00-22:00; Th 10:00-22:00; Fr 10:00-22:00; Sa 09:00-22:00"},"title":"Chichester Festival Theatre"},"type":"Feature"},
		{"geometry":{"coordinates":[-0.78153,50.83795],"type":"Point"},"properties":{"_source":"warm_welcome","address":"Tower Street, Chichester, West Sussex PO19 1QJ","hours":{"_text":"Monday: 09:00 - 18:00, Tuesday: 09:00 - 18:00, Wednesday: 09:00 - 18:00, Thursday: 09:00 - 18:00, Friday: 09:00 - 18:00, Saturday: 09:00 - 17:00","opening":"Mo 09:00-18:00; Tu 09:00-18:00; We 09:00-18:00; Th 09:00-18:00; Fr 09:00-18:00; Sa 09:00-17:00"},"title":"Chichester Library"},"type":"Feature"},
		{"geometry":{"coordinates":[-1.02894,50.86031],"type":"Point"},"properties":{"_source":"warm_welcome","address":"Crookhorn Lane, Widley, Waterlooville PO7 5QB","description":"Open from 01:03:2022. A warm hub accessible to all, our Bus Stop Cafe is open for tea/coffee, hot or cold breakfast and cake. Payment is by donation so pay what you can afford. We offer warmth & a friendly chat.","hours":{"_text":"Monday: 07:30 - 11:30, Tuesday: 07:30 - 11:30 / 14:30 - 16:00, Wednesday: 07:30 - 11:30, Thursday: 07:30 - 11:30 / 14:30 - 16:00, Friday: 07:30 - 11:30","opening":"Mo 07:30-11:30; Tu 07:30-11:30,14:30-16:00; We 07:30-11:30; Th 07:30-11:30,14:30-16:00; Fr 07:30-11:30"},"title":"Church of the Good Shepherd Crookhorn"},"type":"Feature"},
		{"geometry":{"coordinates":[-0.98662,50.86688],"type":"Point"},"properties":{"_source":"warm_welcome","address":"Leigh Park Community Centre, Dunsbury way, Portsmouth, Hampshire po9 5bg","description":"Open from 07/11/22. We have a children's play area, hot food & beverages, books, board games, Classes and more","hours":{"_text":"Monday: 09:30 - 14:30, Tuesday: 09:30 - 14:30, Wednesday: 09:30 - 14:30, Thursday: 09:30 - 14:30","opening":"Mo 09:30-14:30; Tu 09:30-14:30; We 09:30-14:30; Th 09:30-14:30"},"title":"Communities First Wessex"},"type":"Feature"},
		{"geometry":{"coordinates":[-1.02019,50.89554],"type":"Point"},"properties":{"_source":"warm_welcome","address":"Durley Avenue, Cowplain, Waterlooville PO8 8XA","description":"Open from 21-11-2022. People of any age are welcome! Come either on your own or with a group and make use of our heating and hot drinks. The TV will be on, there are desks for people to work at, and toys for little ones. We look forward to seeing you.","hours":{"_text":"Monday: 10:00 - 16:00, Friday: 10:00 - 16:00","opening":"Mo 10:00-16:00; Fr 10:00-16:00"},"title":"Cowplain Evangelical Church"},"type":"Feature"},
		{"geometry":{"coordinates":[-0.98163,50.85364],"type":"Point"},"properties":{"_source":"warm_welcome","address":"35, Market Parade, Havant, Havant ,Hants PO9 1PY","description":"Open from 16-12-22. We might be doing arts and crafts or having a chat but we have opened our Community hub for people to have a bowl of soup and to get warm. We are a day service for adults with learning disabilities, we can offer a mug of soup and a hot drink, a chat and a warm safe space.","hours":{"_text":"Thursday: 10:30 - 12:30","opening":"Th 10:30-12:30"},"title":"Creating Chaos"},"type":"Feature"},
		{"geometry":{"coordinates":[-0.71134,50.85329],"type":"Point"},"properties":{"_source":"warm_welcome","address":"Sage House, 110-130 City Fields Business Park, Tangmere, West Sussex PO20 2FP","description":"Our focus is on people living with Dementia and their families and carers, our warm space and cafe is open to all . Sage House is a Community Hub and Cafe providing support for people living with Dementia and their carers, our warm space and cafe is open to anyone in the local community to access, we have a pay it forward scheme and offers on food and drinks.","hours":{"_text":"Monday: 9:00 - 16:30, Tuesday: 9:00 - 16:30, Wednesday: 9:00 - 16:30, Thursday: 9:00 - 16:30, Friday: 9:30 - 16:30","opening":"Mo 09:00-16:30; Tu 09:00-16:30; We 09:00-16:30; Th 09:00-16:30; Fr 09:30-16:30"},"title":"Dementia Support"},"type":"Feature"},
		{"geometry":{"coordinates":[-0.93776,50.84959],"type":"Point"},"properties":{"_source":"warm_welcome","address":"North Street, Emsworth, Hampshire PO10 7BY","description":"Open from 14-11-2022. All welcome. Come and enjoy a warm welcome with tea, coffee and biscuits and areas set aside for games and puzzles, quiet reading and craft activities.","hours":{"_text":"Monday: 13:00 - 16:00, Tuesday: 13:00 - 16:00, Friday: 13:00 - 16:00","opening":"Mo 13:00-16:00; Tu 13:00-16:00; Fr 13:00-16:00"},"title":"Emsworth Baptist Church"},"type":"Feature"},
		{"geometry":{"coordinates":[-0.93733,50.84789],"type":"Point"},"properties":{"_source":"warm_welcome","address":"Emsworth Library, Emsworth Community Centre, North Street, Emsworth PO10 7DD","hours":{"_text":"Tuesday: 09:30 - 17:00 / -, Thursday: 09:30 - 17:00 / -, Friday: 09:30 - 17:00 / -, Saturday: 09:30 - 13:30 / -","opening":"Tu 09:30-17:00; Th 09:30-17:00; Fr 09:30-17:00; Sa 09:30-13:30"},"title":"Emsworth Library- Hampshire Libraries"},"type":"Feature"},
		{"geometry":{"coordinates":[-0.93664,50.84637],"type":"Point"},"properties":{"_source":"warm_welcome","address":"19 High Street, Emsworth, South East PO10 7AQ","hours":{"_text":"Monday: 10:00 - 13:00, Tuesday: 10:00 - 13:00, Wednesday: 10:00 - 13:00, Thursday: 10:00 - 13:00, Friday: 10:00 - 13:00","opening":"Mo 10:00-13:00; Tu 10:00-13:00; We 10:00-13:00; Th 10:00-13:00; Fr 10:00-13:00"},"title":"Emsworth Methodist Church and Pastoral Centre"},"type":"Feature"},
		{"geometry":{"coordinates":[-0.79217,50.83198],"type":"Point"},"properties":{"_source":"warm_welcome","address":"Grace Centre, Terminus Road, Chichester PO19 8TX","description":"Drop in for tea, coffee & refreshments, board games and friendship. Parking is available to the rear of the building via Leigh Road. From the front of the building, follow pedestrian signs to walk to entrance at rear of building.","hours":{"_text":"Tuesday: 10:00 - 12:30","opening":"Tu 10:00-12:30"},"title":"Grace Church, Chichester"},"type":"Feature"},
		{"geometry":{"coordinates":[-1.03024,50.85866],"type":"Point"},"properties":{"_source":"warm_welcome","address":"Growing Places, Waterlooville, Hampshire PO77DB","description":"Open from Saturday 12th November 22.","hours":{"_text":"Saturday: 10:00 - 12:00","opening":"Sa 10:00-12:00"},"title":"Growing Places"},"type":"Feature"},
		{"geometry":{"coordinates":[-0.98246,50.85252],"type":"Point"},"properties":{"_source":"warm_welcome","address":"Havant Library, Havant Meridian Centre, Havant PO9 1UN","hours":{"_text":"Monday: 09:30 - 17:00, Tuesday: 09:30 - 17:00, Thursday: 09:30 - 13:30, Friday: 09:30 - 17:00, Saturday: 09:30 - 17:00","opening":"Mo 09:30-17:00; Tu 09:30-17:00; Th 09:30-13:30; Fr 09:30-17:00; Sa 09:30-17:00"},"title":"Havant Library- Hampshire Libraries"},"type":"Feature"},
		{"geometry":{"coordinates":[-0.98289,50.85770],"type":"Point"},"properties":{"_source":"warm_welcome","address":"Leisure Centre, Civic Centre Rd, Havant, Havant PO9 2AY","hours":{"_text":"Monday: 06:30 - 22:00, Tuesday: 06:30 - 22:00, Wednesday: 06:30 - 22:00, Thursday: 06:30 - 22:00, Friday: 06:30 - 22:00, Saturday: 07:30 - 22:00, Sunday: 07:30 - 22:00","opening":"Mo 06:30-22:00; Tu 06:30-22:00; We 06:30-22:00; Th 06:30-22:00; Fr 06:30-22:00; Sa 07:30-22:00; Su 07:30-22:00"},"title":"Horizon"},"type":"Feature"},
		{"geometry":{"coordinates":[-1.00533,50.91116],"type":"Point"},"properties":{"_source":"warm_welcome","address":"Merchistoun Hall, 106 Portsmouth Road, Horndean, Hampshire PO89LJ","description":"We cater for all ages Our Community Library offers a warm welcome to our community with seating, and a children's reading and activity corner. Teas / Coffees & biscuits are available at a £1.00 donation per drink","hours":{"_text":"Monday: 10:00 - 16:00, Tuesday: 10:00 - 16:00, Wednesday: 10:00 - 17:00, Thursday: 10:00 - 12:00, Friday: 10:00 - 12:00","opening":"Mo 10:00-16:00; Tu 10:00-16:00; We 10:00-17:00; Th 10:00-12:00; Fr 10:00-12:00"},"title":"Horndean Community Association"},"type":"Feature"},
		{"geometry":{"coordinates":[-0.98547,50.86529],"type":"Point"},"properties":{"_source":"warm_welcome","address":"Stockheath Road, Havant, Hampshire PO9 5NT","description":"Wednesdays and Sundays- Our Focus is upon wellbeing, with crafts/activities available for people to bring and have a go at Tuesday's is a toddler group from 0-3year olds. Wednesdays group is held in The Hub Cafe PO9 5AA (opposite Leigh Park Library)","hours":{"_text":"Wednesday: 9:00 - 11:15, Sunday: 16:00 - 18:00","opening":"We 09:00-11:15; Su 16:00-18:00"},"title":"Leigh Park Baptist Church"},"type":"Feature"},
		{"geometry":{"coordinates":[-0.98587,50.86668],"type":"Point"},"properties":{"_source":"warm_welcome","address":"Leigh Park Library, 50 Park Parade, Leigh Park PO9 5AB","hours":{"_text":"Tuesday: 09:30 - 17:00, Thursday: 09:30 - 17:00, Friday: 09:30 - 17:00, Saturday: 09:30 - 13:30","opening":"Tu 09:30-17:00; Th 09:30-17:00; Fr 09:30-17:00; Sa 09:30-13:30"},"title":"Leigh Park Library- Hampshire Libraries"},"type":"Feature"},
		{"geometry":{"coordinates":[-0.93886,50.84855],"type":"Point"},"properties":{"_source":"warm_welcome","address":"St James Parish Hall. 20 Church Path., Emsworth, Emsworth PO10 7DP","description":"Open from 16/11/2022. All ages. Friendly free space for all ages. Activities for children and adults. Or space just to relax and chat.","hours":{"_text":"Wednesday: 13:00 - 16:00, Thursday: 13:00 - 16:00","opening":"We 13:00-16:00; Th 13:00-16:00"},"title":"Parochial Church Council of Warblington with Emsworth"},"type":"Feature"},
		{"geometry":{"coordinates":[-0.76877,50.83622],"type":"Point"},"properties":{"_source":"warm_welcome","address":"104 The Hornet, Chichester PO19 7JR","hours":{"_text":"Thursday: 09:15 - 14:30","opening":"Th 09:15-14:30"},"title":"Revelation Family Church"},"type":"Feature"},
		{"geometry":{"coordinates":[-0.91043,50.84769],"type":"Point"},"properties":{"_source":"warm_welcome","address":"First Avenue, Southbourne, Nr Chichester, West Sussex PO10 8HN","hours":{"_text":"Monday: 13:00 - 17:00, Tuesday: 13:00 - 17:00, Wednesday: 13:00 - 17:00, Thursday: 13:00 - 17:00, Friday: 13:00 - 17:00, Saturday: 09:00 - 13:00","opening":"Mo 13:00-17:00; Tu 13:00-17:00; We 13:00-17:00; Th 13:00-17:00; Fr 13:00-17:00; Sa 09:00-13:00"},"title":"Southbourne Library"},"type":"Feature"},
		{"geometry":{"coordinates":[-1.03307,50.88005],"type":"Point"},"properties":{"_source":"warm_welcome","address":"St George's Walk, Waterlooville, Hampshire PO7 7EH","description":"Open from 07/01/2023.","hours":{"_text":"Monday: 16:00 - 19:00, Saturday: 16:00 - 19:00","opening":"Mo 16:00-19:00; Sa 16:00-19:00"},"title":"St George's Church Waterlooville"},"type":"Feature"},
		{"geometry":{"coordinates":[-0.78860,50.82495],"type":"Point"},"properties":{"_source":"warm_welcome","address":"Donnington Parish Hall , Stockbridge Road, Chichester PO19 8QT","description":"Open from 7th January 2023. We cater for everyone - friends and those who are new are all welcome We run a foodbank drop off if people feel able to donate. Our George's Cafe offers very low cost but high quality drinks and cake","hours":{"_text":"Saturday: 10:00 - 12:00","opening":"Sa 10:00-12:00"},"title":"St George's Parish Hall"},"type":"Feature"},
		{"geometry":{"coordinates":[-0.90785,50.84685],"type":"Point"},"properties":{"_source":"warm_welcome","address":"St. John's Church Centre, Southbourne, Emsworth, Hants PO10 8JE","description":"Open from 08-11-2022. Everyone welcome Free soup will be served from Noon to 12.30pm.","hours":{"_text":"Tuesday: 9:00 - 13:00, Wednesday: 9:00 - 13:00, Thursday: 9:00 - 13:00","opening":"Tu 09:00-13:00; We 09:00-13:00; Th 09:00-13:00"},"title":"St John's Church, Southbourne"},"type":"Feature"},
		{"geometry":{"coordinates":[-0.80431,50.83457],"type":"Point"},"properties":{"_source":"warm_welcome","address":"Church of St Peter & St Mary, Fishbourne, Chichester PO19 3XT","description":"we cater for everyone Winter Warmers on Wednesday mornings","hours":{"_text":"Wednesday: 10:00 - 12:00","opening":"We 10:00-12:00"},"title":"St Peter & St Mary Fishbourne PCC"},"type":"Feature"},
		{"geometry":{"coordinates":[-0.98075,50.85182],"type":"Point"},"properties":{"_source":"warm_welcome","address":"The Pallant Centre, The Pallant, Hampshire PO9 1BE","description":"Open from 07-11-2022. A warm hub accessible to all, we welcome you to join us for tea, coffee and soup. Pay if you can, if you can pay more - pay it forward for someone else.","hours":{"_text":"Monday: 12:00 - 14:00","opening":"Mo 12:00-14:00"},"title":"The Pallant Centre"},"type":"Feature"},
		{"geometry":{"coordinates":[-0.97832,50.85074],"type":"Point"},"properties":{"_source":"warm_welcome","address":"56 East Street, Havant, Hants PO91BS","description":"We have a childrens play area, a cafe, free museum and research computers","hours":{"_text":"Monday: 10:00 - 16:00, Tuesday: 10:00 - 16:00, Wednesday: 10:00 - 16:00, Thursday: 10:00 - 16:00, Friday: 10:00 - 16:00, Saturday: 10:00 - 16:00","opening":"Mo 10:00-16:00; Tu 10:00-16:00; We 10:00-16:00; Th 10:00-16:00; Fr 10:00-16:00; Sa 10:00-16:00"},"title":"The Spring Arts & Heritage Centre"},"type":"Feature"},
		{"geometry":{"coordinates":[-1.03087,50.88018],"type":"Point"},"properties":{"_source":"warm_welcome","address":"Waterlooville Library, The Precinct, Waterlooville PO7 7DT","description":"Room hire","hours":{"_text":"Monday: 09:30 - 17:00 / -, Tuesday: 09:30 - 13:30 / -, Wednesday: 09:30 - 17:00 / -, Thursday: 09:30 - 17:00 / -, Friday: 09:30 - 17:00 / -, Saturday: 09:30 - 17:00 / -","opening":"Mo 09:30-17:00; Tu 09:30-13:30; We 09:30-17:00; Th 09:30-17:00; Fr 09:30-17:00; Sa 09:30-17:00"},"title":"Waterlooville Library- Hampshire Libraries"},"type":"Feature"},
		{"geometry":{"coordinates":[-0.87087,50.76766],"type":"Point"},"properties":{"_source":"warm_welcome","address":"Oakfield Avenue, East Wittering, West Sussex PO20 8BT","hours":{"_text":"Monday: 13:00 - 17:00, Tuesday: 13:00 - 17:00, Wednesday: 13:00 - 17:00, Thursday: 09:00 - 13:00, Friday: 09:00 - 13:00, Saturday: 09:00 - 13:00","opening":"Mo 13:00-17:00; Tu 13:00-17:00; We 13:00-17:00; Th 09:00-13:00; Fr 09:00-13:00; Sa 09:00-13:00"},"title":"Witterings Library"},"type":"Feature"},
		{"geometry":{"coordinates":[-0.77962,50.83479],"type":"Point"},"properties":{"_source":"warm_welcome","address":"29 South Street, Chichester, West Sussex PO19 1EL","description":"Young People 11 - 25 years old. Drop in for a hot drink and biscuit. We have lots of board games for you to use.","hours":{"_text":"Monday: 10:00 - 13:00","opening":"Mo 10:00-13:00"},"title":"Young People's Shop"},"type":"Feature"},
		{"geometry":{"coordinates":[-0.77967,50.83480],"type":"Point"},"properties":{"_source":"warm_spaces","address":"29 South Street, Chichester, England, PO19 1ES","hours":{"_text":"Warm space, Mon &amp; Tues 10am-1pm,","opening":"Mo 10:00-13:00; Tu 10:00-13:00"},"title":"Young People’s Shop","url":"https://www.yps-south.org.uk"},"type":"Feature"},
		{"geometry":{"coordinates":[-1.04984,50.85717],"type":"Point"},"properties":{"_source":"warm_spaces","address":"18 London Road, Waterlooville, England, PO7 5BS","hours":{"_text":"12pm-10pm"},"title":"Woodman Pub","url":"https://www.woodman-purbrook.co.uk"},"type":"Feature"},
		{"geometry":{"coordinates":[-0.98061,50.85207],"type":"Point"},"properties":{"_source":"warm_spaces","address":"The Pallant, Havant, England, PO9 1BE","hours":{"_text":"12pm-2pm "},"title":"Pallant Centre - St Faiths","url":"https://Pallantcentre.com"},"type":"Feature"},
		{"geometry":{"coordinates":[-0.71125,50.85330],"type":"Point"},"properties":{"_source":"warm_spaces","address":"City Fields Way, Chichester, England, PO20 2FP","hours":{"_text":"Monday-Friday 9am-4.30pm ","opening":"Mo-Fr 09:00-16:30"},"title":"Sage House","url":"https://www.dementiasupport.org.uk"},"type":"Feature"},
		{"geometry":{"coordinates":[-0.78066,50.83632],"type":"Point"},"properties":{"_source":"warm_spaces","address":"Chichester Cathedral, Chichester, England, PO19 1PX","hours":{"_text":"Mon-Sat 9am-5pm, Sunday 12pm-2pm","opening":"Mo-Sa 09:00-17:00; Su 12:00-14:00"},"title":"Chichester Cathedral","url":"https://www.chichestercathedral.org.uk"},"type":"Feature"},
		{"geometry":{"coordinates":[-0.98162,50.85292],"type":"Point"},"properties":{"_source":"warm_spaces","address":"Havant United Reformed Church, 37 North Street, Havant, England, PO9 1PP","hours":{"_text":"10:30am-1pm"},"title":"Snack and Chat","url":"https://www.havanturc.org"},"type":"Feature"}
	]
}
