{
	"type": "FeatureCollection",
	"features": [
		{"geometry":{"coordinates":[-1.42809,53.23733],"type":"Point"},"properties":{"_source":"warm_welcome","address":"38 Saltergate, Chesterfield, Derbyshire S40 1UH","description":"All are welcome. Children catered for Direct access from the street, all areas wheelchair accessible. TV screen for showing films, play video games , not mainstream TV. Cornerstone Christian Bookshop and Coffee Shop open every day except Wednesday and Sunday 10:00 - 15:00.","hours":{"_text":"Friday: 15:00 - 18:00","opening":"Fr 15:00-18:00"},"title":"Central Methodist Church, Chesterfield, Derbyshire S40 1UH"},"type":"Feature"},
		{"geometry":{"coordinates":[-1.43497,53.24006],"type":"Point"},"properties":{"_source":"warm_welcome","address":"Chesterfield Baptist Church, Cross Street, Chesterfield S40 4ST","description":"Friday mornings are specifically for pre-school children and their parents/carers. Every Wednesday - Renew Cross Street - Wellbeing Cafe. Saturdays (once a month) - Waste Not Cafe. Please visit our website for further details.","hours":{"_text":"Wednesday: 10:00 - 16:00, Friday: 09:00 - 11:00, Sunday: 18:00 - 19:30 / - Monthly","opening":"We 10:00-16:00; Fr 09:00-11:00; Su 18:00-19:30"},"title":"Chesterfield Baptist Church"},"type":"Feature"},
		{"geometry":{"coordinates":[-1.42478,53.25363],"type":"Point"},"properties":{"_source":"warm_welcome","address":"The Hub, East Stand., Chesterfield, Derbyshire s418nz","hours":{"_text":"Monday: 17:00 - 19:30, Tuesday: 17:00 - 19:30, Wednesday: 17:00 - 19:30, Thursday: 17:00 - 19:30, Friday: 17:00 - 19:30","opening":"Mo 17:00-19:30; Tu 17:00-19:30; We 17:00-19:30; Th 17:00-19:30; Fr 17:00-19:30"},"title":"Chesterfield FC Community Trust"},"type":"Feature"},
		{"geometry":{"coordinates":[-1.47185,53.24622],"type":"Point"},"properties":{"_source":"warm_welcome","address":"41 Mercaston Close, Holme Hall, CHESTERFIELD, Derbyshire S40 4UE","description":"Our focus is on elderly people and those who are lonely and vulnerable.","hours":{"_text":"Tuesday: 12:00 - 16:00, Friday: 12:00 - 16:00","opening":"Tu 12:00-16:00; Fr 12:00-16:00"},"title":"Holme Hall Unite"},"type":"Feature"},
		{"geometry":{"coordinates":[-1.42939,53.24011],"type":"Point"},"properties":{"_source":"warm_welcome","address":"31 Newbold road , Chesterfield , Derbyshire S417pg","hours":{"_text":"Tuesday: 8:30 - 12:00, Sunday: 10:30 - 12:30","opening":"Tu 08:30-12:00; Su 10:30-12:30"},"title":"Holy Trinity Tea & Toast"},"type":"Feature"},
		{"geometry":{"coordinates":[-1.45890,53.32235],"type":"Point"},"properties":{"_source":"warm_welcome","address":"Jordanthorpe Library, 15 Jordanthorpe Centre, Sheffield S8 8DX","hours":{"_text":"Tuesday: 9:30 - 12:30, Wednesday: 10:00 - 13:00, Friday: 13:30 - 16:30, Saturday: 10:00 - 13:00","opening":"Tu 09:30-12:30; We 10:00-13:00; Fr 13:30-16:30; Sa 10:00-13:00"},"title":"Jordanthorpe Library"},"type":"Feature"},
		{"geometry":{"coordinates":[-1.54675,53.14043],"type":"Point"},"properties":{"_source":"warm_welcome","address":"29 Chesterfield Rd, Matlock, Derbyshire DE4 3DQ","description":"Open from 10-01-2023 - 29-03-2023.","hours":{"_text":"Tuesday: 10:00 - 14:00","opening":"Tu 10:00-14:00"},"title":"Life Church Matlock"},"type":"Feature"},
		{"geometry":{"coordinates":[-1.45483,53.24394],"type":"Point"},"properties":{"_source":"warm_welcome","address":"Pennine Way, Chesterfield, Derbyshire S40 4NF","description":"Open from 02-11-2022. Starting 2nd November 2022","hours":{"_text":"Wednesday: 10:00 - 12:30","opening":"We 10:00-12:30"},"title":"Loundsley Green Church"},"type":"Feature"},
		{"geometry":{"coordinates":[-1.46464,53.32351],"type":"Point"},"properties":{"_source":"warm_welcome","address":"Unit 3, Dyche Lane, Sheffield, South Yorkshire S8 8DX","hours":{"_text":"Thursday: 10:00 - 12:00 / 19:00 - 21:30, Friday: 16:30 - 18:30, Sunday: 10:00 - 12:00 / 16:00 - 17:00","opening":"Th 10:00-12:00,19:00-21:30; Fr 16:30-18:30; Su 10:00-12:00,16:00-17:00"},"title":"Meadowhead Christian Fellowship"},"type":"Feature"},
		{"geometry":{"coordinates":[-1.45976,53.24329],"type":"Point"},"properties":{"_source":"warm_welcome","address":"Loundsley Green Community Centre, Cuttholme Road, Chesterfield s40 4qu","description":"Open from 15-11-2022. All welcome, wheelchair friendly. Skilled volunteers. Toys, games, books and magazines available","hours":{"_text":"Tuesday: 10:00 - 13:00","opening":"Tu 10:00-13:00"},"title":"morgansue"},"type":"Feature"},
		{"geometry":{"coordinates":[-1.47052,53.30087],"type":"Point"},"properties":{"_source":"warm_welcome","address":"Oaks Community Church, Dronfield, Derbyshire S18 1SB","hours":{"_text":"Tuesday: 10:00 - 12:00 / 15:45 - 17:00, Thursday: 9:00 - 10:30","opening":"Tu 10:00-12:00,15:45-17:00; Th 09:00-10:30"},"title":"Oaks Community Church"},"type":"Feature"},
		{"geometry":{"coordinates":[-1.67358,53.28361],"type":"Point"},"properties":{"_source":"warm_welcome","address":"The Church Centre, Church Street, Eyam S32 5QH","description":"We also holiday@home which is an all-day event with free food and various activities","hours":{"_text":"Friday: 11:00 - 16:00","opening":"Fr 11:00-16:00"},"title":"Open Doors Eyam Church Centre"},"type":"Feature"},
		{"geometry":{"coordinates":[-1.46864,53.23158],"type":"Point"},"properties":{"_source":"warm_welcome","address":"Upper Moor Street, Chesterfield, Derbyshire S40 3NR","description":"Open from 08/11/2022. 2nd, 3rd & 4th Tuesdays each month.","hours":{"_text":"Tuesday: 09:00 - 12:00","opening":"Tu 09:00-12:00"},"title":"Storrs Road Methodist Church"},"type":"Feature"},
		{"geometry":{"coordinates":[-1.49114,53.32024],"type":"Point"},"properties":{"_source":"warm_welcome","address":"232 Lowedges Road, SHEFFIELD, South Yorkshire S8 7JB","hours":{"_text":"Monday: 09:00 - 17:00, Tuesday: 09:30 - 14:00, Wednesday: 10:00 - 17:00, Thursday: 09:30 - 12:00, Friday: 09:30 - 15:00","opening":"Mo 09:00-17:00; Tu 09:30-14:00; We 10:00-17:00; Th 09:30-12:00; Fr 09:30-15:00"},"title":"The Terminus Initiative"},"type":"Feature"},
		{"geometry":{"coordinates":[-1.59195,53.16079],"type":"Point"},"properties":{"_source":"warm_welcome","address":"The Whitworth, Station Road, Station Road, Darley Dale, Derbyshire DE4 2EQ","description":"Open from November until end of March.","hours":{"_text":"Wednesday: 09:30 - 16:30","opening":"We 09:30-16:30"},"title":"The Whitworth- Warm Wednesdays"},"type":"Feature"},
		{"geometry":{"coordinates":[-1.52568,53.31926],"type":"Point"},"properties":{"_source":"warm_welcome","address":"1 Grove Road , Totley , Sheffield S17 4DJ","description":"Open from 1/11/2022. Everyone welcome for free hot drinks, WiFi & charging station in this warm space. Everyone welcome every Tuesday 10am til 12pm. All welcome to join us for free w","hours":{"_text":"Tuesday: 10:00 - 12:00","opening":"Tu 10:00-12:00"},"title":"Totley Rise Methodist Church"},"type":"Feature"},
		{"geometry":{"coordinates":[-1.40856,53.19088],"type":"Point"},"properties":{"_source":"warm_welcome","address":"68 Queen Victoria Road , Chesterfield , Derbyshire S42 6BL","description":"Mondays (term-time), free toddler group. Fridays, free café with soup, cake, drinks and more! All are welcome.","hours":{"_text":"Monday: 09:00 - 11:00, Friday: 10:00 - 12:30","opening":"Mo 09:00-11:00; Fr 10:00-12:30"},"title":"Tupton Edge Centre, Edge Ministries"},"type":"Feature"},
		{"geometry":{"coordinates":[-1.43280,53.22034],"type":"Point"},"properties":{"_source":"warm_welcome","address":"Burns Close, Chesterfield , Derbyshire S40 2SW","hours":{"_text":"Monday: 10:00 - 15:00, Tuesday: 10:00 - 15:00, Thursday: 10:00 - 11:30","opening":"Mo 10:00-15:00; Tu 10:00-15:00; Th 10:00-11:30"},"title":"Umbrellas Cosy Hub"},"type":"Feature"},
		{"geometry":{"coordinates":[-1.45952,53.22702],"type":"Point"},"properties":{"_source":"warm_welcome","address":"Moorland View Road, Chesterfield, Derbyshire S40 3DD","hours":{"_text":"Wednesday: 12:00 - 14:00","opening":"We 12:00-14:00"},"title":"Walton Evangelical Church"},"type":"Feature"},
		{"geometry":{"coordinates":[-1.43040,53.23219],"type":"Point"},"properties":{"_source":"warm_spaces","address":"New Street, Chesterfield, England, S40 2JZ","hours":{"_text":"Tuesday 10:30am-4pm ","opening":"Tu 10:30-16:00"},"title":"Chesterfield Community Church 'Warm Tuesdays'","url":"https://www.c-c-c.org.uk"},"type":"Feature"},
		{"geometry":{"coordinates":[-1.46266,53.22550],"type":"Point"},"properties":{"_source":"warm_spaces","address":"Moorland View Road, Chesterfield, England, S40 3DD","hours":{"_text":"Wednesday 12pm-2pm","opening":"We 12:00-14:00"},"title":"Walton Church","url":"https://waltonchurch.org"},"type":"Feature"},
		{"geometry":{"coordinates":[-1.40840,53.19061],"type":"Point"},"properties":{"_source":"warm_spaces","address":"Tupton Edge Centre, Queen Victoria Road, Chesterfield, England, S42 6BL","hours":{"_text":"Fri 10am-12pm","opening":"Fr 10:00-12:00"},"title":"Tupton Edge Centre","url":"https://www.facebook.com/TuptonPC"},"type":"Feature"},
		{"geometry":{"coordinates":[-1.41545,53.18473],"type":"Point"},"properties":{"_source":"warm_spaces","address":"Old Tupton Methodist Church, 96 Nethermoor Road, Chesterfield, England, S42 6EN","hours":{"_text":"Wed 11am-1pm","opening":"We 11:00-13:00"},"title":"Old Tupton Methodist Church","url":"https://www.facebook.com/TuptonPC"},"type":"Feature"},
		{"geometry":{"coordinates":[-1.41712,53.18495],"type":"Point"},"properties":{"_source":"warm_spaces","address":"Tupton Community Hub, Nethermoor Road, Chesterfield, England, S42 6EN","hours":{"_text":"Tue &amp; Thu 10:00am-12:00pm","opening":"Tu 10:00-12:00; Th 10:00-12:00"},"title":"Tupton Community Hub","url":"https://www.facebook.com/TuptonPC"},"type":"Feature"},
		{"geometry":{"coordinates":[-1.43377,53.23991],"type":"Point"},"properties":{"_source":"chesterfield_council","hours":{"_text":"Chesterfield Baptist Church, Cross Street, Chesterfield, Derbyshire, S40 4ST Wednesdays, 10am to 4pm - Renew Wellbeing Café Hot drinks, cakes and soup. Craft, jigsaws, board games, quiet space or bring your own hobby. Once a month on Saturdays 9.30am to 11am - ‘Who Let the Dads Out’ Activities for pre-schoolers, infants and Dads. Drinks and food are available. First Sunday of month 6pm to 7.30pm - Waste Not Café Cooking up surplus food donated by supermarkets into a three-course vegetarian and vegan meal. Rev. Steve Barnwell 07939 103079 / 01246 221105 www.chesterfieldbaptistchurch.org revstevecbc@gmail.com","opening":"We 10:00-16:00; Sa 09:30-11:00; Su[1] 18:00-19:30"},"title":"Chesterfield Baptist Church"},"type":"Feature"},
		{"geometry":{"coordinates":[-1.42824,53.23448],"type":"Point"},"properties":{"_source":"chesterfield_council","hours":{"_text":"Chesterfield Library, New Beetwell St, Chesterfield, S40 1QN The library is a warm and welcoming place to go. It can’t offer the same facilities as a ‘Warm Space’ venue but it is a place people can go to get warm and be signposted to sources of information and support if they need it."},"title":"Chesterfield Library"},"type":"Feature"},
		{"geometry":{"coordinates":[-1.42833,53.23730],"type":"Point"},"properties":{"_source":"chesterfield_council","hours":{"_text":"Central Methodist Church, Saltergate, Chesterfield, S40 1UH Fridays, 3pm to 6pm, Cornerstone coffee bar area. Free drinks and food, with board games, screen available to show family-friendly films and Xbox games. Angela Walker","opening":"Fr 15:00-18:00"},"title":"Central Methodist Church"},"type":"Feature"},
		{"geometry":{"coordinates":[-1.43020,53.23208],"type":"Point"},"properties":{"_source":"chesterfield_council","hours":{"_text":"New Street Centre, New St, Chesterfield, S40 2JZ Chesterfield Community Church Tuesdays from 10.30am until 4pm. Free lunch from 12.30pm, refreshments all day. Mr Tom Parker, 07769 9535524","opening":"Tu 10:30-16:00"},"title":"Chesterfield Community Church"},"type":"Feature"},
		{"geometry":{"coordinates":[-1.42727,53.22561],"type":"Point"},"properties":{"_source":"chesterfield_council","hours":{"_text":"Derby Road, Methodist Church, 22 Jawbones Hill, Chesterfield, S40 2EN Fridays, 1pm to 4pm. A free warm space, offering light refreshments after school hours. Jonathan Hood 07707 045510","opening":"Fr 13:00-16:00"},"title":"Derby Road\nMethodist Church"},"type":"Feature"},
		{"geometry":{"coordinates":[-1.43012,53.23564],"type":"Point"},"properties":{"_source":"chesterfield_council","hours":{"_text":"Grace Chapel, 89 New Square, Chesterfield, S40 1PH Mondays, 10.30am to 12.30pm – Warm space, tea, coffee, biscuits and a natter. Wednesdays, 10.30am to 1pm – as above plus wellbeing forum. Arts, crafts and board games (for example, chess). Friday, 10.30am to 1pm – Warm space, tea, coffee, biscuits and singing. Sunday, 12.30pm to 2.30pm – Feeding for the homeless and showers. Pastor Toyin Taiwo 07593 331294","opening":"Mo 10:30-12:30; We 10:30-13:00; Fr 10:30-13:00; Su 12:30-14:30"},"title":"Grace Chapel"},"type":"Feature"},
		{"geometry":{"coordinates":[-1.42696,53.22354],"type":"Point"},"properties":{"_source":"chesterfield_council","hours":{"_text":"Gussies Kitchen, St Augustine’s Church 220 Derby Rd, Chesterfield, S40 2EP Tuesdays and Wednesdays 8.30am to 4pm A free warm space offering hot and cold drinks, food, activities and advice. Rev Sally-Anne 07307 201718 Lisa Blakemore 07805 084376 Jacob Glaister 07310 715213","opening":"Tu 08:30-16:00; We 08:30-16:00"},"title":"Gussies Kitchen"},"type":"Feature"},
		{"geometry":{"coordinates":[-1.40894,53.22138],"type":"Point"},"properties":{"_source":"chesterfield_council","hours":{"_text":"Hasland Club Hampton Street, Hasland, Chesterfield, S41 0LH Tuesday and Wednesday evening's 6pm to 8pm. Warm space, free hot drinks, biscuits, snacks and table games. Andrew Mallender Chair Friends of Hasland Community Hub"},"title":"Hasland Club"},"type":"Feature"},
		{"geometry":{"coordinates":[-1.47223,53.24620],"type":"Point"},"properties":{"_source":"chesterfield_council","hours":{"_text":"Holme Hall Unite Community Hub, 41 Mercaston Close, Holme Hall, Chesterfield, S40 4UE Tuesdays and Fridays between 12.30pm and 5pm A free warm space offering drinks. Other services include a book and DVD library, activities such as crafts etc, social interaction, and advice and support. Tony Hedley 07547 757670 tonyhedley@gmail.com"},"title":"Holme Hall Unite Community Hub"},"type":"Feature"},
		{"geometry":{"coordinates":[-1.45712,53.24423],"type":"Point"},"properties":{"_source":"chesterfield_council","hours":{"_text":"Loundsley Green Methodist Church, 40 Pennine Way, Chesterfield, S40 4NF Starting 2 November - Wednesday 10am to 12.30pm A free warm space called ‘Welcome Wednesdays’ offering hot drinks, toast, biscuits. There are also activities such as card making, and knitting. We can offer a quiet space to read. Toys will be available for babies / toddlers. There will also be give-aways such as knitted gloves and hats. Rev Tracey Harris tracey.harris@methodist.org.uk 01246 274481","opening":"We 10:00-12:30"},"title":"Loundsley Green Church"},"type":"Feature"},
		{"geometry":{"coordinates":[-1.45787,53.24342],"type":"Point"},"properties":{"_source":"chesterfield_council","hours":{"_text":"Loundsley Green Community Centre, Cuttholme Rd, Loundsley Green, Chesterfield S40 4QU Tuesdays between 10am and 1pm A free warm space offering hot drinks, biscuits and soup. There are also activities such as games and cards, and toys / books are available for children. We also offer a quiet space for anyone who may want to talk if they are feeling anxious, worried, on a one-to-one basis. We have a trained Mental Health First Aider available. Gill Carlile 2duckies@googlemail.com 07521 353467","opening":"Tu 10:00-13:00"},"title":"Loundsley Green Community Centre"},"type":"Feature"},
		{"geometry":{"coordinates":[-1.44353,53.23825],"type":"Point"},"properties":{"_source":"chesterfield_council","hours":{"_text":"Monkey Park Community Hub, 128a Chester Street, Brampton, Chesterfield Wednesday to Saturday, 10am to 4pm The Community Hub provides friendship and purpose. It is open to all, with ‘pay-it-forward’ free drinks, food or affordable refreshments to buy. There is also wifi available, a book swap, lots of activities and clubs. People are welcome to stay all day. Valerie Wilkinson and Simon Redding info@MonkeyPark.org.uk","opening":"We-Sa 10:00-16:00"},"title":"Monkey Park Community Hub"},"type":"Feature"},
		{"geometry":{"coordinates":[-1.45933,53.23170],"type":"Point"},"properties":{"_source":"chesterfield_council","hours":{"_text":"St Thomas Church, Chatsworth Road, Chesterfield, S40 3AW St Thomas’ welcomes people to attend the centre to get warm whilst its activities are running. It's free to enter and you don’t have to be involved in any of the activities (although if you do and you’re struggling financially, there will be no charge for the activities). Tots group for babies, toddlers and pre-schoolers and their grown ups. Songs, Bible stories, sensory activities. Socialising for children and adults. Hot drink and biscuit included for adults. £1 per session. Kids club for children in Reception-Year 6. Friends, games, Bible, fun. £1 per session. Knit and Natter is a friendly group of people who enjoy crafts. £3.50 per session which includes refreshments. Golden Folks is an over 60’s group. There is usually a speaker or an activity. £5 per session which includes tea/coffee and cake. For men of all ages. For some meetings we take a trip out to a nearby place of interest. The cost of these visits depends on the admission price at the venue. Alternatively we meet at 1pm in the Church Centre to listen to a guest speaker – the cost then is £3 per person. Talks range over a wide variety of topics. St Thomas, Brampton church office 01246 558461 contact@stthomasbrampton.com"},"title":"St Thomas Church"},"type":"Feature"},
		{"geometry":{"coordinates":[-1.46778,53.23151],"type":"Point"},"properties":{"_source":"chesterfield_council","hours":{"_text":"Storrs Road Methodist Church, Upper Moor Street, Brampton, Chesterfield, S40 3NR Starting 8 November - Tuesdays (except for first Tuesday of each month), 9am to 12pm A free warm space / community coffee morning with refreshments. There are also activities such as jigsaw puzzles and board games, and toys are available for pre-school children. We also run a book exchange. Rev Tracey Harris tracey.harris@methodist.org.uk 01246 274481","opening":"Tu 09:00-12:00"},"title":"Storrs Road Methodist Church"},"type":"Feature"},
		{"geometry":{"coordinates":[-1.42944,53.23555],"type":"Point"},"properties":{"_source":"chesterfield_council","hours":{"_text":"The DVA Hub @ Low Pavement, 61-63 Low Pavement, Chesterfield, S40 1PA Monday to Thursday, 11am to 3pm A free warm space offering hot drinks and biscuits. - reading - card making - photography - gaming - art - sing-a-long - crochet - fabric crafts - skill swap - tech-buddies Refreshments are provided. James Starky 07743 514934 01246 555908 James@dva,org,uk","opening":"Mo-Th 11:00-15:00"},"title":"The DVA Hub"},"type":"Feature"},
		{"geometry":{"coordinates":[-1.40894,53.22136],"type":"Point"},"properties":{"_source":"chesterfield_council","hours":{"_text":"- Hasland Community Hub The Derbyshire Unemployed Workers Centre will be running in the hall (benefits advice and support completing forms) Philip Arrandale Grassland Hasmore Big Local - Let’s Chat Project Residents are invited to come along and meet new people, use the internet and access support around things like benefits advice and completing online forms. The project offers a free warm space with free laptop use, board games available and hot drinks. Chris Newton 07825183569"},"title":"The Hasland Community Hub"},"type":"Feature"},
		{"geometry":{"coordinates":[-1.42485,53.25354],"type":"Point"},"properties":{"_source":"chesterfield_council","hours":{"_text":"The Hub, Chesterfield FC Technique Stadium, Sheffield Road, Chesterfield, S41 8NZ Open until 17 February. Monday to Friday, 5pm to 7.30pm. The Hub café offers warmth, TV, company, tea, coffee, biscuits, fruit and board games. There are opportunities for the whole family to access the facilities and services provided at The Hub – including play centre, soccer school, craft, multi-sport, dance, roller disco, weight management programmes and signposting to other support agencies. Jayne Bacon jaynebacon@spireitestrust.org.uk","opening":"Mo-Fr 17:00-19:30"},"title":"The Hub Chesterfield FC Technique Stadium"},"type":"Feature"},
		{"geometry":{"coordinates":[-1.43243,53.22010],"type":"Point"},"properties":{"_source":"chesterfield_council","hours":{"_text":"Umbrellas Cosy Hub, Burns Close, Chesterfield, S40 2SW Monday and Tuesday 10am to 3pm Friday 12pm to 3pm. (Cosy Cubs toddlers, 10am to 11am) Offering an activity programme throughout the week which visitors are welcome to join in (apart from toddlers’ session). Drinks and biscuits on offer to all visitors. Monday – no activities, but the space is open to all. Tuesday morning – crafts Tuesday afternoon – games and bingo Friday afternoon – Cosy Cubs toddlers Eric Nicholas Enicholas1964@gmail.com 07950 735635","opening":"Mo 10:00-15:00; Tu 10:00-15:00; Fr 12:00-15:00"},"title":"Umbrellas Cosy Hub"},"type":"Feature"},
		{"geometry":{"coordinates":[-1.46266,53.22550],"type":"Point"},"properties":{"_source":"chesterfield_council","hours":{"_text":"Walton Evangelical Church, Moorland View Rd, Chesterfield, S40 3DD Soup, rolls and hot drinks available. This is a free event for all the community. Join weekly on Wednesday afternoons. Phone 01246 231002 Email office@waltonchurch.org More details can be found at waltonchurch.org/warmer"},"title":"Walton Winter Warmer, Walton Evangelical"},"type":"Feature"},
		{"geometry":{"coordinates":[-1.42891,53.24014],"type":"Point"},"properties":{"_source":"chesterfield_council","hours":{"_text":"Holy Trinity Church & Christ Church Newbold Road Chesterfield S41 7PG Come and have a brew, meet new friends or help us mash the tea. An opportunity to share stories and have breakfast together. A warm welcome to everybody. Rev Jill Hancock CA 01246 465659 / 07746668257"},"title":"Holy Trinity Church & Christ Church"},"type":"Feature"},
		{"geometry":{"coordinates":[-1.43009,53.23564],"type":"Point"},"properties":{"_source":"chesterfield_council","hours":{"_text":"Church from the Bus, the rear entrance of Grace Chapel, off Rose Hill Church on the bus serves vulnerable people who live in Chesterfield. We provide warmth, shelter, food and drinks, clothing, prayer and a listening ear to anyone in need. Ian Macleod 07368 331219"},"title":"Church from the Bus"},"type":"Feature"},
		{"geometry":{"coordinates":[-1.42986,53.23575],"type":"Point"},"properties":{"_source":"chesterfield_council","hours":{"_text":"Sorbo Lounge, 1 Market Place, Chesterfield, S40 1TW Monday to Sunday, 9am to 11pm. Come in and sit for as long as you want, no purchase necessary. Free tea or coffee. Everyone is always welcome here. 01246 235845","opening":"Mo-Su 09:00-23:00"},"title":"Sorbo Lounge"},"type":"Feature"},
		{"geometry":{"coordinates":[-1.43064,53.23660],"type":"Point"},"properties":{"_source":"chesterfield_council","hours":{"_text":"Chesterfield Studios Rose Hill Chesterfield S40 1LW Tuesdays, 10.30am to 12.30am A free and welcoming warm space for those who need it. Free refreshments will be provided along with small independent activities. If you want to bring along something you enjoy doing or if you just fancy a natter and some company, that’s fine too! Contact Becky Parker or Wendy Barnett on 07598 826982","opening":"Tu 10:30-12:30"},"title":"Chesterfield Studios"},"type":"Feature"},
		{"geometry":{"coordinates":[-1.44377,53.25730],"type":"Point"},"properties":{"_source":"chesterfield_council","hours":{"_text":"Newbold Parish Church (in the room behind the church) St John’s Road Newbold Chesterfield S41 8PE Mondays, 12pm to 3.30pm. Rev Rhoda, 07787 980961","opening":"Mo 12:00-15:30"},"title":"Newbold Parish Church"},"type":"Feature"},
		{"geometry":{"coordinates":[-1.44583,53.23643],"type":"Point"},"properties":{"_source":"chesterfield_council","hours":{"_text":"St Mark's Church St Mark's Road Brampton Chesterfield S40 1DH Wednesdays, 8.45am to 10am Free tea, coffee and toast and toys for little ones. A warm welcome awaits everyone. 01246 913682","opening":"We 08:45-10:00"},"title":"St Mark's Church"},"type":"Feature"},
		{"geometry":{"coordinates":[-1.53385,53.31494],"type":"Point"},"properties":{"_source":"sheffield_vas","address":"205 Baslow Road, Sheffield, S17 4DT","description":"Free access to books, newspapers and magazines Books and reading materials in community languages Free access to computers and the internet","hours":{"_text":"Thursdays 10:30am till 11:30am"},"title":"Totley Library"},"type":"Feature"},
		{"geometry":{"coordinates":[-1.48849,53.32661],"type":"Point"},"properties":{"_source":"sheffield_vas","address":"160 Hemper Ln, Greenhill, Sheffield S8 7FE","description":"It is a primarily a library but we also run a number of groups. We have spaces for people to sit, either at a table, computer or on comfortable chairs. Wifi is available and use of the computers is free. We dont usually allow people to charge devices and we do not offer any refreshments unless it is linked to one of the activities listed above.","hours":{"_text":"Mon/Wed/Fri: 10am-12:30pm and 1:30pm-4:30pm","opening":"Mo 10:00-12:30,13:30-16:30; We 10:00-12:30,13:30-16:30; Fr 10:00-12:30,13:30-16:30"},"title":"Friends of Greenhill Library"},"type":"Feature"},
		{"geometry":{"coordinates":[-1.52638,53.32052],"type":"Point"},"properties":{"_source":"sheffield_vas","address":"28 Totley Brook Road, Sheffield, S17 3QS","description":"Mondays: Aerobics, 7pm-8pm (phone to book place). Tuesdays: Singing Teapot choir, 10am-11:30am, Yoga, 1:15pm-2:45pm (phone to book place), Shine on ladies choir, 7:30pm-9pm. Wednesdays: Coffee morning 10:30am-11:30am, Midweek service, 11:30am-12pm, Pilates classes, 9:15am-11:30am (phone to book place). Thursdays: Art group 9:30am-12pm, Rock Choir 11am-1.15pm, Social club (Alternate weeks 2:30pm-4:30pm). Fridays: Sporting Chatter 10:30am-12:30pm (1st & 3rd weeks). Sundays: Morning service, 10:30am-11:30 am, followed by hot drinks.","hours":{"_text":"Mon (Aerobics): 7pm-8pm, \n Tue (Singing Teapot Choir): 10am-11:30am, (Yoga): 1:15pm-2:45pm, (Shine on Ladies Choir): 7:30pm-9pm, \n Wed (Coffee Morning): 10:30am-11:30am, (Midweek Service): 11:30am-12pm, (Pilates Class): 9:15am-11:30am, \n Thu (Art Group): 9:30am-12pm, (Rock Choir): 11am-1:15pm, (Social Club Alternate Weeks): 2:30pm-4:30pm, \n Fri (Sporting Chatter): 10:30am-12:30pm (1st+3rd Weeks), \n Sun (Morning Service): 10:30am-11:30am","opening":"Mo 19:00-20:00; Tu 10:00-11:30,00:01-14:45,00:07-21:00; We 10:30-11:30,00:01-12:00,00:09-11:30; Th 09:30-12:00,00:01-13:15,00:02-16:30; Fr 10:30-12:30; Su 10:30-11:30"},"title":"Dore and Totley United Reformed Church"},"type":"Feature"},
		{"geometry":{"coordinates":[-1.48470,53.32067],"type":"Point"},"properties":{"_source":"sheffield_vas","address":"Lowedges Community Centre, Gresley Road, S87HL","description":"Laundrette, Learning suite, Toddler Group, Youth club, Craft group, DIY recipe meals, Midwife clinic, Health visitor clinic, Sports club for children aged 8+, Fully equipped kitchen/cafe","hours":{"_text":"Mon-Fri"},"title":"LBJ Community Forum"},"type":"Feature"},
		{"geometry":{"coordinates":[-1.46476,53.32232],"type":"Point"},"properties":{"_source":"sheffield_vas","address":"15 Jordanthorpe Centre, Sheffield, S8 8DX","description":"Books to read in or borrow; Citizens' Advice Community Access Point; public computers for Universal Credit updates, job searches etc; printing/copying/scanning/laminating services; cafe space with free tea and coffee; StoryTime for pre-school children; craft group; free wifi in the library; employment support (with CVs etc).","hours":{"_text":"Tue AM, Wed AM, Fri PM, Sat AM"},"title":"Jordanthorpe Library"},"type":"Feature"},
		{"geometry":{"coordinates":[-1.52596,53.31904],"type":"Point"},"properties":{"_source":"sheffield_vas","address":"1 Grove Road Totley Sheffield S17 4dj","description":"Coffee Morning Childrens space\nWelcome conversation and people to listen. Information on help available.","hours":{"_text":"Tuesday 10-12pm starting 1st November\n","opening":"Tu 10:00-12:00"},"title":"Totley Rise Methodist Church"},"type":"Feature"},
		{"geometry":{"coordinates":[-1.53353,53.31497],"type":"Point"},"properties":{"_source":"sheffield_vas","address":"Totley Library 205 Baslow Road Totley Sheffield S17 4DT","hours":{"_text":"Thursdays 10.30 til 11.30am","opening":"Th 10:30-11:30"},"title":"Natter"},"type":"Feature"},
		{"geometry":{"coordinates":[-1.46353,53.33028],"type":"Point"},"properties":{"_source":"sheffield_vas","address":"The Church of Jesus Christ of Latter Day Saints\nJordanthorpe Parkway\nSheffield\nS8 8BU","hours":{"_text":"Wednesday PM 1130 - 1600"},"title":"The Church of Jesus Christ of Latter Day Saints"},"type":"Feature"},
		{"geometry":{"coordinates":[-1.46524,53.32846],"type":"Point"},"properties":{"_source":"sheffield_vas","address":"Bochum Pkwy, Jordanthorpe, Sheffield S8 8JR","hours":{"_text":""},"title":"Graves Health and Sports Centre"},"type":"Feature"},
		{"geometry":{"coordinates":[-1.53804,53.32661],"type":"Point"},"properties":{"_source":"sheffield_vas","address":"High Street, Dore, S17 3GU","hours":{"_text":""},"title":"Dore Methodist Church"},"type":"Feature"},
		{"geometry":{"coordinates":[-1.50205,53.31878],"type":"Point"},"properties":{"_source":"sheffield_vas","address":"Bradway Community Hall, 59 Bradway Rd, S17 4QR","hours":{"_text":""},"title":"Community Wellness Service"},"type":"Feature"},
		{"geometry":{"coordinates":[-1.48613,53.32074],"type":"Point"},"properties":{"_source":"sheffield_vas","address":"Gresley Road Meeting Room, Lowedges Social Centre, Gresley Road S8 7HH","hours":{"_text":""},"title":"Greenhill Bradway Tara"},"type":"Feature"},
		{"geometry":{"coordinates":[-1.53973,53.32566],"type":"Point"},"properties":{"_source":"sheffield_vas","address":"Church Lane, Dore, Sheffield, S17 3GB","hours":{"_text":"Open every day from 9am to 4pm","opening":"Mo-Su 09:00-16:00"},"title":"Christ Church Dore"},"type":"Feature"}
	]
}
