{
	"type": "FeatureCollection",
	"features": [
		{"geometry":{"coordinates":[-0.08105,51.01281],"type":"Point"},"properties":{"_source":"warm_welcome","address":"United Reformed Church, Haywards Heath, West Sussex RH16 2HL","description":"First Saturday of the month Linfield Repair Cafe opens its doors to anyone. We run a repair cafe and have a community lounge, we serve Hot drinks and home made cakes, everything is on a voluntary contribution.","hours":{"_text":"Saturday: 10:00 - 13:00","opening":"Sa 10:00-13:00"},"title":"20"},"type":"Feature"},
		{"geometry":{"coordinates":[-0.20556,51.09703],"type":"Point"},"properties":{"_source":"warm_welcome","address":"West Sussex County Council, West Sussex RH11 9BA","description":"The space is open to all","hours":{"_text":"Monday: 10:00 - 17:00, Tuesday: 10:00 - 17:00, Wednesday: 10:00 - 17:00, Thursday: 10:00 - 17:00, Friday: 10:00 - 17:00, Saturday: 10:00 - 14:00","opening":"Mo 10:00-17:00; Tu 10:00-17:00; We 10:00-17:00; Th 10:00-17:00; Fr 10:00-17:00; Sa 10:00-14:00"},"title":"Broadfield Library"},"type":"Feature"},
		{"geometry":{"coordinates":[-0.20538,51.09734],"type":"Point"},"properties":{"_source":"warm_welcome","address":"46 Broadfield Barton, Broadfield, Crawley, West Sussex RH11 9BA","description":"One of West Sussex Library Services' 36 libraries. Whilst we do not have a public toilet we do have an accessible toilet in one of our bookable rooms that we do allow customers to use. There is a public car park in use for the whole Bartons. Public Wifi, computer access, printing, photocopying and scanning all available. Areas to study or relax, friendly and welcoming staff.","hours":{"_text":"Monday: 10:00 - 17:00, Tuesday: 10:00 - 17:00, Wednesday: 10:00 - 17:00, Thursday: 10:00 - 17:00, Friday: 10:00 - 17:00, Saturday: 10:00 - 14:00","opening":"Mo 10:00-17:00; Tu 10:00-17:00; We 10:00-17:00; Th 10:00-17:00; Fr 10:00-17:00; Sa 10:00-14:00"},"title":"Broadfield Library"},"type":"Feature"},
		{"geometry":{"coordinates":[-0.18291,51.11407],"type":"Point"},"properties":{"_source":"warm_welcome","address":"Southgate Avenue, Crawley, West Sussex RH10 6HG","description":"There is a cafe 'Esquire' on the premises.","hours":{"_text":"Monday: 09:00 - 18:00, Tuesday: 09:00 - 18:00, Wednesday: 09:00 - 18:00, Thursday: 09:00 - 18:00, Friday: 09:00 - 18:00, Saturday: 09:00 - 17:00","opening":"Mo 09:00-18:00; Tu 09:00-18:00; We 09:00-18:00; Th 09:00-18:00; Fr 09:00-18:00; Sa 09:00-17:00"},"title":"Crawley Library"},"type":"Feature"},
		{"geometry":{"coordinates":[-0.10817,51.00147],"type":"Point"},"properties":{"_source":"warm_welcome","address":"Haywards Heath Library, West Sussex RH16 1BN","description":"Public building open to all.","hours":{"_text":"Monday: 09:30 - 18:00, Tuesday: 09:30 - 18:00, Wednesday: 09:30 - 18:00, Thursday: 09:30 - 18:00, Friday: 09:30 - 18:00, Saturday: 09:30 - 17:00","opening":"Mo 09:30-18:00; Tu 09:30-18:00; We 09:30-18:00; Th 09:30-18:00; Fr 09:30-18:00; Sa 09:30-17:00"},"title":"Haywards Heath Library"},"type":"Feature"},
		{"geometry":{"coordinates":[-0.31409,51.08246],"type":"Point"},"properties":{"_source":"warm_welcome","address":"St Mark's Church, Horsham, W Sussex RH12 5PU","description":"Our community cafe is open every Tuesday from 10am-12noon and on the 4th Saturday monthly. Hot drinks and home-made cakes are served, all free of charge, and there is free WiFi available.","hours":{"_text":"Tuesday: 10:00 - 12:00, Saturday: 10:00 - 12:00 Monthly","opening":"Tu 10:00-12:00; Sa 10:00-12:00"},"title":"Holbrook Heart Cafe"},"type":"Feature"},
		{"geometry":{"coordinates":[-0.16297,51.17108],"type":"Point"},"properties":{"_source":"warm_welcome","address":"55-57 Russell Square, Surrey RH6 7QH","description":"SPACE OPENING ON 14th November 2023** This space is open to all.","hours":{"_text":"Tuesday: 09:30 - 17:00, Wednesday: 09:30 - 17:00, Thursday: 09:30 - 17:00, Friday: 09:30 - 17:00, Saturday: 09:30 - 17:00","opening":"Tu 09:30-17:00; We 09:30-17:00; Th 09:30-17:00; Fr 09:30-17:00; Sa 09:30-17:00"},"title":"Horley Library"},"type":"Feature"},
		{"geometry":{"coordinates":[-0.33275,51.06219],"type":"Point"},"properties":{"_source":"warm_welcome","address":"West Sussex County Council, Horsham, West Sussex RH12 1PJ","description":"Public Library - Free space for everyone to use.","hours":{"_text":"Monday: 09:00 - 18:00, Tuesday: 09:00 - 18:00, Wednesday: 09:00 - 18:00, Thursday: 09:00 - 18:00, Friday: 09:00 - 18:00, Saturday: 09:00 - 17:00","opening":"Mo 09:00-18:00; Tu 09:00-18:00; We 09:00-18:00; Th 09:00-18:00; Fr 09:00-18:00; Sa 09:00-17:00"},"title":"Horsham Library"},"type":"Feature"},
		{"geometry":{"coordinates":[-0.35014,51.02484],"type":"Point"},"properties":{"_source":"warm_welcome","address":"West Sussex County Council, West Sussex RH13 9LA","description":"Public library open to all","hours":{"_text":"Monday: 10:00 - 17:00, Tuesday: 10:00 - 17:00, Wednesday: 10:00 - 17:00, Thursday: 10:00 - 17:00, Friday: 10:00 - 17:00, Saturday: 10:00 - 14:00","opening":"Mo 10:00-17:00; Tu 10:00-17:00; We 10:00-17:00; Th 10:00-17:00; Fr 10:00-17:00; Sa 10:00-14:00"},"title":"Southwater Library"},"type":"Feature"},
		{"geometry":{"coordinates":[-0.32122,51.06817],"type":"Point"},"properties":{"_source":"warm_welcome","address":"Springboard House, West Sussex RH12 2EP","description":"Springboard is an inclusive stay and play centre for families with children from birth to ten years. There is a sensory room, soft play, spacious and secure garden, toys, books, ceiling hoists and accessible changing facilities. We are offering our space for free on Fridays between 11:15-12:45 where families can access an exclusive stay and play session. We will supply free hot drinks and a supportive staff member.","hours":{"_text":"Friday: 11:15 - 12:45","opening":"Fr 11:15-12:45"},"title":"Springboard Inclusive Stay and Play"},"type":"Feature"},
		{"geometry":{"coordinates":[-0.34779,51.08991],"type":"Point"},"properties":{"_source":"warm_welcome","address":"St Margaret’s Church, Warnham, West Sussex RH12 3QP","description":"Friday Coffee Warm Welcome Space open every Friday 10.30am - 12pm with hot drinks, home made cakes and free WiFi. All available in our Parish Room.","hours":{"_text":"Friday: 10:30 - 12:00","opening":"Fr 10:30-12:00"},"title":"St Margarets Church Warnham"},"type":"Feature"},
		{"geometry":{"coordinates":[-0.18025,51.12069],"type":"Point"},"properties":{"_source":"warm_welcome","address":"Crawley Methodist Church, Crawley, West Sussex RH10 8ER","description":"Anyone The cafe is open Term Time Only","hours":{"_text":"Tuesday: 10:30 - 13:30, Wednesday: 10:30 - 13:30, Thursday: 10:30 - 13:30","opening":"Tu 10:30-13:30; We 10:30-13:30; Th 10:30-13:30"},"title":"St Paul's Methodist Church Cafe - Loaves & Fishes"},"type":"Feature"},
		{"geometry":{"coordinates":[-0.14147,50.95843],"type":"Point"},"properties":{"_source":"warm_welcome","address":"The Cherry Tree Centre,, Burgess Hill, West Sussex RH15 8QB","description":"The Community Cafe is open on both Monday between 12:00 and 14:00 and Thursdays for coffee and cakes between 10:00 am and 12:00. On a Thursday lunches are then served between 12:00 and 13:30 . The cafe/lunches are based on a pay as you can basis with no charge for those who cannot afford to make a contribution.","hours":{"_text":"Monday: 10:00 - 12:00, Thursday: 10:00 - 14:00","opening":"Mo 10:00-12:00; Th 10:00-14:00"},"title":"The Cherry Tree Centre"},"type":"Feature"},
		{"geometry":{"coordinates":[-0.11197,51.00665],"type":"Point"},"properties":{"_source":"warm_welcome","address":"The Dolphin, West Sussex RH16 1LY","description":"Leisure centre open to all","hours":{"_text":"Monday: 06:15 - 22:00, Tuesday: 06:15 - 22:00, Wednesday: 06:15 - 22:00, Thursday: 06:15 - 22:00, Friday: 06:15 - 21:00, Saturday: 07:00 - 20:00, Sunday: 07:30 - 20:00","opening":"Mo 06:15-22:00; Tu 06:15-22:00; We 06:15-22:00; Th 06:15-22:00; Fr 06:15-21:00; Sa 07:00-20:00; Su 07:30-20:00"},"title":"The Dolphin"},"type":"Feature"},
		{"geometry":{"coordinates":[-0.11122,51.00660],"type":"Point"},"properties":{"_source":"warm_welcome","address":"Pasture Hill Road, Haywards Heath, West Sussex RH16 1LY","description":"The Dolphin is a large leisure centre with a full Costa store, changing facilities and a range of activities for the whole family. We have first aid qualified colleagues onsite at all times and are registered as a rest centre with the local authority.","hours":{"_text":"Monday: 06:15 - 22:00, Tuesday: 06:15 - 22:00, Wednesday: 06:15 - 22:00, Thursday: 06:15 - 22:00, Friday: 06:15 - 21:00, Saturday: 07:30 - 19:00, Sunday: 07:30 - 19:00","opening":"Mo 06:15-22:00; Tu 06:15-22:00; We 06:15-22:00; Th 06:15-22:00; Fr 06:15-21:00; Sa 07:30-19:00; Su 07:30-19:00"},"title":"The Dolphin Leisure Centre"},"type":"Feature"},
		{"geometry":{"coordinates":[-0.01855,51.13303],"type":"Point"},"properties":{"_source":"warm_welcome","address":"Trinity Methodist Church, West Sussex RH19 2HA","description":"The space gives a warm welcome to all, with warm drinks and food, toys and activities.T","hours":{"_text":"Monday: 10:00 - 15:00, Tuesday: 10:00 - 15:00, Wednesday: 10:00 - 15:00, Thursday: 10:00 - 15:00, Friday: 10:00 - 16:00","opening":"Mo 10:00-15:00; Tu 10:00-15:00; We 10:00-15:00; Th 10:00-15:00; Fr 10:00-16:00"},"title":"The Welcome Cafe"},"type":"Feature"},
		{"geometry":{"coordinates":[-0.34757,51.02581],"type":"Point"},"properties":{"_source":"warm_spaces","address":"Pevensey Road, Horsham, England, RH13 9XZ, United Kingdom","description":"Free Wi-Fi, Device Charging, People to chat to, Space to work, Food/Drink for sale, Wheelchair Accessible, Toilets, Accessible Toilet, Parking, Child Friendly","hours":{"_text":"Tue -Sun 9am-3pm","opening":"Tu-Su 09:00-15:00"},"title":"Cafe at the Ghyll","url":"https://www.facebook.com/people/Cafe-at-The-Ghyll/100083339432210/"},"type":"Feature"},
		{"geometry":{"coordinates":[-0.09028,51.00082],"type":"Point"},"properties":{"_source":"warm_spaces","address":"Bentswood Hub, 34 America Lane, Haywards Heath, England, RH16 3QB, United Kingdom","description":"Free Food/Drink, Free Wi-Fi, Device Charging, Advice, People to chat to, Space to work, Food/Drink for sale, Wheelchair Accessible, Toilets, Parking, Child Friendly, Computer Access","hours":{"_text":"Friday 9am-2pm","opening":"Fr 09:00-14:00"},"title":"Bentswood Warm Space"},"type":"Feature"},
		{"geometry":{"coordinates":[-0.10017,50.99487],"type":"Point"},"properties":{"_source":"warm_spaces","address":"Haywards Heath Baptist Church, Sussex Road, Haywards Heath, England, RH16 4DZ, United Kingdom","description":"Free Food/Drink, Free Wi-Fi, Device Charging, Advice, People to chat to, Space to work, Wheelchair Accessible, Toilets, Accessible Toilet, Child Friendly, Computer Access","hours":{"_text":"Monday &amp; Wednesday 9am-5pm (Closed 26 &amp; 28 Dec, open 2 Jan 2023 12-3pm)","opening":"Mo 09:00-17:00; We 09:00-17:00"},"title":"Haywards Heath Baptist Church","url":"https://www.hhbchurch.org.uk/warm-space"},"type":"Feature"},
		{"geometry":{"coordinates":[-0.07835,51.04902],"type":"Point"},"properties":{"_source":"warm_spaces","address":"13 High Street, Haywards Heath, England, RH17 6TB, United Kingdom","description":"Free Food/Drink, Free Wi-Fi, Device Charging, People to chat to, Space to work, Wheelchair Accessible, Toilets, Accessible Toilet, Child Friendly","hours":{"_text":"Tuesday 2pm-5pm (refreshments), Wednesday 10am-4pm (light lunch), Thursday 10am-4pm (light lunch), Friday 2pm-5pm (refreshments)","opening":"Tu 14:00-17:00; We 10:00-16:00; Th 10:00-16:00; Fr 14:00-17:00"},"title":"Hapstead Hall","url":"https://hapsteadhall.co.uk"},"type":"Feature"},
		{"geometry":{"coordinates":[-0.32318,51.06644],"type":"Point"},"properties":{"_source":"warm_spaces","address":"Hurst Road, Horsham, England, RH12 2DF, United Kingdom","description":"Free Wi-Fi, People to chat to, Space to work, Food/Drink for sale, Wheelchair Accessible, Toilets, Accessible Toilet, Parking, Child Friendly","hours":{"_text":"Mon-Fri 6.30am-9.30pm, Sat &amp; Sun 7am-6.30pm","opening":"Mo-Fr 06:30-21:30; Sa 07:00-18:30; Su 07:00-18:30"},"title":"The Pavilions in the Park","url":"https://www.placesleisure.org/centres/the-pavilions-in-the-park/"},"type":"Feature"},
		{"geometry":{"coordinates":[-0.33121,51.05965],"type":"Point"},"properties":{"_source":"warm_spaces","address":"Causeway, Horsham, England, RH12 1HE, United Kingdom","description":"Free Food/Drink, People to chat to, Toilets, Child Friendly","hours":{"_text":"Thursday 10am-1pm","opening":"Th 10:00-13:00"},"title":"St Mary's Church, Horsham"},"type":"Feature"},
		{"geometry":{"coordinates":[-0.18079,51.12067],"type":"Point"},"properties":{"_source":"warm_spaces","address":"Woodfield Road, Crawley, England, RH10, United Kingdom","description":"Free Food/Drink, Free Wi-Fi, People to chat to, Food/Drink for sale, Wheelchair Accessible, Toilets, Accessible Toilet, Parking, Child Friendly, Computer Access","hours":{"_text":"Monday to Thursday 10:30am-1:30pm (Term Time only)","opening":"Mo-Th 10:30-13:30"},"title":"Crawley Methodist Church - St Paul's","url":"https://www.crawleymethodistchurch.org.uk"},"type":"Feature"},
		{"geometry":{"coordinates":[-0.01850,51.13107],"type":"Point"},"properties":{"_source":"warm_spaces","address":"Lingfield Road, East Grinstead, England, RH19 2HA, United Kingdom","description":"Free Food/Drink, Free Wi-Fi, Device Charging, People to chat to, Food/Drink for sale, Wheelchair Accessible, Toilets, Accessible Toilet, Parking, Child Friendly","hours":{"_text":"Mon-Fri, 10am-3pm","opening":"Mo-Fr 10:00-15:00"},"title":"Trinity Methodist Welcome Cafe","url":"https://www.trinitymethodist.org.uk"},"type":"Feature"},
		{"geometry":{"coordinates":[-0.05115,50.99241],"type":"Point"},"properties":{"_source":"warm_spaces","address":"Church Road, Haywards Heath, England, RH17 7NY, United Kingdom","description":"Free Food/Drink, Free Wi-Fi, Device Charging, People to chat to, Space to work, Jigsaws, games, magazines, crafts","hours":{"_text":"Thur, 12pm-3:30pm","opening":"Th 12:00-15:30"},"title":"St Augustine's Church, Scaynes Hill","url":"https://www.sash.org.uk"},"type":"Feature"},
		{"geometry":{"coordinates":[-0.31543,51.08235],"type":"Point"},"properties":{"_source":"warm_spaces","address":"Saint Mark&#39;s Lane, Horsham, England, RH12 5PU, United Kingdom","description":"Free Food/Drink, Free Wi-Fi, People to chat to","hours":{"_text":"10am- 12pm every Tuesday &amp; 10am-12pm on the 4th Saturday monthly","opening":"Sa[4] 10:00-12:00; Tu 10:00-12:00"},"title":"Holbrook Heart Cafe, St Mark's Church","url":"http://www.stmarksholbrook.org.uk"},"type":"Feature"},
		{"geometry":{"coordinates":[-0.01447,51.17639],"type":"Point"},"properties":{"_source":"surrey_county_council_warm_hubs","address":"Church Road, Old Town Hill, Lingfiled RH7 6HA","hours":{"_text":"Tuesdays 10am -3pm","opening":"Tu 10:00-15:00"},"title":"St Peter and St Paul's Church"},"type":"Feature"},
		{"geometry":{"coordinates":[-0.17348,51.17534],"type":"Point"},"properties":{"_source":"surrey_county_council_warm_hubs","address":"289 Ct Lodge Rd, Horley RH6 8RG","hours":{"_text":"Thursdays 10am - 5.30pm","opening":"Th 10:00-17:30"},"title":"Horley Baptist Church"},"type":"Feature"},
		{"geometry":{"coordinates":[-0.01560,51.17423],"type":"Point"},"properties":{"_source":"surrey_county_council_warm_hubs","address":"54 High St, Lingfield RH7 6AA","hours":{"_text":"Friday's 10:00 - 15:00","opening":"Fr 10:00-15:00"},"title":"Victoria Sports Social Club"},"type":"Feature"},
		{"geometry":{"coordinates":[-0.01546,51.17462],"type":"Point"},"properties":{"_source":"surrey_county_council_warm_hubs","address":"High St, Lingfield RH7 6AB","hours":{"_text":"Wednesday's 10:00 - 15:00","opening":"We 10:00-15:00"},"title":"Lingfield & Dormansland Community Centre"},"type":"Feature"},
		{"geometry":{"coordinates":[-0.01838,51.17550],"type":"Point"},"properties":{"_source":"surrey_county_council_warm_hubs","address":"Vicarage Rd, Lingfield RH7 6EZ - Saturdays","hours":{"_text":"Saturdays - Lunch at 12:30"},"title":"St Bernard's Catholic Church"},"type":"Feature"},
		{"geometry":{"coordinates":[-0.16384,51.17337],"type":"Point"},"properties":{"_source":"surrey_county_council_warm_hubs","address":"Albert Road, Horley, RH6 7JA","hours":{"_text":"Monday - Friday, 10:00 - 16:00","opening":"Mo-Fr 10:00-16:00"},"title":"Horley Community Centre"},"type":"Feature"},
		{"geometry":{"coordinates":[-0.03901,51.14155],"type":"Point"},"properties":{"_source":"surrey_county_council_warm_hubs","address":"St John’s Church, The Glebe, Felbridge, East Grinstead RH19 2QT","hours":{"_text":"Fri: 9am to 12pm","opening":"Fr 09:00-12:00"},"title":"Glebe Café"},"type":"Feature"},
		{"geometry":{"coordinates":[-0.22574,51.15686],"type":"Point"},"properties":{"_source":"surrey_county_council_warm_hubs","address":"2 Norwood Hill Rd, Charlwood, Horley RH6 0ED","hours":{"_text":"Mon: 10am to 3pm Wed: 11am to 4pm Thu: 11am to 4pm","opening":"Mo 10:00-15:00; We 11:00-16:00; Th 11:00-16:00"},"title":"Charlwood Parish Council"},"type":"Feature"},
		{"geometry":{"coordinates":[-0.16655,51.17281],"type":"Point"},"properties":{"_source":"surrey_county_council_warm_hubs","address":"120 Victoria Road Horley RH6 7BL","hours":{"_text":"Tuesdays and Wednesdays 9am – 1pm","opening":"Tu 09:00-13:00; We 09:00-13:00"},"title":"Horley Health Hub"},"type":"Feature"}
	]
}
