{
	"type": "FeatureCollection",
	"features": [
		{"geometry":{"coordinates":[-2.35825,51.38124],"type":"Point"},"properties":{"_source":"warm_welcome","address":"9 Kingston Buildings, Bath, Avon BA1 1LT","description":"Our initial focus is on catering for students and older people but we will certainly give a warm welcome to all visitors. There will be: soup and a roll and hot drinks; books, newspapers, magazines; games and puzzles; optional fun art and craft activities; optional short guided tours of Bath Abbey","hours":{"_text":"Tuesday: 12:30 - 14:30","opening":"Tu 12:30-14:30"},"title":"Bath Abbey"},"type":"Feature"},
		{"geometry":{"coordinates":[-2.25148,51.34544],"type":"Point"},"properties":{"_source":"warm_welcome","address":"16 St. Margaret's Street, Bradford on Avon, Wiltshire BA15 1DA","description":"On Wednesdays mornings 10:30-12:00 we have a ladies meetings with craft activities. On Friday mornings 10:30-12:00 we have a men's gathering and at 12:30-14:00 serve soup & rolls to everyone who would like to drop in.","hours":{"_text":"Monday: 11:00 - 13:00, Tuesday: 9:30 - 13:00, Wednesday: 10:30 - 13:00, Thursday: 9:30 - 13:00, Friday: 10:30 - 14:00","opening":"Mo 11:00-13:00; Tu 09:30-13:00; We 10:30-13:00; Th 09:30-13:00; Fr 10:30-14:00"},"title":"Bradford-on-Avon Community Church"},"type":"Feature"},
		{"geometry":{"coordinates":[-2.39517,51.37993],"type":"Point"},"properties":{"_source":"warm_welcome","address":"107 High st Twerton , Bath , Bath ba2 1by","hours":{"_text":"Tuesday: 13:00 - 17:00, Wednesday: 13:00 - 17:00, Thursday: 10:00 - 17:00, Friday: 12:00 - 17:00","opening":"Tu 13:00-17:00; We 13:00-17:00; Th 10:00-17:00; Fr 12:00-17:00"},"title":"Creative Twerton"},"type":"Feature"},
		{"geometry":{"coordinates":[-2.32008,51.23357],"type":"Point"},"properties":{"_source":"warm_welcome","address":"Frome Library, Justice Lane, Frome BA11 1BE","description":"Variety of weekly activities including Toddler Time Tuesdays 10am and Fridays 11am; Babie Boogie Tuesdays 11am, Toy Library Wednesdays 1pm (small charge), Knit and Natter Thursdays 2pm","hours":{"_text":"Monday: 9:30 - 17:00 / -, Tuesday: 9:30 - 17:00 / -, Wednesday: 9:30 - 17:00 / -, Thursday: 9:30 - 17:00 / -, Friday: 9:30 - 17:00 / -, Saturday: 9:30 - 16:00 / -","opening":"Mo 09:30-17:00; Tu 09:30-17:00; We 09:30-17:00; Th 09:30-17:00; Fr 09:30-17:00; Sa 09:30-16:00"},"title":"Frome Library"},"type":"Feature"},
		{"geometry":{"coordinates":[-2.42891,51.31488],"type":"Point"},"properties":{"_source":"warm_welcome","address":"The Hive Community Centre, Bath, Somerset BA2 8DH","hours":{"_text":"Monday: 16:00 - 17:30, Wednesday: 16:00 - 17:30, Friday: 16:00 - 17:30","opening":"Mo 16:00-17:30; We 16:00-17:30; Fr 16:00-17:30"},"title":"Hive Youth"},"type":"Feature"},
		{"geometry":{"coordinates":[-2.39485,51.39754],"type":"Point"},"properties":{"_source":"warm_welcome","address":"Weston Free Church High Street , Weston , Bath BA1 4DB","description":"All ages Children's play area","hours":{"_text":"Friday: 9:00 - 15:00 / -","opening":"Fr 09:00-15:00"},"title":"Love Weston Community Cafe"},"type":"Feature"},
		{"geometry":{"coordinates":[-2.20679,51.32167],"type":"Point"},"properties":{"_source":"warm_welcome","address":"Church Street, Trowbridge, Wiltshire BA148DU","hours":{"_text":"Monday: 10:00 - 12:00, Wednesday: 10:00 - 12:00, Saturday: 10:00 - 12:00","opening":"Mo 10:00-12:00; We 10:00-12:00; Sa 10:00-12:00"},"title":"St James Church Trowbridge"},"type":"Feature"},
		{"geometry":{"coordinates":[-2.36035,51.38447],"type":"Point"},"properties":{"_source":"warm_welcome","address":"Broad St, Bath BA1 5LJ","description":"We have a cafe in the space selling hot and cold food and drinks.","hours":{"_text":"Monday: 09:00 - 15:30, Tuesday: 09:00 - 15:30, Wednesday: 09:00 - 15:30, Thursday: 09:00 - 15:30, Friday: 09:00 - 15:30, Saturday: 09:00 - 15:30, Sunday: 09:15 - 12:30","opening":"Mo 09:00-15:30; Tu 09:00-15:30; We 09:00-15:30; Th 09:00-15:30; Fr 09:00-15:30; Sa 09:00-15:30; Su 09:15-12:30"},"title":"St Michael's Church"},"type":"Feature"},
		{"geometry":{"coordinates":[-2.20388,51.31030],"type":"Point"},"properties":{"_source":"warm_welcome","address":"York Buildings, Trowbridge, Wiltshire BA14 0PF","description":"Open from 02/12/2022.","hours":{"_text":"Friday: 11:00 - 2:30","opening":"Fr 11:00-02:30"},"title":"St Thomas Church, Trowbridge, Wiltshire"},"type":"Feature"},
		{"geometry":{"coordinates":[-2.32205,51.23015],"type":"Point"},"properties":{"_source":"warm_welcome","address":"7 Palmer Street, Frome, Somerset BA11 1DS","description":"Open from 1 November 2022. Welcome in from the cold! Hot drinks free of charge, cake for a donation, playroom with toys for children, comfortable seating, books and wifi. Vegetarian food by Tibetan Memories available to buy/pay it forward at lunch (12-3pm) and dinner (5-7pm).","hours":{"_text":"Tuesday: 12:00 - 19:00, Wednesday: 12:00 - 19:00, Thursday: 12:00 - 19:00, Friday: 12:00 - 19:00, Saturday: 12:00 - 19:00, Sunday: 12:00 - 19:00","opening":"Tu 12:00-19:00; We 12:00-19:00; Th 12:00-19:00; Fr 12:00-19:00; Sa 12:00-19:00; Su 12:00-19:00"},"title":"The Good Heart"},"type":"Feature"},
		{"geometry":{"coordinates":[-2.36582,51.38154],"type":"Point"},"properties":{"_source":"warm_welcome","address":"Green Park Road, Bath, Somerset BA1 1XE","description":"We cater for all - Free soup, bread roll, Tea and coffee is provided from 15:00 We also have a cafe open from 9:30am till 3pm that people are welcome to stay warm in","hours":{"_text":"Wednesday: 15:00 - 18:00, Thursday: 15:00 - 18:00, Friday: 15:00 - 18:00","opening":"We 15:00-18:00; Th 15:00-18:00; Fr 15:00-18:00"},"title":"The Salvation Army Bath Citadel"},"type":"Feature"},
		{"geometry":{"coordinates":[-2.39264,51.39555],"type":"Point"},"properties":{"_source":"warm_welcome","address":"Penn Hill Road, Weston, Bath BA1 4EH","hours":{"_text":"Monday: 12:00 - 2:00 / -","opening":"Mo 12:00-02:00"},"title":"Weston Welcome Cafe and Food Club"},"type":"Feature"},
		{"geometry":{"coordinates":[-2.19630,51.33977],"type":"Point"},"properties":{"_source":"warm_spaces","address":"Staverton Club, Marsh Road, Trowbridge, England, BA14","hours":{"_text":"Alternate Fridays 10am-12pm","opening":"Fr 10:00-12:00"},"title":"Cornerstone Coffee and Cake","url":"https://cornerstonefellowship-trowbridge.co.uk"},"type":"Feature"},
		{"geometry":{"coordinates":[-2.39805,51.38087],"type":"Point"},"properties":{"_source":"warm_spaces","address":"The Lighthouse Centre, Watery Lane, Bath, England, BA2","hours":{"_text":"Wednesdays 4pm-7pm (starting 23 November 2022)","opening":"We 16:00-19:00"},"title":"Twerton Warm Space","url":"https://www.stmichaelstwerton.com"},"type":"Feature"},
		{"geometry":{"coordinates":[-2.20767,51.32146],"type":"Point"},"properties":{"_source":"warm_spaces","address":"Church Street, Trowbridge, England, BA14 8RU","hours":{"_text":"Monday, Wednesday, Saturday 10am-12noon","opening":"Mo 10:00-12:00; We 10:00-12:00; Sa 10:00-12:00"},"title":"St James Church Trowbridge","url":"https://www.stjamestrowbridge.co.uk"},"type":"Feature"},
		{"geometry":{"coordinates":[-2.20827,51.31992],"type":"Point"},"properties":{"_source":"warm_spaces","address":"Court Hall, Castle Street, Trowbridge, England, BA14 8AR","hours":{"_text":"Monday-Friday, 9am-5:30pm","opening":"Mo-Fr 09:00-17:30"},"title":"ElevateOM","url":"https://www.elevateom.com"},"type":"Feature"},
		{"geometry":{"coordinates":[-2.13041,51.37172],"type":"Point"},"properties":{"_source":"warm_spaces","address":"Queensway Chapel, Pembroke Road, Melksham, England, SN12 7NB","hours":{"_text":"Tuesdays, 9:30am-2pm","opening":"Tu 09:30-14:00"},"title":"Queensway Chapel - Open Lunch","url":"https://www.queenswaychapel.co.uk"},"type":"Feature"},
		{"geometry":{"coordinates":[-2.35972,51.38359],"type":"Point"},"properties":{"_source":"warm_spaces","address":"St Michael&#39;s Church, Broad Street, Bath, England, BA1 5LJ","hours":{"_text":"9am-3.30pm"},"title":"St. Michael's Without","url":"https://stmichaelsbath.org.uk"},"type":"Feature"},
		{"geometry":{"coordinates":[-2.32264,51.23046],"type":"Point"},"properties":{"_source":"warm_spaces","address":"The Good Heart, 7 Palmer Street, Frome, England, BA11 1DS","hours":{"_text":"Tue-Sun, 12pm-7pm","opening":"Tu-Su 12:00-19:00"},"title":"The Good Heart","url":"https://www.thegoodheart.uk"},"type":"Feature"},
		{"geometry":{"coordinates":[-2.32092,51.23247],"type":"Point"},"properties":{"_source":"warm_spaces","address":"Frome Library, Justice Lane, Frome, England, BA11 1BE","hours":{"_text":"Mon-Fri 9.30am-5pm, Sat 9.30am-4pm","opening":"Mo-Fr 09:30-17:00; Sa 09:30-16:00"},"title":"Frome Library","url":"https://www.somerset.gov.uk/libraries-leisure-and-communities/libraries/"},"type":"Feature"},
		{"geometry":{"coordinates":[-2.20951,51.32033],"type":"Point"},"properties":{"_source":"warm_spaces","address":"Trowbridge Museum, The Shires Shopping Centre, Trowbridge, England, BA14 8AT","hours":{"_text":"10am-4pm, Monday - Saturday","opening":"Mo-Sa 10:00-16:00"},"title":"Trowbridge Museum","url":"https://Trowbridgemuseum.co.uk"},"type":"Feature"},
		{"geometry":{"coordinates":[-2.38932,51.38587],"type":"Point"},"properties":{"_source":"bath_and_north_east_somerset_council","address":"Weston Methodist Church , Newbridge Hill, Bath, BA1 3EA","hours":{},"title":"New Testament Church of God (NTCG) Bath","url":"https://livewell.bathnes.gov.uk/cost-living-crisis/warm-places-list/new-testament-church-god-ntcg-bath"},"type":"Feature"},
		{"geometry":{"coordinates":[-2.39488,51.37980],"type":"Point"},"properties":{"_source":"bath_and_north_east_somerset_council","address":"107 High Street, Twerton, Bath, BA21DB","hours":{},"title":"Little Lost Robot in partnership with Bath Spa University","url":"https://livewell.bathnes.gov.uk/cost-living-crisis/warm-places-list/little-lost-robot-partnership-bath-spa-university"},"type":"Feature"},
		{"geometry":{"coordinates":[-2.39479,51.36976],"type":"Point"},"properties":{"_source":"bath_and_north_east_somerset_council","address":"Mount View, Southdown, Bath, BA2 1NW","hours":{},"title":"St Barnabas Church","url":"https://livewell.bathnes.gov.uk/cost-living-crisis/warm-places-list/st-barnabas-church"},"type":"Feature"},
		{"geometry":{"coordinates":[-2.34625,51.39780],"type":"Point"},"properties":{"_source":"bath_and_north_east_somerset_council","address":"Brookleaze Buildings, Larkhall, Bath, BA1 6RA","hours":{},"title":"New Oriel Hall","url":"https://livewell.bathnes.gov.uk/cost-living-crisis/warm-places-list/new-oriel-hall"},"type":"Feature"},
		{"geometry":{"coordinates":[-2.39650,51.38056],"type":"Point"},"properties":{"_source":"bath_and_north_east_somerset_council","address":"The Lighthouse Centre , High Street, Twerton, Bath, BA2 1DQ","hours":{},"title":"St Michael and All Angels Church, Twerton","url":"https://livewell.bathnes.gov.uk/cost-living-crisis/warm-places-list/st-michael-and-all-angels-church-twerton"},"type":"Feature"},
		{"geometry":{"coordinates":[-2.36045,51.36009],"type":"Point"},"properties":{"_source":"bath_and_north_east_somerset_council","address":"Hawthorn Grove , Foxhill, Bath, BA2 5QA","hours":{},"title":"St Andrew&#039;s Community Church","url":"https://livewell.bathnes.gov.uk/cost-living-crisis/warm-places-list/st-andrews-community-church"},"type":"Feature"},
		{"geometry":{"coordinates":[-2.35430,51.38151],"type":"Point"},"properties":{"_source":"bath_and_north_east_somerset_council","address":"Bath Sports and Leisure Centre, North Parade Road, Bath, BA2 4ET","hours":{},"title":"Bath Sports and Leisure Centre","url":"https://livewell.bathnes.gov.uk/cost-living-crisis/warm-places-list/bath-sports-and-leisure-centre"},"type":"Feature"},
		{"geometry":{"coordinates":[-2.36160,51.38113],"type":"Point"},"properties":{"_source":"bath_and_north_east_somerset_council","address":"St Michaels Day Community Centre, 1-2 St Michaels Street, Bath, BA1 1SG","hours":{},"title":"Age UK Bath &amp; North East Somerset","url":"https://livewell.bathnes.gov.uk/cost-living-crisis/warm-places-list/age-uk-bath-north-east-somerset"},"type":"Feature"},
		{"geometry":{"coordinates":[-2.38667,51.37491],"type":"Point"},"properties":{"_source":"bath_and_north_east_somerset_council","address":"The Cabin, University of Bath, Dartmouth Avenue Building Dartmouth Avenue Oldfield Park, Bath, BA2 1AS","hours":{},"title":"Cosy Wednesdays at The University of Bath","url":"https://livewell.bathnes.gov.uk/cost-living-crisis/warm-places-list/cosy-wednesdays-university-bath"},"type":"Feature"},
		{"geometry":{"coordinates":[-2.35887,51.38145],"type":"Point"},"properties":{"_source":"bath_and_north_east_somerset_council","address":"Bath Abbey, Bath, BA1 1LT","hours":{},"title":"Bath Abbey","url":"https://livewell.bathnes.gov.uk/cost-living-crisis/warm-places-list/bath-abbey"},"type":"Feature"},
		{"geometry":{"coordinates":[-2.35669,51.37880],"type":"Point"},"properties":{"_source":"bath_and_north_east_somerset_council","address":"Manvers Street Baptist Church, Manvers Street, Bath, BA1 1JW","hours":{},"title":"Cafe at the Centre/Manvers Street Baptist Church","url":"https://livewell.bathnes.gov.uk/cost-living-crisis/warm-places-list/cafe-centremanvers-street-baptist-church"},"type":"Feature"},
		{"geometry":{"coordinates":[-2.36693,51.36825],"type":"Point"},"properties":{"_source":"bath_and_north_east_somerset_council","address":"St Luke Church Centre, Wellsway, Bath, BA2 2BD","hours":{},"title":"St Luke&#039;s Church","url":"https://livewell.bathnes.gov.uk/cost-living-crisis/warm-places-list/st-lukes-church"},"type":"Feature"},
		{"geometry":{"coordinates":[-2.44728,51.29130],"type":"Point"},"properties":{"_source":"bath_and_north_east_somerset_council","address":"Radstock Community Hub and Library, Radstock, BA3 3PR","hours":{},"title":"Radstock Community Hub and Library","url":"https://livewell.bathnes.gov.uk/cost-living-crisis/warm-places-list/radstock-community-hub-and-library"},"type":"Feature"},
		{"geometry":{"coordinates":[-2.36535,51.37948],"type":"Point"},"properties":{"_source":"bath_and_north_east_somerset_council","address":"Green Park Road, Bath, BA2 2UL","hours":{},"title":"The Salvation Army (Bath Citadel)","url":"https://livewell.bathnes.gov.uk/cost-living-crisis/warm-places-list/salvation-army-bath-citadel"},"type":"Feature"},
		{"geometry":{"coordinates":[-2.34840,51.37497],"type":"Point"},"properties":{"_source":"bath_and_north_east_somerset_council","address":"St Matthews, Widcombe Hill, Bath, BA2 6AA","hours":{},"title":"St Matts Church","url":"https://livewell.bathnes.gov.uk/cost-living-crisis/warm-places-list/st-matts-church"},"type":"Feature"},
		{"geometry":{"coordinates":[-2.39916,51.38941],"type":"Point"},"properties":{"_source":"bath_and_north_east_somerset_council","address":"Fairfield House , 2 Kelston Road (Off Partis Way) , Bath, BA1 3QJ","hours":{},"title":"BEMSCA (Bath Ethnic Minority Senior Citizens Association)","url":"https://livewell.bathnes.gov.uk/cost-living-crisis/warm-places-list/bemsca-bath-ethnic-minority-senior-citizens-association"},"type":"Feature"},
		{"geometry":{"coordinates":[-2.35921,51.38344],"type":"Point"},"properties":{"_source":"bath_and_north_east_somerset_council","address":"Bath Central Library, 19 - 23 The Podium , Bath, BA1 5AN","hours":{},"title":"Bath Central Library","url":"https://livewell.bathnes.gov.uk/cost-living-crisis/warm-places-list/bath-central-library"},"type":"Feature"},
		{"geometry":{"coordinates":[-2.43013,51.31426],"type":"Point"},"properties":{"_source":"bath_and_north_east_somerset_council","address":"The Hive Community Centre, Bath Road, Peasedown St John, BA2 8DH","hours":{},"title":"The Hive Community Centre","url":"https://livewell.bathnes.gov.uk/cost-living-crisis/warm-places-list/hive-community-centre"},"type":"Feature"},
		{"geometry":{"coordinates":[-2.35982,51.38367],"type":"Point"},"properties":{"_source":"bath_and_north_east_somerset_council","address":"St. Michael&#039;s Without, Broad Street, Bath, BA1 5LP","hours":{},"title":"St. Michael&#039;s Without","url":"https://livewell.bathnes.gov.uk/cost-living-crisis/warm-places-list/st-michaels-without"},"type":"Feature"},
		{"geometry":{"coordinates":[-2.38435,51.36196],"type":"Point"},"properties":{"_source":"bath_and_north_east_somerset_council","address":"3 Cafe Kitchen , 180 Frome Road , Bath, BA2 5RF","hours":{},"title":"3 Café Kitchen","url":"https://livewell.bathnes.gov.uk/cost-living-crisis/warm-places-list/3-cafe-kitchen"},"type":"Feature"},
		{"geometry":{"coordinates":[-2.39203,51.39639],"type":"Point"},"properties":{"_source":"bath_and_north_east_somerset_council","address":"Weston Free Church (Moravian) , High Street Weston , Bath, BA1 4DB","hours":{},"title":"Love Weston Community Cafe","url":"https://livewell.bathnes.gov.uk/cost-living-crisis/warm-places-list/love-weston-community-cafe"},"type":"Feature"},
		{"geometry":{"coordinates":[-2.39351,51.39469],"type":"Point"},"properties":{"_source":"bath_and_north_east_somerset_council","address":"Weston Hub , Penn Hill Road,Weston, Bath , BA1 4EH","hours":{},"title":"Weston Welcome Cafe and Food Club","url":"https://livewell.bathnes.gov.uk/cost-living-crisis/warm-places-list/weston-welcome-cafe-and-food-club"},"type":"Feature"},
		{"geometry":{"coordinates":[-2.36603,51.38255],"type":"Point"},"properties":{"_source":"bath_and_north_east_somerset_council","address":"Percy Community Centre, New King Street, Bath, BA1 2BN","hours":{},"title":"Percy Community Centre","url":"https://livewell.bathnes.gov.uk/cost-living-crisis/warm-places-list/percy-community-centre"},"type":"Feature"},
		{"geometry":{"coordinates":[-2.39472,51.37424],"type":"Point"},"properties":{"_source":"bath_and_north_east_somerset_council","address":"Southside Youth Hub , Kelston View, Whiteway , Bath, BA2 1NR","hours":{},"title":"Youth Connect South West","url":"https://livewell.bathnes.gov.uk/cost-living-crisis/warm-places-list/youth-connect-south-west"},"type":"Feature"},
		{"geometry":{"coordinates":[-2.39706,51.37235],"type":"Point"},"properties":{"_source":"bath_and_north_east_somerset_council","address":"Southdown Methodist Church Centre , The Hollow , Bath, BA2 1NJ","hours":{},"title":"Southdown Methodist Church Centre","url":"https://livewell.bathnes.gov.uk/cost-living-crisis/warm-places-list/southdown-methodist-church-centre"},"type":"Feature"},
		{"geometry":{"coordinates":[-2.32074,51.23245],"type":"Point"},"properties":{"_source":"spark_somerset","address":"Justice Lane, Frome, BA11 1BE","contact":"Email: frolib@somerset.gov.uk","hours":{"_text":"Mon-Fri 9:30am-5pm, sat 9:30am-4pm","opening":"Mo-Fr 09:30-17:00; Sa 09:30-16:00"},"title":"Frome Library"},"type":"Feature"},
		{"geometry":{"coordinates":[-2.21065,51.31721],"type":"Point"},"properties":{"_source":"wiltshire_council","description":"Reading group for people with memory loss and their carers","hours":{},"title":"Library Shared Reading Group, Trowbridge","url":"https://directory.hertfordshire.gov.uk/Services/4"},"type":"Feature"},
		{"geometry":{"coordinates":[-2.21860,51.24766],"type":"Point"},"properties":{"_source":"wiltshire_council","description":"Jigsaws, games, colouring and crafts. 1st Monday of the month. 2-4pm","hours":{},"title":"Soul Space cafe - Dilton Marsh","url":"https://directory.hertfordshire.gov.uk/Services/2122"},"type":"Feature"},
		{"geometry":{"coordinates":[-2.12531,51.35791],"type":"Point"},"properties":{"_source":"wiltshire_council","hours":{},"title":"Melksham Community Dining","url":"https://directory.hertfordshire.gov.uk/Services/1983"},"type":"Feature"},
		{"geometry":{"coordinates":[-2.21159,51.32581],"type":"Point"},"properties":{"_source":"wiltshire_council","hours":{},"title":"Seymour Community Hub - Trowbridge","url":"https://directory.hertfordshire.gov.uk/Services/934"},"type":"Feature"},
		{"geometry":{"coordinates":[-2.18322,51.26173],"type":"Point"},"properties":{"_source":"wiltshire_council","hours":{},"title":"Tea, Cake and Company - Westbury All Saints Church","url":"https://directory.hertfordshire.gov.uk/Services/2123"},"type":"Feature"}
	]
}
