{
	"type": "FeatureCollection",
	"features": [
		{"geometry":{"coordinates":[0.26178,51.12815],"type":"Point"},"properties":{"_source":"warm_welcome","address":"High Street, Tunbridge Wells, Kent TN1 1UT","description":"Thrive Community Cafe provides a warm welcome, free hot drinks and delicious cake. We look forward to seeing you.","hours":{"_text":"Tuesday: 14:00 - 16:00, Thursday: 10:00 - 12:00","opening":"Tu 14:00-16:00; Th 10:00-12:00"},"title":"Christ Church"},"type":"Feature"},
		{"geometry":{"coordinates":[0.26178,51.12815],"type":"Point"},"properties":{"_source":"warm_welcome","address":"High Street, Tunbridge Wells, Kent TN1 1UT","description":"Thrive Community Cafe provides a warm welcome, free hot drinks and delicious cake. We look forward to seeing you.","hours":{"_text":"Tuesday: 14:00 - 16:00, Thursday: 10:00 - 12:00","opening":"Tu 14:00-16:00; Th 10:00-12:00"},"title":"Christ Church"},"type":"Feature"},
		{"geometry":{"coordinates":[0.25588,51.01985],"type":"Point"},"properties":{"_source":"warm_welcome","address":"Colkins mill church, Station Rd,, Mayfield , E Sussex TN20 6BT","description":"Open from 09/12/22. We are open on 9th and 12th December to start with and are offering hot drinks ,biscuits & toast. Homemade soup at lunchtime, bring your own food if preferred (a microwave is available). Games ,puzzles ,books etc all available.","hours":{"_text":"Monday: 10:00 - 15:00 / - Monthly, Friday: 10:00 - 15:00","opening":"Mo 10:00-15:00; Fr 10:00-15:00"},"title":"Colkins Mill Church"},"type":"Feature"},
		{"geometry":{"coordinates":[0.25588,51.01985],"type":"Point"},"properties":{"_source":"warm_welcome","address":"Colkins mill church, Station Rd,, Mayfield , E Sussex TN20 6BT","description":"Open from 09/12/22. We are open on 9th and 12th December to start with and are offering hot drinks ,biscuits & toast. Homemade soup at lunchtime, bring your own food if preferred (a microwave is available). Games ,puzzles ,books etc all available.","hours":{"_text":"Monday: 10:00 - 15:00 / - Monthly, Friday: 10:00 - 15:00","opening":"Mo 10:00-15:00; Fr 10:00-15:00"},"title":"Colkins Mill Church"},"type":"Feature"},
		{"geometry":{"coordinates":[0.25728,50.96651],"type":"Point"},"properties":{"_source":"warm_welcome","address":"St Richard's Church HALL, Upper Station Road, Heathfield, East Sussex TN21 8DS","hours":{"_text":"Friday: 10:00 - 16:00","opening":"Fr 10:00-16:00"},"title":"Heathfield Benefice"},"type":"Feature"},
		{"geometry":{"coordinates":[0.25952,51.12635],"type":"Point"},"properties":{"_source":"warm_welcome","address":"3 Warwick Park, Tunbridge Wells, Kent TN2 5TA","description":"Open from 04/11/2022. We aim to cater for all","hours":{"_text":"Friday: 13:30 - 17:00","opening":"Fr 13:30-17:00"},"title":"King Charles the Martyr Church Hall Tunbridge Wells"},"type":"Feature"},
		{"geometry":{"coordinates":[0.26002,51.15617],"type":"Point"},"properties":{"_source":"warm_welcome","address":"137 London Road, Tunbridge Wells, Kent TN4 0NA","description":"board games, kids games","hours":{"_text":"Monday: 09:00 - 18:00","opening":"Mo 09:00-18:00"},"title":"Southborough Town Council"},"type":"Feature"},
		{"geometry":{"coordinates":[0.26002,51.15617],"type":"Point"},"properties":{"_source":"warm_welcome","address":"137 London Road, Tunbridge Wells, Kent TN4 0NA","description":"board games, kids games","hours":{"_text":"Monday: 09:00 - 18:00","opening":"Mo 09:00-18:00"},"title":"Southborough Town Council"},"type":"Feature"},
		{"geometry":{"coordinates":[0.28291,51.14526],"type":"Point"},"properties":{"_source":"warm_welcome","address":"St Philips Church, Birken Road, Tunbridge Wells, Kent TN2 3TE","description":"Open from 02-11-2022.","hours":{"_text":"Wednesday: 09:00 - 13:00","opening":"We 09:00-13:00"},"title":"St Philips Church"},"type":"Feature"},
		{"geometry":{"coordinates":[0.28291,51.14526],"type":"Point"},"properties":{"_source":"warm_welcome","address":"St Philips Church, Birken Road, Tunbridge Wells, Kent TN2 3TE","description":"Open from 02-11-2022.","hours":{"_text":"Wednesday: 09:00 - 13:00","opening":"We 09:00-13:00"},"title":"St Philips Church"},"type":"Feature"},
		{"geometry":{"coordinates":[0.27432,51.15097],"type":"Point"},"properties":{"_source":"warm_welcome","address":"High Brooms Road, Tunbridge Wells, Kent TN4 9BW","description":"Open from 23-11-2022. A warm space in High Brooms with free tea and coffee, Wi-Fi internet access, Board games, hot soup lunch","hours":{"_text":"Wednesday: 10:00 - 16:00","opening":"We 10:00-16:00"},"title":"St. Matt's warm welcome"},"type":"Feature"},
		{"geometry":{"coordinates":[0.17037,51.04198],"type":"Point"},"properties":{"_source":"warm_welcome","address":"St Richards Church, Fermor Road, Crowborough TN6 3AP","description":"Open from 14-12-2022. Working in partnership Alderbrook Community Association and Crowborough Community Fridge, we are open each Wednesday from 12-4pm. Come along for refreshments, food, community, companionship, chat, play games, build puzzles, and read books.","hours":{"_text":"Wednesday: 12:00 - 16:00","opening":"We 12:00-16:00"},"title":"St. Richards church"},"type":"Feature"},
		{"geometry":{"coordinates":[0.17037,51.04198],"type":"Point"},"properties":{"_source":"warm_welcome","address":"St Richards Church, Fermor Road, Crowborough TN6 3AP","description":"Open from 14-12-2022. Working in partnership Alderbrook Community Association and Crowborough Community Fridge, we are open each Wednesday from 12-4pm. Come along for refreshments, food, community, companionship, chat, play games, build puzzles, and read books.","hours":{"_text":"Wednesday: 12:00 - 16:00","opening":"We 12:00-16:00"},"title":"St. Richards church"},"type":"Feature"},
		{"geometry":{"coordinates":[0.09597,50.96998],"type":"Point"},"properties":{"_source":"warm_spaces","address":"21B High Street, Uckfield, England, TN22 1AG","hours":{"_text":"Thursday 10am-12.30pm","opening":"Th 10:00-12:30"},"title":"Eagle Cafe"},"type":"Feature"},
		{"geometry":{"coordinates":[0.09514,50.96988],"type":"Point"},"properties":{"_source":"warm_spaces","address":"Bellfarm Lane, Uckfield, England, TN22 1AY","hours":{"_text":"Thursday 10am-12.30pm","opening":"Th 10:00-12:30"},"title":"The Eagle Cafe"},"type":"Feature"},
		{"geometry":{"coordinates":[0.25060,50.97125],"type":"Point"},"properties":{"_source":"warm_spaces","address":"Union Church Heathfield, Station Road, Heathfield. East Sussex, England, TN21 8LB","hours":{"_text":"Wednesday 10am-1:30pm, Thursday 9:30am-12noon","opening":"We 10:00-13:30; Th 09:30-12:00"},"title":"Union Church Heathfield","url":"https://www.unionchurchheathfield.org.uk"},"type":"Feature"},
		{"geometry":{"coordinates":[0.25173,50.96932],"type":"Point"},"properties":{"_source":"warm_spaces","address":"Station Road, Heathfield, England, TN21","hours":{"_text":"Wednesday 10am-1pm, Thursday 9:30am-12noon","opening":"We 10:00-13:00; Th 09:30-12:00"},"title":"Union Church Heathfield","url":"https://www.facebook.com/unionchurchheathfield"},"type":"Feature"},
		{"geometry":{"coordinates":[0.09671,50.96436],"type":"Point"},"properties":{"_source":"warm_spaces","address":"Victoria Pavilion, Victoria Pleasure Ground, Uckfield, England, TN22 5DJ","hours":{"_text":"Friday 9:30-4pm (starting on 6 January), Saturday 2pm-4pm (closed on 24 &amp; 31 December, Free Monday Dinners 5:30pm-7:30pm every other week from 16th January - Booking required)","opening":"Fr 09:30-16:00; Sa 14:00-16:00"},"title":"Victoria Pavilion Support Centre","url":"https://www.sussexsupportservice.com"},"type":"Feature"},
		{"geometry":{"coordinates":[0.25101,50.97071],"type":"Point"},"properties":{"_source":"warm_spaces","address":"Kings Church, State Hall, Station Road, Heathfield, England, TN21 8LD","hours":{"_text":"Thursday 9am-12noon","opening":"Th 09:00-12:00"},"title":"Kings Church Heathfield","url":"https://www.kcheathfield.org.uk"},"type":"Feature"},
		{"geometry":{"coordinates":[0.15851,51.05854],"type":"Point"},"properties":{"_source":"warm_spaces","address":"Pine Grove, Crowborough, England, TN6 1FE","hours":{"_text":"9am-9pm"},"title":"Crowborough Community Centre","url":"https://www.crowboroughcentre.info"},"type":"Feature"},
		{"geometry":{"coordinates":[0.25728,50.96663],"type":"Point"},"properties":{"_source":"warm_spaces","address":"St Richards Hall, Upper Station Road, Heathfield, England, TN21 8DS","hours":{"_text":"10am-4pm"},"title":"Heathfield Benefice","url":"https://HeathfieldBenefice.org.uk"},"type":"Feature"},
		{"geometry":{"coordinates":[0.17104,51.04190],"type":"Point"},"properties":{"_source":"warm_spaces","address":"St Richard&#39;s Church, Fermor Road, Crowborough, England, TN6 3AP","hours":{"_text":"Wednesdays 12pm-4pm ","opening":"We 12:00-16:00"},"title":"Crowborough Community Fridge 'Warm Wednesdays'","url":"https://www.facebook.com/CrowboroughCommunityFridge"},"type":"Feature"},
		{"geometry":{"coordinates":[0.23581,50.97154],"type":"Point"},"properties":{"_source":"warm_spaces","address":"St Bartholomew&#39;s Church, Little London Road, Heathfield, England, TN21 0LS","hours":{"_text":"Monday 10am-4pm","opening":"Mo 10:00-16:00"},"title":"Alleluia Room-St Bartholomew's Church","url":"https://www.waldronchurches.org.uk"},"type":"Feature"},
		{"geometry":{"coordinates":[0.09559,50.97224],"type":"Point"},"properties":{"_source":"warm_spaces","address":"Library Way, Uckfield, England, TN22 1AR","hours":{"_text":"Tuesday 10am-4pm","opening":"Tu 10:00-16:00"},"title":"The Luxford Centre","url":"https://manorparkhempfieldsresidents.co.uk"},"type":"Feature"},
		{"geometry":{"coordinates":[0.27462,51.13088],"type":"Point"},"properties":{"_source":"warm_spaces","address":"Bayhall Road, Tunbridge Wells, England, TN2 4UT","hours":{"_text":"Wednesday and Thursday, 10am-1:30pm","opening":"We 10:00-13:30; Th 10:00-13:30"},"title":"The Salvation Army","url":"http://www.salvationarmy.org.uk/tunbridge-wells"},"type":"Feature"},
		{"geometry":{"coordinates":[0.26021,51.15635],"type":"Point"},"properties":{"_source":"warm_spaces","address":"137 London Road, Tunbridge Wells, England, TN4 0NA","hours":{"_text":"Mondays, 9am-6pm","opening":"Mo 09:00-18:00"},"title":"Southborough Civic Centre"},"type":"Feature"},
		{"geometry":{"coordinates":[0.26719,51.13462],"type":"Point"},"properties":{"_source":"warm_spaces","address":"The Kitchen Table, 19 Camden Road, Tunbridge Wells, England, TN1 2QY","hours":{"_text":""},"title":"The Kitchen Table","url":"https://crosswayscommunity.org.uk/how-we-can-help/kitchen-table/"},"type":"Feature"},
		{"geometry":{"coordinates":[0.22958,51.13536],"type":"Point"},"properties":{"_source":"warm_spaces","address":"St Paul&#39;s Church Centre, Rusthall High Street, Tunbridge Wells, England, TN4","hours":{"_text":"Wednesday, 12pm-2pm","opening":"We 12:00-14:00"},"title":"Charlie's Angels Kitchens","url":"https://Charliesangelskitchens.co.uk"},"type":"Feature"},
		{"geometry":{"coordinates":[0.25840,51.12647],"type":"Point"},"properties":{"_source":"warm_spaces","address":"The Zero Waste Company, 13 The Pantiles, Tunbridge Wells, England, TN2 5TD","hours":{"_text":"9:30am-5pm"},"title":"The Zero Waste Company","url":"https://www.thezerowastecompany.com"},"type":"Feature"},
		{"geometry":{"coordinates":[0.00546,51.15965],"type":"Point"},"properties":{"_source":"surrey_county_council_warm_hubs","address":"83 Dormans High St, Dormansland, Lingfield RH7 6RA","hours":{"_text":"Tuesday's 09:00 - 15:00","opening":"Tu 09:00-15:00"},"title":"St John’s the Evangelist Church"},"type":"Feature"},
		{"geometry":{"coordinates":[0.00755,51.16442],"type":"Point"},"properties":{"_source":"surrey_county_council_warm_hubs","address":"3 Plough Rd, Dormansland, Lingfield RH7 6PS","hours":{"_text":"(start date and time awaits)"},"title":"Dormansland War Memorial Hall"},"type":"Feature"},
		{"geometry":{"coordinates":[0.00547,51.16692],"type":"Point"},"properties":{"_source":"surrey_county_council_warm_hubs","address":"Dormans Road, Dormansland, Lingfield RH7 6QH","hours":{"_text":"Wednesdays 10:00 - 15:00","opening":"We 10:00-15:00"},"title":"Claridge House Retreat Centre"},"type":"Feature"},
		{"geometry":{"coordinates":[0.00714,51.16354],"type":"Point"},"properties":{"_source":"surrey_county_council_warm_hubs","address":"7 High Street, Dormansland RH7 6PU","hours":{"_text":"Fridays 09:00 15:00"},"title":"Dormansland Baptist Church"},"type":"Feature"}
	]
}
