{
	"type": "FeatureCollection",
	"features": [
		{"geometry":{"coordinates":[-1.42809,53.23733],"type":"Point"},"properties":{"_source":"warm_welcome","address":"38 Saltergate, Chesterfield, Derbyshire S40 1UH","description":"All are welcome. Children catered for Direct access from the street, all areas wheelchair accessible. TV screen for showing films, play video games , not mainstream TV. Cornerstone Christian Bookshop and Coffee Shop open every day except Wednesday and Sunday 10:00 - 15:00.","hours":{"_text":"Friday: 15:00 - 18:00","opening":"Fr 15:00-18:00"},"title":"Central Methodist Church, Chesterfield, Derbyshire S40 1UH"},"type":"Feature"},
		{"geometry":{"coordinates":[-1.43497,53.24006],"type":"Point"},"properties":{"_source":"warm_welcome","address":"Chesterfield Baptist Church, Cross Street, Chesterfield S40 4ST","description":" Every Wednesday - Renew Cross Street - Wellbeing Cafe. Saturdays (once a month) - Waste Not Cafe. Please visit our website for further details.","hours":{"_text":"Wednesday: 10:00 - 16:00, Sunday: 18:00 - 19:30 / - Monthly","opening":"We 10:00-16:00; Su 18:00-19:30"},"title":"Chesterfield Baptist Church"},"type":"Feature"},
		{"geometry":{"coordinates":[-1.42478,53.25363],"type":"Point"},"properties":{"_source":"warm_welcome","address":"The Hub, East Stand., Chesterfield, Derbyshire s418nz","description":"","hours":{"_text":"Monday: 17:00 - 19:30, Tuesday: 17:00 - 19:30, Wednesday: 17:00 - 19:30, Thursday: 17:00 - 19:30, Friday: 17:00 - 19:30","opening":"Mo 17:00-19:30; Tu 17:00-19:30; We 17:00-19:30; Th 17:00-19:30; Fr 17:00-19:30"},"title":"Chesterfield FC Community Trust"},"type":"Feature"},
		{"geometry":{"coordinates":[-1.47185,53.24622],"type":"Point"},"properties":{"_source":"warm_welcome","address":"41 Mercaston Close, Holme Hall, CHESTERFIELD, Derbyshire S40 4UE","description":"Our focus is on elderly people and those who are lonely and vulnerable.","hours":{"_text":"Tuesday: 12:00 - 16:00, Friday: 12:00 - 16:00","opening":"Tu 12:00-16:00; Fr 12:00-16:00"},"title":"Holme Hall Unite"},"type":"Feature"},
		{"geometry":{"coordinates":[-1.45890,53.32235],"type":"Point"},"properties":{"_source":"warm_welcome","address":"Jordanthorpe Library, 15 Jordanthorpe Centre, Sheffield S8 8DX","description":"","hours":{"_text":"Tuesday: 9:30 - 12:30, Wednesday: 10:00 - 13:00, Friday: 13:30 - 16:30, Saturday: 10:00 - 13:00","opening":"Tu 09:30-12:30; We 10:00-13:00; Fr 13:30-16:30; Sa 10:00-13:00"},"title":"Jordanthorpe Library"},"type":"Feature"},
		{"geometry":{"coordinates":[-1.46464,53.32351],"type":"Point"},"properties":{"_source":"warm_welcome","address":"Unit 3, Dyche Lane, Sheffield, South Yorkshire S8 8DX","description":"","hours":{"_text":"Thursday: 10:00 - 12:00 / 19:00 - 21:30, Friday: 16:30 - 18:30, Sunday: 10:00 - 12:00 / 16:00 - 17:00","opening":"Th 10:00-12:00,19:00-21:30; Fr 16:30-18:30; Su 10:00-12:00,16:00-17:00"},"title":"Meadowhead Christian Fellowship"},"type":"Feature"},
		{"geometry":{"coordinates":[-1.45976,53.24329],"type":"Point"},"properties":{"_source":"warm_welcome","address":"Loundsley Green Community Centre, Cuttholme Road, Chesterfield s40 4qu","description":"Open from 15-11-2022. All welcome, wheelchair friendly. Skilled volunteers. Toys, games, books and magazines available ","hours":{"_text":"Tuesday: 10:00 - 13:00","opening":"Tu 10:00-13:00"},"title":"morgansue"},"type":"Feature"},
		{"geometry":{"coordinates":[-1.67358,53.28361],"type":"Point"},"properties":{"_source":"warm_welcome","address":"The Church Centre, Church Street, Eyam S32 5QH","description":" We also holiday@home which is an all-day event with free food and various activities","hours":{"_text":"Friday: 11:00 - 16:00","opening":"Fr 11:00-16:00"},"title":"Open Doors Eyam Church Centre"},"type":"Feature"},
		{"geometry":{"coordinates":[-1.46864,53.23158],"type":"Point"},"properties":{"_source":"warm_welcome","address":"Upper Moor Street, Chesterfield, Derbyshire S40 3NR","description":"Open from 08/11/2022. 2nd, 3rd & 4th Tuesdays each month.","hours":{"_text":"Tuesday: 09:00 - 12:00","opening":"Tu 09:00-12:00"},"title":"Storrs Road Methodist Church"},"type":"Feature"},
		{"geometry":{"coordinates":[-1.49114,53.32024],"type":"Point"},"properties":{"_source":"warm_welcome","address":"232 Lowedges Road, SHEFFIELD, South Yorkshire S8 7JB","description":"","hours":{"_text":"Monday: 09:00 - 17:00, Tuesday: 09:30 - 14:00, Wednesday: 10:00 - 17:00, Thursday: 09:30 - 12:00, Friday: 09:30 - 15:00","opening":"Mo 09:00-17:00; Tu 09:30-14:00; We 10:00-17:00; Th 09:30-12:00; Fr 09:30-15:00"},"title":"The Terminus Initiative"},"type":"Feature"},
		{"geometry":{"coordinates":[-1.59195,53.16079],"type":"Point"},"properties":{"_source":"warm_welcome","address":"The Whitworth, Station Road, Station Road, Darley Dale, Derbyshire DE4 2EQ","description":"Open from November until March.","hours":{"_text":"Wednesday: 09:30 - 16:30","opening":"We 09:30-16:30"},"title":"The Whitworth- Warm Wednesdays"},"type":"Feature"},
		{"geometry":{"coordinates":[-1.52568,53.31926],"type":"Point"},"properties":{"_source":"warm_welcome","address":"1 Grove Road , Totley , Sheffield S17 4DJ","description":"Open from 1/11/2022. Everyone welcome for free hot drinks, WiFi & charging station in this warm space. Everyone welcome every Tuesday 10am til 12pm. All welcome to join us for free w","hours":{"_text":"Tuesday: 10:00 - 12:00","opening":"Tu 10:00-12:00"},"title":"Totley Rise Methodist Church "},"type":"Feature"},
		{"geometry":{"coordinates":[-1.40856,53.19088],"type":"Point"},"properties":{"_source":"warm_welcome","address":"68 Queen Victoria Road , Chesterfield , Derbyshire S42 6BL","description":" Mondays (term-time), free toddler group. Thursdays, open living room with hot drinks and peace. Fridays, free café with soup, cake, drinks and more! All are welcome.","hours":{"_text":"Monday: 09:00 - 11:00, Thursday: 10:00 - 12:00, Friday: 10:00 - 12:00","opening":"Mo 09:00-11:00; Th 10:00-12:00; Fr 10:00-12:00"},"title":"Tupton Edge Centre, Edge Ministries "},"type":"Feature"},
		{"geometry":{"coordinates":[-1.43280,53.22034],"type":"Point"},"properties":{"_source":"warm_welcome","address":"Burns Close, Chesterfield , Derbyshire S40 2SW","description":"","hours":{"_text":"Monday: 10:00 - 15:00, Tuesday: 10:00 - 15:00, Thursday: 12:00 - 14:30, Friday: 12:45 - 15:00","opening":"Mo 10:00-15:00; Tu 10:00-15:00; Th 12:00-14:30; Fr 12:45-15:00"},"title":"Umbrellas Cosy Hub "},"type":"Feature"},
		{"geometry":{"coordinates":[-1.46266,53.22550],"type":"Point"},"properties":{"_source":"warm_spaces","address":"Moorland View Road, Chesterfield, England, S40 3DD","hours":{"_text":"Wednesday 12pm-2pm","opening":"We 12:00-14:00"},"title":"Walton Church","url":"https://waltonchurch.org"},"type":"Feature"},
		{"geometry":{"coordinates":[-1.40840,53.19061],"type":"Point"},"properties":{"_source":"warm_spaces","address":"Tupton Edge Centre, Queen Victoria Road, Chesterfield, England, S42 6BL","hours":{"_text":"Fri 10am-12pm","opening":"Fr 10:00-12:00"},"title":"Tupton Edge Centre","url":"https://www.facebook.com/TuptonPC"},"type":"Feature"},
		{"geometry":{"coordinates":[-1.41545,53.18473],"type":"Point"},"properties":{"_source":"warm_spaces","address":"Old Tupton Methodist Church, 96 Nethermoor Road, Chesterfield, England, S42 6EN","hours":{"_text":"Wed 11am-1pm","opening":"We 11:00-13:00"},"title":"Old Tupton Methodist Church","url":"https://www.facebook.com/TuptonPC"},"type":"Feature"},
		{"geometry":{"coordinates":[-1.41712,53.18495],"type":"Point"},"properties":{"_source":"warm_spaces","address":"Tupton Community Hub, Nethermoor Road, Chesterfield, England, S42 6EN","hours":{"_text":"Tue &amp; Thu 10:00am-12:00pm","opening":"Tu 10:00-12:00; Th 10:00-12:00"},"title":"Tupton Community Hub","url":"https://www.facebook.com/TuptonPC"},"type":"Feature"},
		{"geometry":{"coordinates":[-1.59072,53.16239],"type":"Point"},"properties":{"_source":"warm_spaces","address":"The Whitworth, Station Road, Darley Dale, England, DE4 2EQ","hours":{"_text":"Wednesday 9.30am-4.30pm (November to March)","opening":"We 09:30-16:30"},"title":"Warm Wednesdays at The Whitworth","url":"https://www.thewhitworth.org.uk"},"type":"Feature"},
		{"geometry":{"coordinates":[-1.43693,53.23768],"type":"Point"},"properties":{"_source":"warm_spaces","address":"Foljambe Road, Chesterfield, England, S40 1NJ","hours":{"_text":"Tuesday 12.30pm-3.30pm","opening":"Tu 12:30-15:30"},"title":"Chesterfield Salvation Army","url":"https://www.salvationarmy.org.uk/chesterfield"},"type":"Feature"}
	]
}
