{
	"type": "FeatureCollection",
	"features": [
		{"geometry":{"coordinates":[0.45494,52.35675],"type":"Point"},"properties":{"_source":"warm_welcome","address":"West Row Village Hall, SUFFOLK IP28 8NY","description":"Twice per month a subsidised fish lunch is provided this is held in our village hall. A large venue with all amenities, disabled friendly and ample room for large gatherings We also have a lounge available and open lawns when the weather permits","hours":{"_text":"Friday: 12:15 - 02:30 Fortnightly","opening":"Fr 12:15-14:30"},"title":"Fish on Fridays"},"type":"Feature"},
		{"geometry":{"coordinates":[0.39026,52.31158],"type":"Point"},"properties":{"_source":"warm_welcome","address":"Victoria Hall, Ely, CB7 5NG","description":"Community Hub that's welcome to all and provides a warm space to enjoy free refreshments and meet others.","hours":{"_text":"Monday: 10:00 - 12:00","opening":"Mo 10:00-12:00"},"title":"Fordham Community Hub"},"type":"Feature"},
		{"geometry":{"coordinates":[0.51908,52.41600],"type":"Point"},"properties":{"_source":"warm_welcome","address":"65 High Street, Suffolk IP27 9DS","description":"A space open to all - to play, read and learn, use computers, grab a hot drink and a chat or a listening ear.","hours":{"_text":"Tuesday: 10:00 - 02:00, Wednesday: 14:00 - 17:00, Thursday: 12:00 - 17:00, Friday: 09:00 - 14:00, Saturday: 09:00 - 12:00, Sunday: 10:00 - 15:00","opening":"Tu 10:00-14:00; We 14:00-17:00; Th 12:00-17:00; Fr 09:00-14:00; Sa 09:00-12:00; Su 10:00-15:00"},"title":"Lakenheath Library"},"type":"Feature"},
		{"geometry":{"coordinates":[0.46343,52.34967],"type":"Point"},"properties":{"_source":"warm_welcome","address":"The Village Hall, West Row, Suffolk IP288PY IP288PY","description":"Fish and Chip Lunches need to be pre-booked","hours":{"_text":"Friday: 12:30 - 14:30","opening":"Fr 12:30-14:30"},"title":"Rosalind Hamill"},"type":"Feature"},
		{"geometry":{"coordinates":[0.49280,52.36550],"type":"Point"},"properties":{"_source":"warm_welcome","address":"Bury St Edmunds, Suffolk IP28 8AA IP28 8AA","description":"St John's Church Hall","hours":{"_text":"Tuesday: 11:30 - 02:30","opening":"Tu 11:30-14:30"},"title":"St John's Church Warm Rooms"},"type":"Feature"},
		{"geometry":{"coordinates":[0.38782,52.31179],"type":"Point"},"properties":{"_source":"cambridgeshire_acre","address":"Victoria Hall, Carter Street, Fordham, Ely, CB7 5NG","hours":{"_text":"Monday, 10am - 12pm (Christmas closing: This Hub will be closed on Mon 29 Dec only)","opening":"Mo 10:00-12:00"},"loc_pcd":true,"title":"Fordham Community Hub"},"type":"Feature"},
		{"geometry":{"coordinates":[0.62667,52.44549],"type":"Point"},"properties":{"_source":"suffolk_-_rural_coffee_caravan","address":"Brandon Day Centre, Warren Close, Brandon IP27 0EE, UK","contact":"Tel: 01842 819777","hours":{"_text":"Monday 10.00 - 12.00","opening":"Mo 10:00-12:00"},"title":"Brandon Day Centre Cafe 'Old Friends & New","url":"https://ruralcoffeecaravan.org.uk/c-a-f-e-coffee-and-friends-events/c-a-f-e-events-locations/"},"type":"Feature"},
		{"geometry":{"coordinates":[0.62667,52.44549],"type":"Point"},"properties":{"_source":"suffolk_-_rural_coffee_caravan","address":"Brandon Day Centre, Warren Close, Brandon IP27 0EE, UK","contact":"Tel: 01842 819 777","description":"Come and join us each week for some friendly company and chat, all welcome!","hours":{"_text":"Mondays 10.00 - 12.00","opening":"Mo 10:00-12:00"},"title":"Old Friends, New Friends","url":"https://www.empanda.org.uk/services/day-care-services/brandon-day-centre/"},"type":"Feature"},
		{"geometry":{"coordinates":[0.69052,52.27681],"type":"Point"},"properties":{"_source":"suffolk_-_rural_coffee_caravan","address":"Thingoe Lodge, Forge End, Fornham All Saints, Bury St Edmunds, Bury Saint Edmunds IP28 6JU, UK","description":"*Please note: Our monthly visits to Fornham All Saints alternate between two locations over the year – Thingoe Lodge IP28 6Juand the Village Hall IP28 6JZ. Click on the word ‘WEBSITE’ above to go to our Events calendar,and search ‘Fornham’ for this year’s dates and individual visits. Please be aware that exceptions of dates and times may occur.","hours":{"_text":"Usually the first Wednesday of the month (see notes below) 10.00 - 12.00","opening":"We[1] 10:00-12:00"},"title":"Fornham All Saints (Visit)","url":"https://ruralcoffeecaravan.org.uk/events/"},"type":"Feature"},
		{"geometry":{"coordinates":[0.43853,52.32112],"type":"Point"},"properties":{"_source":"suffolk_-_rural_coffee_caravan","address":"Freckenham Village Hall, Fordham Road, Freckenham, Bury Saint Edmunds IP28 8JB, UK","description":"All ages are welcome. Join us weekly for some friendly company and chat at Freckenham Village Hall. Meet up with neighbours and friends, old and new. A tea or coffee is provided and a donation appreciated to cover the hall costs. There is always a biscuit available too!","hours":{"_text":"Mondays 14.00 - 15.30","opening":"Mo 14:00-15:30"},"title":"Freckenham Monday Meet Ups","url":"https://freckenham.suffolk.cloud/freckenham-village-hall/village-hall-weekly-events/"},"type":"Feature"},
		{"geometry":{"coordinates":[0.48441,52.33477],"type":"Point"},"properties":{"_source":"suffolk_-_rural_coffee_caravan","address":"The Street, Worlington, Bury St Edmunds, Suffolk, IP28 8RU, UK","description":"Click the word 'WEBSITE' above to go to our Events Calendar, and search ‘Worlington’ for this year’s dates and further details about individual visits. Please be aware that exceptions of dates or times may occur.","hours":{"_text":"Usually the last Friday of the month (see notes below) Jan-Mar: 11.30-14.00, May-Nov: 10.00 - 12.00 "},"title":"Worlington (RCC Visit)","url":"https://ruralcoffeecaravan.org.uk/events/"},"type":"Feature"},
		{"geometry":{"coordinates":[0.44876,52.32386],"type":"Point"},"properties":{"_source":"suffolk_-_rural_coffee_caravan","address":"East View, Freckenham, Bury Saint Edmunds IP28 8HU, UK","description":"Click the word 'WEBSITE' above to go to our Events Calendar, and search ‘Freckenham’ for this year’s dates and further details about individual visits. Please be aware that exceptions of dates or times may occur.","hours":{"_text":"Usually the first Tuesday of the month between April - October (see notes below) 14.00 - 16.00"},"title":"Freckenham (Visit)","url":"https://ruralcoffeecaravan.org.uk/events/"},"type":"Feature"}
	]
}
