{
	"type": "FeatureCollection",
	"features": [
		{"geometry":{"coordinates":[-1.31258,54.57996],"type":"Point"},"properties":{"_source":"warm_welcome","address":"Victoria Avenue, Norton, Stockton on Tees Ts20 2QB","description":"We are a Church offering food (first come, first served) and conversation. It is a friendly environment for all ages. We have board games, knitting, jigsaws and a whole lot more. It would be great to see you there!","hours":{"_text":"Friday: 16:30 - 20:00","opening":"Fr 16:30-20:00"},"title":"Christ Church MIssion"},"type":"Feature"},
		{"geometry":{"coordinates":[-1.38240,54.60510],"type":"Point"},"properties":{"_source":"warm_welcome","address":"Grindon Parish Hall, Stockton-on-Tees, Cleveland TS21 3JN","description":"A community hall suitable for groups, gatherings, meetings, parties and social events.","hours":{"_text":"Tuesday: 10:00 - 13:00, Friday: 10:00 - 12:00","opening":"Tu 10:00-13:00; Fr 10:00-12:00"},"title":"Grindon Parish Hall"},"type":"Feature"},
		{"geometry":{"coordinates":[-1.27415,54.70826],"type":"Point"},"properties":{"_source":"warm_welcome","address":"St Mary Magdalene Church Hart village Hartlepool, Hartlepool, Cleveland TS27 3AP","description":"All are welcome in this space","hours":{"_text":"Wednesday: 11:30 - 13:00","opening":"We 11:30-13:00"},"title":"Hart church"},"type":"Feature"},
		{"geometry":{"coordinates":[-1.31491,54.76312],"type":"Point"},"properties":{"_source":"warm_welcome","address":"Horden Centennial Centre, Peterlee, County Durham SR8 4LX","description":"Based in the grounds of St Mary's Church Horden our weekly cafe which operates from the Centennial Centre is open to all. We are open from 11.30 to 1.30pm every Wednesday and we offer breakfast sandwiches or scones with a cuppa at £3.50 per person.","hours":{"_text":"Wednesday: 11:30 - 13:30","opening":"We 11:30-13:30"},"title":"Horden Centennial Centre - Cafe 100"},"type":"Feature"},
		{"geometry":{"coordinates":[-1.31430,54.76480],"type":"Point"},"properties":{"_source":"warm_welcome","address":"Horden Youth & Community Association, Peterlee, County Durham SR8 4LH","description":"Warm, open and free Welcome Space, with access to IT facilities including device charging and light refreshments.","hours":{"_text":"Monday: 08:45 - 16:00, Tuesday: 08:45 - 16:00, Wednesday: 08:45 - 16:00, Thursday: 08:45 - 16:00, Friday: 08:45 - 15:00","opening":"Mo 08:45-16:00; Tu 08:45-16:00; We 08:45-16:00; Th 08:45-16:00; Fr 08:45-15:00"},"title":"Horden Youth and Community Centre"},"type":"Feature"},
		{"geometry":{"coordinates":[-1.08834,54.60634],"type":"Point"},"properties":{"_source":"warm_welcome","address":"5 Farndale Square, Redcar, Cleveland, Cleveland TS10 5HE","description":"Warm, welcoming Friendly Cafe who provide wonderful barista coffee and sandwiches, toasties and cakes. The cafe is also used for crafts, information sharing sessions and different agencies pop in to support with advice and guidance","hours":{"_text":"Monday: 09:00 - 03:00 / 05:00 - 07:00, Tuesday: 09:00 - 03:00 / 05:00 - 07:00, Wednesday: 09:00 - 03:00 / 06:00 - 08:00, Thursday: 09:00 - 03:00 / 06:00 - 08:00, Friday: 09:00 - 03:00, Saturday: 0:00, Sunday: 0:00","opening":"Mo 09:00-15:00,05:00-07:00; Tu 09:00-15:00,05:00-07:00; We 09:00-15:00,06:00-08:00; Th 09:00-15:00,06:00-08:00; Fr 09:00-15:00"},"title":"Make Do and Mend"},"type":"Feature"},
		{"geometry":{"coordinates":[-1.31058,54.58453],"type":"Point"},"properties":{"_source":"warm_welcome","address":"397- 399 Norton Methodist Church, Norton, cleveland TS20 2QQ","description":"OPEN EVERY FRIDAY 12.30-3.00 pm","hours":{"_text":"Friday: 12:30 - 03:00","opening":"Fr 12:30-15:00"},"title":"NORTON METHODIST CHURCH"},"type":"Feature"},
		{"geometry":{"coordinates":[-1.31162,54.59236],"type":"Point"},"properties":{"_source":"warm_welcome","address":"St Marys Parish Centre, Norton Green, Stockton on Tees TS20 1DT","description":"A friendly & welcoming space with regular talks, warm food & drinks, Parish Nurse surgery, health & wellbeing advice, signposting to multiple support agencies e.g. foodbank, financial advice, bereavement service, counselling & active community groups","hours":{"_text":"Monday: 10:00 - 13:00, Tuesday: 10:00 - 13:00, Wednesday: 10:00 - 15:30, Thursday: 10:00 - 12:00, Friday: 10:00 - 15:30, Sunday: 10:30 - 13:00","opening":"Mo 10:00-13:00; Tu 10:00-13:00; We 10:00-15:30; Th 10:00-12:00; Fr 10:00-15:30; Su 10:30-13:00"},"title":"Norton St Marys Parish Centre"},"type":"Feature"},
		{"geometry":{"coordinates":[-1.28296,54.61129],"type":"Point"},"properties":{"_source":"warm_welcome","address":"St Columba's URC, Cleveland TS23 3AB TS23 3YG","description":"At the beginning of May 2024 we will be serving scones, teacakes and a cuppa instead of soup for the summer months. All welcome, come and join us!","hours":{"_text":"Tuesday: 11:00 - 14:30, Friday: 11:00 - 14:30","opening":"Tu 11:00-14:30; Fr 11:00-14:30"},"title":"St Columba's Community Space"},"type":"Feature"},
		{"geometry":{"coordinates":[-1.33955,54.58932],"type":"Point"},"properties":{"_source":"warm_welcome","address":"St. Chads Church, Cleveland TS19 9JN","description":"Pantry open to anyone in need, food items etc available. Also space to sit and chat and have a hot drink","hours":{"_text":"Thursday: 09:00 - 12:00, Sunday: 09:00 - 10:30","opening":"Th 09:00-12:00; Su 09:00-10:30"},"title":"St. Chad’s Pantry"},"type":"Feature"},
		{"geometry":{"coordinates":[-1.08058,54.60286],"type":"Point"},"properties":{"_source":"warm_welcome","address":"St. Hildas Church, Cleveland TS10 4AW","description":"Our church space is open to all A warm welcome and a hot drink is available Our community café and Ecoshop is open on on Tuesdays between 10:00 and 13:00","hours":{"_text":"Monday: 11:00 - 13:00, Tuesday: 09:00 - 15:00, Friday: 10:30 - 12:00","opening":"Mo 11:00-13:00; Tu 09:00-15:00; Fr 10:30-12:00"},"title":"St. Hilda's Church"},"type":"Feature"},
		{"geometry":{"coordinates":[-1.32522,54.58895],"type":"Point"},"properties":{"_source":"warm_welcome","address":"Glebe Community Centre, Cleveland TS20 1RB","description":"Cafe AMALA session, 3rd / 4th Monday of the month (please check) - 3:30pm-4:30pm. Join us for a cuppa tea and some good company. After our Chair Yoga and Exercise session. All welcome, regardless of joining session before.","hours":{"_text":"Monday: 15:30 - 16:30 Monthly","opening":"Mo 15:30-16:30"},"title":"The Glebe Community Centre"},"type":"Feature"},
		{"geometry":{"coordinates":[-1.32480,54.58048],"type":"Point"},"properties":{"_source":"warm_welcome","address":"The Shack,, Stockton, county (optional) Ts19 0ju Ts19 0ju","description":"Similar to a community centre. A warm and welcoming space open to all.","hours":{"_text":"Tuesday: 10:00 - 01:00, Thursday: 10:00 - 12:00, Friday: 09:00 - 10:00","opening":"Tu 10:00-13:00; Th 10:00-12:00; Fr 09:00-10:00"},"title":"The Shack"},"type":"Feature"},
		{"geometry":{"coordinates":[-1.21701,54.68445],"type":"Point"},"properties":{"_source":"warm_welcome","address":"Unit 1, Cleveland TS26 9EN","description":"An Energy Hub that has a community room along with a kids table where they can play some games on the available tablets or do some colouring in. We serve hot drinks and run Energy Efficiency workshops, to show how you can save money on your household bills.","hours":{"_text":"Monday: 09:00 - 17:30, Tuesday: 09:00 - 17:30, Wednesday: 09:00 - 17:30, Thursday: 09:00 - 17:30, Friday: 09:00 - 17:30, Saturday: 09:00 - 17:30","opening":"Mo 09:00-17:30; Tu 09:00-17:30; We 09:00-17:30; Th 09:00-17:30; Fr 09:00-17:30; Sa 09:00-17:30"},"title":"Utilita Energy Hub (Hartlepool)"},"type":"Feature"}
	]
}
