{
	"type": "FeatureCollection",
	"features": [
		{"geometry":{"coordinates":[-1.34759,54.53107],"type":"Point"},"properties":{"_source":"warm_welcome","address":"https://allsaints-church.net/, 22 Dunottar Avenue, Preston On Tees TS16 0AB","description":"Open from 29-11-2022. Every monday we run a free cafe which is ongoing. The Tuesday sessions are within the date frame given but are likely to be extended. We are runnign in partnership with the Locomotion pub which is open Wed, Thurs, Fri with free hot drinks.","hours":{"_text":"Monday: 09:30 - 11:30, Tuesday: 10:00 - 12:00","opening":"Mo 09:30-11:30; Tu 10:00-12:00"},"title":"All Saints Church Preston On Tees"},"type":"Feature"},
		{"geometry":{"coordinates":[-1.31628,54.56432],"type":"Point"},"properties":{"_source":"warm_welcome","address":"Dovecot Street, Stockton on Tees, Tees Valley TS18 1LL","description":"We have a café on the ground floor, but everyone is welcome to make use of the seating areas on the first floor and in the Gallery (second floor) of ARC, with no need to buy anything.","hours":{"_text":"Monday: 12:00 - 16:00, Tuesday: 10:00 - 18:00, Wednesday: 10:00 - 21:00, Thursday: 10:00 - 21:00, Friday: 10:00 - 21:00, Saturday: 10:00 - 21:00","opening":"Mo 12:00-16:00; Tu 10:00-18:00; We 10:00-21:00; Th 10:00-21:00; Fr 10:00-21:00; Sa 10:00-21:00"},"title":"ARC Stockton"},"type":"Feature"},
		{"geometry":{"coordinates":[-1.18097,54.55846],"type":"Point"},"properties":{"_source":"warm_welcome","address":"Community Ventures Ltd, Thorntree, Middlesbrough TS3 9PA","description":"We especially invite older and minority people along. We are Dementia friendly.","hours":{"_text":"Wednesday: 10:30 - 13:00","opening":"We 10:30-13:00"},"title":"Community Ventures and Independent Age"},"type":"Feature"},
		{"geometry":{"coordinates":[-1.13420,54.48848],"type":"Point"},"properties":{"_source":"warm_welcome","address":"105b High Street , Great Ayton , North Yorkshire TS9 6NY","description":"We are a community hub that is also a library. We also sell art,crafts and second hand books.","hours":{"_text":"Tuesday: 10:00 - 16:00, Wednesday: 10:00 - 16:00, Thursday: 10:00 - 16:00, Friday: 10:00 - 16:00, Saturday: 10:00 - 13:00","opening":"Tu 10:00-16:00; We 10:00-16:00; Th 10:00-16:00; Fr 10:00-16:00; Sa 10:00-13:00"},"title":"Great Ayton Discovery Centre"},"type":"Feature"},
		{"geometry":{"coordinates":[-1.13663,54.48898],"type":"Point"},"properties":{"_source":"warm_welcome","address":"High Street, Great Ayton, North Yorkshire TS9 6NF","hours":{"_text":"Tuesday: 10:00 - 14:00, Wednesday: 16:00 - 19:00","opening":"Tu 10:00-14:00; We 16:00-19:00"},"title":"Great Ayton Methodist Church"},"type":"Feature"},
		{"geometry":{"coordinates":[-1.14097,54.49056],"type":"Point"},"properties":{"_source":"warm_welcome","address":"Great Ayton Methodist Church, High Street, , Great Ayton, Middlesbrough TS9 6NF","description":"There are facilities for all age groups however there are 2 sets of 3 steps to access toilets. Staff are available to assist. Toys for children can be made available.","hours":{"_text":"Tuesday: 10:00 - 15:00, Wednesday: 16:00 - 19:00","opening":"Tu 10:00-15:00; We 16:00-19:00"},"title":"Great Ayton Methodist Church"},"type":"Feature"},
		{"geometry":{"coordinates":[-1.19765,54.53142],"type":"Point"},"properties":{"_source":"warm_welcome","address":"7 The Willows, Marton, Middlesbrough TS7 8BL","description":"Open from 11/11/2022.","hours":{"_text":"Monday: 9:30 - 12:00 / 13:00 - 17:00, Thursday: 9:30 - 12:00 / 13:00 - 17:00, Friday: 09:30 - 12:00 / 13:00 - 17:00, Saturday: 9:30 - 12:30","opening":"Mo 09:30-12:00,13:00-17:00; Th 09:30-12:00,13:00-17:00; Fr 09:30-12:00,13:00-17:00; Sa 09:30-12:30"},"title":"Marton Community Hub & Library"},"type":"Feature"},
		{"geometry":{"coordinates":[-1.16647,54.56890],"type":"Point"},"properties":{"_source":"warm_welcome","address":"Herlingshaw Centre, , Normanby Road, Middlesbrough, England TS6 9AE","description":"Open from 09/11/2022.","hours":{"_text":"Wednesday: 16:00 - 18:00","opening":"We 16:00-18:00"},"title":"MFC Foundation"},"type":"Feature"},
		{"geometry":{"coordinates":[-1.22665,54.55895],"type":"Point"},"properties":{"_source":"warm_welcome","address":"Grove Hill Community Hub , Middlesbrough Council , Middlesbrough Ts4 2RP","hours":{"_text":"Monday: 9:00 - 16:00, Tuesday: 9:00 - 16:00, Wednesday: 9:00 - 16:00, Thursday: 9:00 - 16:00, Friday: 9:00 - 16:00","opening":"Mo 09:00-16:00; Tu 09:00-16:00; We 09:00-16:00; Th 09:00-16:00; Fr 09:00-16:00"},"title":"Middlesbrough Council"},"type":"Feature"},
		{"geometry":{"coordinates":[-1.18355,54.56475],"type":"Point"},"properties":{"_source":"warm_welcome","address":"Thorntree Community Hub, Middlesbrough, North Yorkshire TS39JW","hours":{"_text":"Monday: 09:00 - 17:00, Tuesday: 09:00 - 17:00, Wednesday: 09:00 - 17:00, Thursday: 09:00 - 17:00, Friday: 09:00 - 17:00","opening":"Mo 09:00-17:00; Tu 09:00-17:00; We 09:00-17:00; Th 09:00-17:00; Fr 09:00-17:00"},"title":"Middlesbrough Council Thorntree Hub"},"type":"Feature"},
		{"geometry":{"coordinates":[-1.26226,54.55598],"type":"Point"},"properties":{"_source":"warm_welcome","address":"2-10 Whinney Banks Road , Middlesbrough , Teesside TS5 4LB","hours":{"_text":"Wednesday: 10:00 - 12:00 / -","opening":"We 10:00-12:00"},"title":"St Martins Church"},"type":"Feature"},
		{"geometry":{"coordinates":[-1.33078,54.57031],"type":"Point"},"properties":{"_source":"warm_welcome","address":"St Paul's Church, Bishopton Road, Stockton on Tees TS18 4PB","description":"Tuesday is only for children and parents/guardians Tuesdays is Toddler morning - come and bring your little ones! Wednesday is open to all for coffee and a warm place. Thursday is Board Games Day - Bring a game or play one of ours!","hours":{"_text":"Tuesday: 10:00 - 11:30, Wednesday: 10:00 - 12:00, Saturday: 10:00 - 12:00 / - Monthly, Sunday: 10:30 - 12:30","opening":"Tu 10:00-11:30; We 10:00-12:00; Sa 10:00-12:00; Su 10:30-12:30"},"title":"St Paul's Church Stockton-on-Tees"},"type":"Feature"},
		{"geometry":{"coordinates":[-1.31290,54.56178],"type":"Point"},"properties":{"_source":"warm_welcome","address":"High Street, Stockton On Tees, Stockton on Tees TS18 1SP","description":"You are really welcome here","hours":{"_text":"Wednesday: 12:00 - 16:00, Sunday: 10:15 - 12:30","opening":"We 12:00-16:00; Su 10:15-12:30"},"title":"Stockton Parish Church"},"type":"Feature"},
		{"geometry":{"coordinates":[-1.23669,54.57064],"type":"Point"},"properties":{"_source":"warm_welcome","address":"Southfield Road, Middlesbrough, North Yorkshire TS1 3BX","description":"We only cater for Teesside University Students and Staff","hours":{"_text":"Monday: 00:00 - 23:59, Tuesday: 00:00 - 23:59, Wednesday: 00:00 - 23:59, Thursday: 00:00 - 23:59, Friday: 00:00 - 23:59, Saturday: 00:00 - 23:59, Sunday: 00:00 - 23:59","opening":"Mo 00:00-23:59; Tu 00:00-23:59; We 00:00-23:59; Th 00:00-23:59; Fr 00:00-23:59; Sa 00:00-23:59; Su 00:00-23:59"},"title":"Teesside University"},"type":"Feature"},
		{"geometry":{"coordinates":[-1.31787,54.56490],"type":"Point"},"properties":{"_source":"warm_welcome","address":"The Salvation Army, Palmerston Street, Stockton on Tees TS18 1NU","description":"Open from 24-10-2022.","hours":{"_text":"Monday: 9:00 - 12:00, Tuesday: 9:00 - 12:00","opening":"Mo 09:00-12:00; Tu 09:00-12:00"},"title":"The Salvation Army"},"type":"Feature"},
		{"geometry":{"coordinates":[-1.24271,54.56976],"type":"Point"},"properties":{"_source":"warm_welcome","address":"49 Clifton Street, Middlesbrough, North East TS1 4BX","hours":{"_text":"Wednesday: 11:00 - 15:00, Friday: 11:00 - 15:00","opening":"We 11:00-15:00; Fr 11:00-15:00"},"title":"Ubuntu Multicultural Centre CIC"},"type":"Feature"},
		{"geometry":{"coordinates":[-1.22121,54.56936],"type":"Point"},"properties":{"_source":"warm_spaces","address":"Breckon Hill Community Centre, Breckon Hill Road, Middlesbrough, England, TS4 2DR","hours":{"_text":"Tuesday 6.30pm-8.30pm","opening":"Tu 18:30-20:30"},"title":"FoodCycle Middlesbrough Breckon Hill","url":"https://www.foodcycle.org.uk"},"type":"Feature"},
		{"geometry":{"coordinates":[-1.32263,54.55844],"type":"Point"},"properties":{"_source":"warm_spaces","address":"5 Woodland Street, Stockton-on-Tees, England, TS18 3HZ","hours":{"_text":"Tuesday 10am-1pm","opening":"Tu 10:00-13:00"},"title":"Yarm Road Methodist Church (Jubilee Church Teesside)","url":"https://www.jubileechurchteesside.com"},"type":"Feature"},
		{"geometry":{"coordinates":[-1.25930,54.54837],"type":"Point"},"properties":{"_source":"middlesbrough_council","description":"Address: Acklam Road, Middlesbrough, TS5 7AB * Opening times: Monday, Tuesday, Thursday, and Friday, 9:30am - 12pm and 1pm - 5pm Saturday, 9:30am - 12:30pm","hours":{},"title":"Acklam Community Hub and Library"},"type":"Feature"},
		{"geometry":{"coordinates":[-1.22146,54.56938],"type":"Point"},"properties":{"_source":"middlesbrough_council","description":"Address: Breckon Hill Road, Middlesbrough, TS4 2DS * Opening times: To be confirmed","hours":{},"title":"Breckon Hill Community Centre"},"type":"Feature"},
		{"geometry":{"coordinates":[-1.22750,54.56893],"type":"Point"},"properties":{"_source":"middlesbrough_council","description":"Address: 169 Victoria Road, Middlesbrough, TS1 3HR * Opening times: Monday, Wednesday, and Friday, 11am to 3pm","hours":{},"title":"Community Information and BME Network CIC"},"type":"Feature"},
		{"geometry":{"coordinates":[-1.21637,54.54304],"type":"Point"},"properties":{"_source":"middlesbrough_council","description":"Address: Broughton Avenue, Middlesbrough, TS4 3PZ * Opening times: Tuesday, Thursday, and Friday, 9am - 5pm","hours":{},"title":"Easterside Community Hub and Library"},"type":"Feature"},
		{"geometry":{"coordinates":[-1.22657,54.55900],"type":"Point"},"properties":{"_source":"middlesbrough_council","description":"Address: Bishopton Road, Middlesbrough, TS4 2RP * Opening times: Monday, Wednesday, and Friday, 9am - 5pm","hours":{},"title":"Grove Hill Community Hub and Library"},"type":"Feature"},
		{"geometry":{"coordinates":[-1.24082,54.52507],"type":"Point"},"properties":{"_source":"middlesbrough_council","description":"Address: Crosscliff, Hemlington, Middlesbrough, TS8 9JJ * Opening times: Monday, Tuesday, Thursday, 9:30am - 12pm and 1pm - 5pm Saturday, 9:30am - 12:30pm","hours":{},"title":"Hemlington Community Hub and Library"},"type":"Feature"},
		{"geometry":{"coordinates":[-1.19781,54.53137],"type":"Point"},"properties":{"_source":"middlesbrough_council","description":"Address: The Willows, Marton-in-Cleveland, Middlesbrough, TS7 8BL * Opening times: Monday, Thursday, Friday, 9:30am - 12pm and 1pm - 5pm Saturday, 9:30am - 12:30pm","hours":{},"title":"Marton Community Hub and Library"},"type":"Feature"},
		{"geometry":{"coordinates":[-1.24684,54.57106],"type":"Point"},"properties":{"_source":"middlesbrough_council","description":"Address: St. Paul's Road, Middlesbrough, TS1 5NQ * Opening times: Monday to Thursday, 9am - 4:30pm","hours":{},"title":"Newport Community Hub"},"type":"Feature"},
		{"geometry":{"coordinates":[-1.21137,54.57111],"type":"Point"},"properties":{"_source":"middlesbrough_council","description":"Address: Derwent Street, North Ormesby, Middlesbrough, TS3 6JB * Opening times: Tuesday, Thursday, Friday, 9am - 5pm Saturday, 9am - 12:30pm","hours":{},"title":"North Ormesby Community Hub and Library"},"type":"Feature"},
		{"geometry":{"coordinates":[-1.23607,54.56999],"type":"Point"},"properties":{"_source":"middlesbrough_council","description":"Address: Southfield Road, Middlesbrough, TS1 3BX * Opening times: 7 days a week, 24 hours (students and staff only)","hours":{},"title":"Teesside University Library"},"type":"Feature"},
		{"geometry":{"coordinates":[-1.18194,54.56302],"type":"Point"},"properties":{"_source":"middlesbrough_council","description":"Address: Birkhall Road, Middlesbrough, TS3 9JW * Opening times: Monday to Friday, 9am - 5pm","hours":{},"title":"Thorntree Community Hub and Library"},"type":"Feature"},
		{"geometry":{"coordinates":[-1.24292,54.56979],"type":"Point"},"properties":{"_source":"middlesbrough_council","description":"Address: 49 Clifton Street, Middlesbrough, TS1 4BX * Opening times: To be confirmed","hours":{},"title":"Ubuntu Multicultural Centre CIC"},"type":"Feature"},
		{"geometry":{"coordinates":[-1.14663,54.55790],"type":"Point"},"properties":{"_source":"redcar_and_cleveland_council","address":"Birkdale Drive Community Centre, Birkdale Drive, Eston, TS6 9EB, United Kingdom","hours":{"_text":"Mondays 1pm – 4pm \n Wednesdays 2pm – 5pm \n Thursdays 9am – 12noon","opening":"Mo 13:00-16:00; We 14:00-17:00; Th 09:00-12:00"},"title":"Birkdale Drive Community Centre","url":"https://www.redcar-cleveland.gov.uk/cost-of-living-support/warm-spaces/birkdale-drive-community-centre"},"type":"Feature"},
		{"geometry":{"coordinates":[-1.14588,54.55987],"type":"Point"},"properties":{"_source":"redcar_and_cleveland_council","address":"Christ Church, High Street, Eston, TS6 9EH, United Kingdom","hours":{"_text":"Tuesday - 10am until 12pm","opening":"Tu 10:00-12:00"},"title":"Christ Church","url":"https://www.redcar-cleveland.gov.uk/cost-of-living/warm-spaces/christ-church"},"type":"Feature"},
		{"geometry":{"coordinates":[-1.14215,54.56932],"type":"Point"},"properties":{"_source":"redcar_and_cleveland_council","address":"172 Birchington Avenue, Grangetown, TS6 7LP, United Kingdom","hours":{"_text":"Monday - 9am until 5pm \n\t Wednesday - 10am until 5pm \n\t Thursday - 10am until 4pm \n\t Friday - 10am until 5pm \n\t Saturday - 9:30am until 12:30pm","opening":"Mo 09:00-17:00; We 10:00-17:00; Th 10:00-16:00; Fr 10:00-17:00; Sa 09:30-12:30"},"title":"Grangetown Library","url":"https://www.redcar-cleveland.gov.uk/cost-of-living/warm-spaces/grangetown-library"},"type":"Feature"},
		{"geometry":{"coordinates":[-1.17339,54.55002],"type":"Point"},"properties":{"_source":"redcar_and_cleveland_council","address":"Greater Eston Family Hub , Daisy Lane, Ormesby, TS7 9JF, United Kingdom","hours":{"_text":"Tuesday - 1pm until 4pm \n Thursday - 1pm until 4pm \n Friday - 12pm until 4pm \n \n Please note that the warm space will not be available on the following dates: \n \n Tuesday sessions from 10 January to 21 February 2023 \n Thursday sessions from 12 January to 6 February 2023","opening":"Tu 13:00-16:00; Th 13:00-16:00; Fr 12:00-16:00"},"title":"Greater Eston Family Hub","url":"https://www.redcar-cleveland.gov.uk/cost-of-living-support/warm-spaces/greater-eston-family-hub"},"type":"Feature"},
		{"geometry":{"coordinates":[-1.05657,54.53518],"type":"Point"},"properties":{"_source":"redcar_and_cleveland_council","address":"90 Westgate, Guisborough, TS14 6AP, United Kingdom","hours":{"_text":"Monday to Thursday - 9am until 6pm \n\t Friday - 9am until 5pm \n\t Saturday - 9:30am until 12:30pm","opening":"Mo-Th 00:00-09:00; Fr 09:00-17:00; Sa 09:30-12:30"},"title":"Guisborough Library","url":"https://www.redcar-cleveland.gov.uk/cost-of-living/warm-spaces/guisborough-library"},"type":"Feature"},
		{"geometry":{"coordinates":[-1.05507,54.53501],"type":"Point"},"properties":{"_source":"redcar_and_cleveland_council","address":"Westgate, Guisborough, TS14 6AY, United Kingdom","hours":{"_text":"Thursday - 9:30am until 12pm","opening":"Th 09:30-12:00"},"title":"Guisborough United Reform Church","url":"https://www.redcar-cleveland.gov.uk/cost-of-living-support/warm-spaces/guisborough-united-reform-church"},"type":"Feature"},
		{"geometry":{"coordinates":[-1.05856,54.53409],"type":"Point"},"properties":{"_source":"redcar_and_cleveland_council","address":"Salvation Army, 124 Westgate, Guisborough, TS14 6AW, United Kingdom","hours":{"_text":"Monday - 9:30am until 12pm","opening":"Mo 09:30-12:00"},"title":"Salvation Army Citadel","url":"https://www.redcar-cleveland.gov.uk/cost-of-living-support/warm-spaces/salvation-army-citadel"},"type":"Feature"},
		{"geometry":{"coordinates":[-1.17111,54.57111],"type":"Point"},"properties":{"_source":"redcar_and_cleveland_council","address":"South Bank Family Hub, Poplar Grove, South Bank, TS6 6FU, United Kingdom","hours":{"_text":"Wednesday - 9am until 11am","opening":"We 09:00-11:00"},"title":"South Bank Family Hub","url":"https://www.redcar-cleveland.gov.uk/cost-of-living-support/warm-spaces/south-bank-family-hub"},"type":"Feature"},
		{"geometry":{"coordinates":[-1.16775,54.57114],"type":"Point"},"properties":{"_source":"redcar_and_cleveland_council","address":"Low Grange Health Village, Normanby Road, Middlesbrough, TS6 6TD, United Kingdom","hours":{"_text":"Monday, Tuesday, Thursday, Friday - 9am until 6pm \n\t Wednesday - 9am until 5pm \n\t Saturday - 9:30am until 12:30pm","opening":"Mo 09:00-18:00; Tu 09:00-18:00; Th 09:00-18:00; Fr 09:00-18:00; We 09:00-17:00; Sa 09:30-12:30"},"title":"South Bank Library","url":"https://www.redcar-cleveland.gov.uk/cost-of-living/warm-spaces/south-bank-library"},"type":"Feature"},
		{"geometry":{"coordinates":[-1.15880,54.56300],"type":"Point"},"properties":{"_source":"redcar_and_cleveland_council","address":"St George&#039;s Church, 25 Spencer Road, Teesville, TS6 9BD, United Kingdom","hours":{"_text":"Thursday - 9am until 11am \n\t Friday - 9:am until 1pm","opening":"Th 09:00-11:00; Fr 09:00-13:00"},"title":"St George's Church","url":"https://www.redcar-cleveland.gov.uk/cost-of-living/warm-spaces/st-georges-church"},"type":"Feature"},
		{"geometry":{"coordinates":[-1.08088,54.52898],"type":"Point"},"properties":{"_source":"redcar_and_cleveland_council","address":"The Avenue, Guisborough, TS14 8EE, United Kingdom","hours":{"_text":"Wednesday - 9am until 4pm","opening":"We 09:00-16:00"},"title":"St Paulinus Church","url":"https://www.redcar-cleveland.gov.uk/cost-of-living-support/warm-spaces/st-paulinus-church"},"type":"Feature"},
		{"geometry":{"coordinates":[-1.15479,54.55629],"type":"Point"},"properties":{"_source":"redcar_and_cleveland_council","address":"Cleveland Street, Middlesbrough, TS6 0LX, United Kingdom","hours":{"_text":"Monday to Thursday - 3pm until midnight \n\t Friday, Saturday and Sunday - 12 noon until midnight","opening":"Mo-Th 12:00-15:00; Fr 12:00-00:00; Sa 12:00-00:00; Su 12:00-00:00"},"title":"The Cleveland","url":"https://www.redcar-cleveland.gov.uk/cost-of-living/warm-spaces/the-cleveland"},"type":"Feature"}
	]
}
