{
	"type": "FeatureCollection",
	"features": [
		{"geometry":{"coordinates":[-1.16365,52.69191],"type":"Point"},"properties":{"_source":"warm_welcome","address":"All Saints Church , Thurcaston , Leicestershire LE7 7JB","description":"Open from 09-11-2022. Parent/ carers on school run Church space alongside warm meeting room","hours":{"_text":"Wednesday: 14:00 - 16:00","opening":"We 14:00-16:00"},"title":"All Saints Thurcaston"},"type":"Feature"},
		{"geometry":{"coordinates":[-1.14049,52.61179],"type":"Point"},"properties":{"_source":"warm_welcome","address":"Aylestone Library, Leicester, Leicestershire LE2 6LU","description":"Library is based within Aylestone Leisure Centre.","hours":{"_text":"Monday: 8:00 - 19:00, Tuesday: 8:00 - 19:00, Wednesday: 8:00 - 19:00, Thursday: 8:00 - 19:00, Friday: 8:00 - 19:00, Saturday: 8:00 - 13:00, Sunday: 8:00 - 13:00","opening":"Mo 08:00-19:00; Tu 08:00-19:00; We 08:00-19:00; Th 08:00-19:00; Fr 08:00-19:00; Sa 08:00-13:00; Su 08:00-13:00"},"title":"Aylestone Library"},"type":"Feature"},
		{"geometry":{"coordinates":[-1.36915,52.64757],"type":"Point"},"properties":{"_source":"warm_welcome","address":"Barlestone Baptist Church, Barlestone, Leics CV13 0EJ","hours":{"_text":"Wednesday: 10:00 - 16:00 / -","opening":"We 10:00-16:00"},"title":"Barlestone Baptist Church"},"type":"Feature"},
		{"geometry":{"coordinates":[-1.16393,52.66616],"type":"Point"},"properties":{"_source":"warm_welcome","address":"Beaumont Way, Leicester, Leics LE4 1DS","description":"Wi-Fi and free computer use available to Library members, it is free to join Leicester Libraries.Parking is available at the shopping centre, disabled parking at the side of our building.","hours":{"_text":"Monday: 9:00 - 18:30, Tuesday: 9:00 - 18:30, Wednesday: 9:00 - 18:30, Thursday: 9:00 - 18:30, Friday: 9:00 - 17:00, Saturday: 9:30 - 13:00","opening":"Mo 09:00-18:30; Tu 09:00-18:30; We 09:00-18:30; Th 09:00-18:30; Fr 09:00-17:00; Sa 09:30-13:00"},"title":"Beaumont Leys Library"},"type":"Feature"},
		{"geometry":{"coordinates":[-1.11918,52.67701],"type":"Point"},"properties":{"_source":"warm_welcome","address":"40 Wanlip Lane, Birstall, Leicester LE4 4JS","description":"All welcome, dog friendly, workspace with WiFi also available","hours":{"_text":"Monday: 9:30 - 12:30, Tuesday: 9:30 - 12:30, Wednesday: 9:30 - 12:30, Thursday: 9:30 - 12:30, Friday: 9:30 - 12:30","opening":"Mo 09:30-12:30; Tu 09:30-12:30; We 09:30-12:30; Th 09:30-12:30; Fr 09:30-12:30"},"title":"Birstall Methodist Church Coffee Shop"},"type":"Feature"},
		{"geometry":{"coordinates":[-1.18257,52.61735],"type":"Point"},"properties":{"_source":"warm_welcome","address":"Shakespeare Park Pavilion, Avon Road, Braunstone Town, Leicester LE3 3AB","description":"Open from 06.01.2023. Family friendly - all ages welcome. We're set in a park (includes childrens play area).","hours":{"_text":"Friday: 10:00 - 14:00","opening":"Fr 10:00-14:00"},"title":"Braunstone Community Life"},"type":"Feature"},
		{"geometry":{"coordinates":[-1.16416,52.62364],"type":"Point"},"properties":{"_source":"warm_welcome","address":"130 Braunstone Avenue, Braunstone, Leicester LE3 1LE","description":"everyone welcome from families to the elderly Cafe currently closed. but looking to reopen soon","hours":{"_text":"Monday: 09:00 - 17:00, Tuesday: 09:00 - 19:00, Wednesday: 09:00 - 17:00, Thursday: 09:00 - 19:00, Friday: 09:00 - 17:00, Saturday: 10:00 - 16:00","opening":"Mo 09:00-17:00; Tu 09:00-19:00; We 09:00-17:00; Th 09:00-19:00; Fr 09:00-17:00; Sa 10:00-16:00"},"title":"Brite Centre"},"type":"Feature"},
		{"geometry":{"coordinates":[-1.22350,52.52931],"type":"Point"},"properties":{"_source":"warm_welcome","address":"40 Station Road, Broughton Astley, Leicester LE96PT","description":"St Mary's Church Broughton Astley. Social gathering, non religious format, all welcome.","hours":{"_text":"Monday: 10:30 - 12:00","opening":"Mo 10:30-12:00"},"title":"Broughton Astley Volunteer Group"},"type":"Feature"},
		{"geometry":{"coordinates":[-1.35035,52.52683],"type":"Point"},"properties":{"_source":"warm_welcome","address":"40 Windsor Street, Burbage, HINCKLEY, LEICS LE10 2EF","description":"Open from 16/11/2022. All-age adults and accompanying children No hazard access for the infirm. Open WED 13:30 - 17:30 and FRI 11:00 - 13:00 during termite","hours":{"_text":"Wednesday: 13:30 - 17:30, Friday: 11:00 - 13:00","opening":"We 13:30-17:30; Fr 11:00-13:00"},"title":"Burbage Methodist Church"},"type":"Feature"},
		{"geometry":{"coordinates":[-1.11557,52.61734],"type":"Point"},"properties":{"_source":"warm_welcome","address":"105a Clarendon Park Road, Leicester LE2 3AH","description":"Open from November 9 2022 onwards. A place to socialise, or read a book, or work, or do simple crafts, or relax. Board games available","hours":{"_text":"Wednesday: 14:00 - 20:00","opening":"We 14:00-20:00"},"title":"Christchurch, Clarendon Park"},"type":"Feature"},
		{"geometry":{"coordinates":[-1.19577,52.55013],"type":"Point"},"properties":{"_source":"warm_welcome","address":"Park Road, Cosby, Leicestershire LE9 1RN","description":"Open from 24/11/22. We cater for any age group - children to be accompanied by an adult. Books, jigsaws, quiet space, chatty space, but most importantly, a warm welcome and warm space!","hours":{"_text":"Thursday: 14:00 - 18:00","opening":"Th 14:00-18:00"},"title":"Cosby Methodist Church"},"type":"Feature"},
		{"geometry":{"coordinates":[-1.35808,52.64415],"type":"Point"},"properties":{"_source":"warm_welcome","address":"Newbold Road, NUNEATON, Warwickshire CV13 0DZ","description":"Open from 10-10-2022. Every Friday lunch is available for £4.00 hot meal and a pudding, Booking is essential Tuesday morning we run a community cafe 10 -12 with a full menu","hours":{"_text":"Monday: 10:00 - 14:00, Tuesday: 10:00 - 14:00, Thursday: 10:00 - 14:00, Friday: 10:00 - 14:00, Sunday: 10:30 - 13:00","opening":"Mo 10:00-14:00; Tu 10:00-14:00; Th 10:00-14:00; Fr 10:00-14:00; Su 10:30-13:00"},"title":"Elohim Christian Church"},"type":"Feature"},
		{"geometry":{"coordinates":[-1.21067,52.58834],"type":"Point"},"properties":{"_source":"warm_welcome","address":"Townsend Road, Enderby, Leicestershire LE19 4PG","description":"Everybody Welcome. Children must be accompanied by an Adult. Children's area with toys; public computers; books. Come along to socialise, work, read a book, or just relax and keep warm. Various activities and groups. Ask at the desk for more info.","hours":{"_text":"Monday: 14:00 - 18:00, Tuesday: 14:00 - 18:00, Wednesday: 10:00 - 12:00 / 14:00 - 17:00, Thursday: 14:00 - 17:00, Friday: 14:00 - 18:00, Saturday: 10:00 - 13:00","opening":"Mo 14:00-18:00; Tu 14:00-18:00; We 10:00-12:00,14:00-17:00; Th 14:00-17:00; Fr 14:00-18:00; Sa 10:00-13:00"},"title":"Enderby Community Library c/o Enderby Parish Council"},"type":"Feature"},
		{"geometry":{"coordinates":[-1.07857,52.62083],"type":"Point"},"properties":{"_source":"warm_welcome","address":"200 Evington Lane, Leicester LE5 6DH","hours":{"_text":"Monday: 10:00 - 18:30, Tuesday: 10:00 - 18:30, Wednesday: 10:00 - 18:30, Thursday: 10:00 - 18:30, Friday: 10:00 - 17:00, Saturday: 10:00 - 16:00","opening":"Mo 10:00-18:30; Tu 10:00-18:30; We 10:00-18:30; Th 10:00-18:30; Fr 10:00-17:00; Sa 10:00-16:00"},"title":"Evington Library"},"type":"Feature"},
		{"geometry":{"coordinates":[-1.15101,52.63950],"type":"Point"},"properties":{"_source":"warm_welcome","address":"Mantle Road, Leicester, Leicestershire LE3 5HG","hours":{"_text":"Monday: 09:00 - 18:00, Tuesday: 10:00 - 17:00, Wednesday: 10:00 - 18:00, Thursday: 10:00 - 17:00, Friday: 10:00 - 16:00, Saturday: 10:00 - 16:00","opening":"Mo 09:00-18:00; Tu 10:00-17:00; We 10:00-18:00; Th 10:00-17:00; Fr 10:00-16:00; Sa 10:00-16:00"},"title":"Fosse Neighbourhood Centre"},"type":"Feature"},
		{"geometry":{"coordinates":[-1.14335,52.59674],"type":"Point"},"properties":{"_source":"warm_welcome","address":"3 Glenhills Boulevard, Leicester LE2 8UF","description":"Open from 03/01/2023. We welcome everyone We have table tennis, jigsaws and board games available","hours":{"_text":"Tuesday: 10:30 - 12:00, Saturday: 10:00 - 12:00","opening":"Tu 10:30-12:00; Sa 10:00-12:00"},"title":"Glenhills Christadelphians"},"type":"Feature"},
		{"geometry":{"coordinates":[-1.06573,52.65332],"type":"Point"},"properties":{"_source":"warm_welcome","address":"20 Maidenwell Avenue, Hamilton, Leicester LE5 1BL","hours":{"_text":"Monday: 10:00 - 14:00, Tuesday: 10:00 - 17:00, Wednesday: 10:00 - 17:00, Thursday: 14:00 - 19:00, Friday: 10:00 - 17:00, Saturday: 10:00 - 16:00, Sunday: 12:00 - 16:00","opening":"Mo 10:00-14:00; Tu 10:00-17:00; We 10:00-17:00; Th 14:00-19:00; Fr 10:00-17:00; Sa 10:00-16:00; Su 12:00-16:00"},"title":"Hamilton Library"},"type":"Feature"},
		{"geometry":{"coordinates":[-1.11368,52.63267],"type":"Point"},"properties":{"_source":"warm_welcome","address":"98 Melbourne Road, Leicester LE2 0DS","hours":{"_text":"Monday: 09:00 - 18:00, Tuesday: 09:00 - 18:00, Wednesday: 09:00 - 18:00, Thursday: 09:00 - 18:00, Friday: 09:00 - 18:00, Saturday: 10:00 - 16:00","opening":"Mo 09:00-18:00; Tu 09:00-18:00; We 09:00-18:00; Th 09:00-18:00; Fr 09:00-18:00; Sa 10:00-16:00"},"title":"Highfields Library"},"type":"Feature"},
		{"geometry":{"coordinates":[-1.37687,52.54188],"type":"Point"},"properties":{"_source":"warm_welcome","address":"1 Cleveland Road, Hinckley, Leicestershire LE10 0AJ","description":"You are welcome to join us for our weekly tea and coffee morning. Pop-in runs every Tuesday morning from 10:30am-12noon. Feel free to drop by at anytime and you can get a warm drink, a biscuit and have an opportunity to chat with others.","hours":{"_text":"Tuesday: 10:30 - 12:00","opening":"Tu 10:30-12:00"},"title":"Holy Trinity Hinckley"},"type":"Feature"},
		{"geometry":{"coordinates":[-1.13113,52.62857],"type":"Point"},"properties":{"_source":"warm_welcome","address":"2 Upper King Street, Leicester, Leicester LE1 6WP","description":"Open from 22/02/23.","hours":{"_text":"Wednesday: 12:30 - 14:30","opening":"We 12:30-14:30"},"title":"HTL Church"},"type":"Feature"},
		{"geometry":{"coordinates":[-1.11833,52.61648],"type":"Point"},"properties":{"_source":"warm_welcome","address":"165 Clarendon Park Road, Leicester, Leicester LE2 3AJ","hours":{"_text":"Monday: 10:00 - 18:30, Tuesday: 10:00 - 18:30, Wednesday: 10:00 - 18:30, Thursday: 10:00 - 18:30, Friday: 10:00 - 17:00, Saturday: 10:00 - 16:00","opening":"Mo 10:00-18:30; Tu 10:00-18:30; We 10:00-18:30; Th 10:00-18:30; Fr 10:00-17:00; Sa 10:00-16:00"},"title":"Knighton Library"},"type":"Feature"},
		{"geometry":{"coordinates":[-1.13270,52.63300],"type":"Point"},"properties":{"_source":"warm_welcome","address":"Leicester Central Library, Bishop Street, Leicester LE1 6AA","hours":{"_text":"Monday: 9:30 - 19:00, Tuesday: 9:30 - 19:00, Wednesday: 9:30 - 19:00, Thursday: 9:30 - 19:00, Friday: 9:30 - 17:00, Saturday: 9:00 - 16:00","opening":"Mo 09:30-19:00; Tu 09:30-19:00; We 09:30-19:00; Th 09:30-19:00; Fr 09:30-17:00; Sa 09:00-16:00"},"title":"Leicester Central Library"},"type":"Feature"},
		{"geometry":{"coordinates":[-1.13363,52.60992],"type":"Point"},"properties":{"_source":"warm_welcome","address":"2 Knighton Lane East, Leicester LE2 6LU","title":"Leicester City Council"},"type":"Feature"},
		{"geometry":{"coordinates":[-1.17675,52.64640],"type":"Point"},"properties":{"_source":"warm_welcome","address":"321 Aikman Avenue, Leicester LE3 9PW","hours":{"_text":"Monday: 10:00 - 17:00, Tuesday: 10:00 - 17:00, Wednesday: 10:00 - 19:00, Thursday: 10:00 - 17:00, Friday: 10:00 - 17:00, Saturday: 10:00 - 13:00","opening":"Mo 10:00-17:00; Tu 10:00-17:00; We 10:00-19:00; Th 10:00-17:00; Fr 10:00-17:00; Sa 10:00-13:00"},"title":"Leicester City Council (New Parks Library)"},"type":"Feature"},
		{"geometry":{"coordinates":[-1.12063,52.65085],"type":"Point"},"properties":{"_source":"warm_welcome","address":"24 Cossington St, Leicester, Leicester LE4 6JD","description":"Open from 21/10/22.","hours":{"_text":"Monday: 10:00 - 19:00, Tuesday: 10:00 - 19:00, Wednesday: 10:00 - 19:00, Thursday: 10:00 - 19:00, Friday: 10:00 - 19:00, Saturday: 10:00 - 16:00, Sunday: 12:00 - 16:00","opening":"Mo 10:00-19:00; Tu 10:00-19:00; We 10:00-19:00; Th 10:00-19:00; Fr 10:00-19:00; Sa 10:00-16:00; Su 12:00-16:00"},"title":"Leicester City Council Neighbourhood Services"},"type":"Feature"},
		{"geometry":{"coordinates":[-1.15310,52.62841],"type":"Point"},"properties":{"_source":"warm_welcome","address":"Harrow Rd, Leicester LE3 0BS","description":"Open from 07-12-2022. We cater for all ages, and welcome families. There is a pre-school play area, games, colouring and craft available for older children. Free lunch available and friendship group 2-4 every Wednesday. Closed 28th December re-0pen on 4th January.","hours":{"_text":"Wednesday: 9:00 - 17:00","opening":"We 09:00-17:00"},"title":"Leicester Elim Church"},"type":"Feature"},
		{"geometry":{"coordinates":[-1.15208,52.62824],"type":"Point"},"properties":{"_source":"warm_welcome","address":"Elim Pentecostal Church, , Harrow Road / Narborough Road, , Leicester LE3 0JY","description":"We welcome people of all ages, and provide three services each Wednesday. 10am - 12 noon food bank with refreshments. 12noon - 2pm Lunch. 2pm - 4pm Friendship group with refreshments. We have games, activities for all ages, and an under 5's children's playroom (parental supervision required).","hours":{"_text":"Wednesday: 10:00 - 16:00","opening":"We 10:00-16:00"},"title":"Leicester Elim Church"},"type":"Feature"},
		{"geometry":{"coordinates":[-1.10336,52.58362],"type":"Point"},"properties":{"_source":"warm_welcome","address":"The Kings Centre, 56 Bull Head Street, Leicester, Leicestershire LE18 1PA","description":"Open from 02/01/2023.","hours":{"_text":"Monday: 16:00 - 17:00, Thursday: 13:00 - 14:00, Friday: 13:00 - 14:30","opening":"Mo 16:00-17:00; Th 13:00-14:00; Fr 13:00-14:30"},"title":"Leicester South Food Bank"},"type":"Feature"},
		{"geometry":{"coordinates":[-1.40189,52.62680],"type":"Point"},"properties":{"_source":"warm_welcome","address":"Barton Road, Market Bosworth, Leicestershire CV13 0LQ","description":"Open from 05-10-2022.","hours":{"_text":"Wednesday: 10:00 - 12:00","opening":"We 10:00-12:00"},"title":"Market Bosworth Free Church"},"type":"Feature"},
		{"geometry":{"coordinates":[-1.11367,52.66400],"type":"Point"},"properties":{"_source":"warm_welcome","address":"5D Uxbridge Road , Leicester , Leicestershire LE4 7ST","description":"Open from 01/01/2023.","hours":{"_text":"Monday: 10:00 - 12:00, Tuesday: 10:00 - 12:00, Wednesday: 10:00 - 12:00, Thursday: 10:00 - 12:00, Friday: 10:00 - 12:00","opening":"Mo 10:00-12:00; Tu 10:00-12:00; We 10:00-12:00; Th 10:00-12:00; Fr 10:00-12:00"},"title":"Midland Langar Seva Society - Leicester"},"type":"Feature"},
		{"geometry":{"coordinates":[-1.20359,52.57147],"type":"Point"},"properties":{"_source":"warm_welcome","address":"1 Station Road, Narborough, Leicester LE192HR","description":"We are a small Community managed library in the centre of Narborough village. We offer a warm space with book borrowing and outside of our normal book borrowing hours we hold community group activities for all to enjoy inside the library.","hours":{"_text":"Monday: 14:00 - 17:00, Tuesday: 11:00 - 13:00, Wednesday: 10:30 - 19:00 / 12:30 - 14:00, Thursday: 10:00 - 13:00, Saturday: 10:00 - 13:00","opening":"Mo 14:00-17:00; Tu 11:00-13:00; We 10:30-19:00,12:30-14:00; Th 10:00-13:00; Sa 10:00-13:00"},"title":"Narboroughand Littlethopre Community Library"},"type":"Feature"},
		{"geometry":{"coordinates":[-1.09200,52.60544],"type":"Point"},"properties":{"_source":"warm_welcome","address":"Leicester Road, Oadby, Leicester LE25BD","hours":{"_text":"Wednesday: 10:00 - 12:00","opening":"We 10:00-12:00"},"title":"Oadby Baptist Church"},"type":"Feature"},
		{"geometry":{"coordinates":[-1.39941,52.62430],"type":"Point"},"properties":{"_source":"warm_welcome","address":"St. Peters Church Hall, Nuneaton, Warwickshire CV13 0LL","description":"All Welcome Pop in Coffee morning for all. We meet in church during the summer months and in the Parish Hall during the winter.","hours":{"_text":"Tuesday: 10:00 - 12:00","opening":"Tu 10:00-12:00"},"title":"Pop in Coffee Morning - St Peters Church, Market Bosworth"},"type":"Feature"},
		{"geometry":{"coordinates":[-1.13766,52.59709],"type":"Point"},"properties":{"_source":"warm_welcome","address":"Pork Pie Library and community Centre, Leicester, Leicestershire LE2 6QS","hours":{"_text":"Monday: 09:00 - 17:00, Tuesday: 09:00 - 17:00, Wednesday: 09:00 - 19:00, Thursday: 09:00 - 17:00, Friday: 09:00 - 17:00, Saturday: 10:00 - 13:00","opening":"Mo 09:00-17:00; Tu 09:00-17:00; We 09:00-19:00; Th 09:00-17:00; Fr 09:00-17:00; Sa 10:00-13:00"},"title":"Pork Pie Library and Community Centre"},"type":"Feature"},
		{"geometry":{"coordinates":[-1.10473,52.66308],"type":"Point"},"properties":{"_source":"warm_welcome","address":"Rushey Mead Library, Lockerbie Avenue, Leicester LE4 7ZX","hours":{"_text":"Monday: 10:00 - 18:00, Tuesday: 13:00 - 18:30, Thursday: 13:00 - 18:30, Friday: 10:00 - 17:00, Saturday: 10:00 - 13:00","opening":"Mo 10:00-18:00; Tu 13:00-18:30; Th 13:00-18:30; Fr 10:00-17:00; Sa 10:00-13:00"},"title":"Rushey Mead Library"},"type":"Feature"},
		{"geometry":{"coordinates":[-1.12008,52.65442],"type":"Point"},"properties":{"_source":"warm_welcome","address":"2a wingfield street, LEICESTER, LEICESTER, Leicester LE45DS","description":"Elderly and vulnerable community. We have access to Asian Cuisine tiffins popular with the Indian and Asian community.","hours":{"_text":"Monday: 09:00 - 15:00, Tuesday: 09:00 - 15:00, Wednesday: 09:00 - 15:00, Thursday: 09:00 - 15:00, Friday: 09:00 - 15:00","opening":"Mo 09:00-15:00; Tu 09:00-15:00; We 09:00-15:00; Th 09:00-15:00; Fr 09:00-15:00"},"title":"SANTOSH DAY CENTRE"},"type":"Feature"},
		{"geometry":{"coordinates":[-1.28116,52.53563],"type":"Point"},"properties":{"_source":"warm_welcome","address":"Sapcote Community Library, SAPCOTE, leics le94fg","description":"Open from 1/12/2022. Cater for anyone We are a library so have plenty of Books also supply Magazines and Jigsaws","hours":{"_text":"Monday: 00:00 - 00:00, Tuesday: 10:00 - 12:00, Wednesday: 00:00 - 00:00, Thursday: 14:00 - 17:00, Friday: 14:00 - 17:00, Saturday: 10:00 - 13:00, Sunday: 00:00 - 00:00","opening":"Mo 00:00-00:00; Tu 10:00-12:00; We 00:00-00:00; Th 14:00-17:00; Fr 14:00-17:00; Sa 10:00-13:00; Su 00:00-00:00"},"title":"Sapcote Community Library"},"type":"Feature"},
		{"geometry":{"coordinates":[-1.28120,52.53541],"type":"Point"},"properties":{"_source":"warm_welcome","address":"Church Street, Sapcote, Leicester LE9 4FG","description":"Open from Monday 14th November. All times now at Sapcote Community Library","hours":{"_text":"Tuesday: 10:00 - 12:00, Thursday: 14:00 - 17:00, Friday: 14:00 - 17:00, Saturday: 10:00 - 13:00","opening":"Tu 10:00-12:00; Th 14:00-17:00; Fr 14:00-17:00; Sa 10:00-13:00"},"title":"Sapcote Warm Spaces"},"type":"Feature"},
		{"geometry":{"coordinates":[-1.15184,52.63464],"type":"Point"},"properties":{"_source":"warm_welcome","address":"St Andrew's Methodist Church, Glenfield Road East, Leicester LE3 5QW","hours":{"_text":"Tuesday: 10:00 - 12:00","opening":"Tu 10:00-12:00"},"title":"St Andrew's Methodist Church, Glenfield Road East"},"type":"Feature"},
		{"geometry":{"coordinates":[-1.09698,52.64024],"type":"Point"},"properties":{"_source":"warm_welcome","address":"2 French Road, Leicester, Leicestershire LE5 4AH","hours":{"_text":"Monday: 09:30 - 17:00, Tuesday: 09:30 - 19:00, Wednesday: 09:30 - 19:00, Thursday: 09:30 - 19:00, Friday: 09:30 - 17:00, Saturday: 10:00 - 16:00","opening":"Mo 09:30-17:00; Tu 09:30-19:00; We 09:30-19:00; Th 09:30-19:00; Fr 09:30-17:00; Sa 10:00-16:00"},"title":"St Barnabas Library Leicester City Council Neighbourhood Services"},"type":"Feature"},
		{"geometry":{"coordinates":[-1.34842,52.52970],"type":"Point"},"properties":{"_source":"warm_welcome","address":"St Catherine's Church, Hinckley Road, Burbage LE10 2DE","description":"Mondays - Soup and Roll Lunch, Alternate Wednesdays Lunch Club at 12:00, Every Wednesday activities for families 15:00-17:00","hours":{"_text":"Monday: 11:00 - 13:00, Wednesday: 12:00 - 13:30 / 15:00 - 17:00 Fortnightly","opening":"Mo 11:00-13:00; We 12:00-13:30,15:00-17:00"},"title":"St Catherine's Church, Burbage"},"type":"Feature"},
		{"geometry":{"coordinates":[-1.10018,52.63668],"type":"Point"},"properties":{"_source":"warm_welcome","address":"141A, LEICESTER, OTHER LE5 4LG","description":"Open from 03/10/22. Open in Church from the 20th April We have board games and jigsaws available. We are encouraging folks to come and cook their midday meal in our kitchen","hours":{"_text":"Thursday: 10:00 - 12:00","opening":"Th 10:00-12:00"},"title":"St Chad's church"},"type":"Feature"},
		{"geometry":{"coordinates":[-1.11994,52.67379],"type":"Point"},"properties":{"_source":"warm_welcome","address":"St James The Great, Church Hill, Birstall, Leicester LE4 4DN","description":"Open from 28 November 2022.","hours":{"_text":"Monday: 12:30 - 18:30, Tuesday: 12:30 - 18:30, Wednesday: 12:30 - 18:30","opening":"Mo 12:30-18:30; Tu 12:30-18:30; We 12:30-18:30"},"title":"St James the Great, Birstall"},"type":"Feature"},
		{"geometry":{"coordinates":[-1.11976,52.63946],"type":"Point"},"properties":{"_source":"warm_welcome","address":"10 Malabar Road, Leicester, Leics LE1 2PD","description":"Open from Tuesdays 10.30 -12.30. Warm welcome session and adult activity tables every Tuesday","hours":{"_text":"Monday: 09:00 - 20:00, Tuesday: 09:00 - 20:00, Wednesday: 09:00 - 20:00, Thursday: 09:00 - 20:00, Friday: 09:00 - 20:00, Saturday: 10:00 - 16:00, Sunday: 10:00 - 16:00","opening":"Mo 09:00-20:00; Tu 09:00-20:00; We 09:00-20:00; Th 09:00-20:00; Fr 09:00-20:00; Sa 10:00-16:00; Su 10:00-16:00"},"title":"St Matthews Community Centre"},"type":"Feature"},
		{"geometry":{"coordinates":[-1.15322,52.63428],"type":"Point"},"properties":{"_source":"warm_welcome","address":"St Paul's & St Augustine's Worship Centre, 2 Kirby Road, Leicester LE3 6BA","description":"People who need to socialise in a safe environment and enjoy chatting over refreshments. We also have various craft activities and jigsaws etc. Drop in tea/coffee every Wednesday PM. Table top sale held on 2nd Saturday of every month. Games afternoons held approx. bi-monthly","hours":{"_text":"Wednesday: 14:00 - 16:00","opening":"We 14:00-16:00"},"title":"ST PAULS PCC COMMUNITY HUB"},"type":"Feature"},
		{"geometry":{"coordinates":[-1.08071,52.59716],"type":"Point"},"properties":{"_source":"warm_welcome","address":"St Peter's Centre, Wigston Road, Oadby, Leicester LE2 5QE","description":"Open from 13/01/2023.","hours":{"_text":"Friday: 10:00 - 13:00","opening":"Fr 10:00-13:00"},"title":"St Peter's Church"},"type":"Feature"},
		{"geometry":{"coordinates":[-1.20565,52.64958],"type":"Point"},"properties":{"_source":"warm_welcome","address":"St Peter's Church Centre, Church Road, Glenfield, Leicester LE3 8DP","description":"Open from 27/10/2022.","hours":{"_text":"Thursday: 09:30 - 12:00","opening":"Th 09:30-12:00"},"title":"St Peter's, Glenfield"},"type":"Feature"},
		{"geometry":{"coordinates":[-1.10532,52.61502],"type":"Point"},"properties":{"_source":"warm_welcome","address":"315 London Road, Leicester, Leicestershire LE2 3ND","description":"Chat with others, enjoy simple activities, or take time to be quiet. Hot drinks and snacks available, and please feel free to bring lunch.","title":"Stoneygate Baptist Church"},"type":"Feature"},
		{"geometry":{"coordinates":[-1.12683,52.64295],"type":"Point"},"properties":{"_source":"warm_welcome","address":"43 Melton Street, Leicester LE1 3NB","hours":{"_text":"Monday: 09:30 - 14:00, Tuesday: 09:30 - 14:00, Thursday: 09:30 - 14:00, Friday: 09:30 - 14:00","opening":"Mo 09:30-14:00; Tu 09:30-14:00; Th 09:30-14:00; Fr 09:30-14:00"},"title":"The Bridge Homelessness to Hope"},"type":"Feature"},
		{"geometry":{"coordinates":[-1.18322,52.62458],"type":"Point"},"properties":{"_source":"warm_welcome","address":"Bendbow Rise, Braunstone, Leicester LE3 1QA","description":"We are offering a free pie lunch at 12:30pm every Monday","hours":{"_text":"Monday: 09:00 - 14:00","opening":"Mo 09:00-14:00"},"title":"The Oak Centre"},"type":"Feature"},
		{"geometry":{"coordinates":[-1.37032,52.54298],"type":"Point"},"properties":{"_source":"warm_welcome","address":"The Pathways Centre, Hinckley Baptist Church, Baptist Walk, Hinckley, Leicestershire LE10 1PR","description":"We are open to anyone A bowl of soup, roll and hot drink available during this time free of charge.","hours":{"_text":"Monday: 10:00 - 15:00, Wednesday: 10:00 - 15:00","opening":"Mo 10:00-15:00; We 10:00-15:00"},"title":"The Pathways Centre, Hinckley Baptist Church"},"type":"Feature"},
		{"geometry":{"coordinates":[-1.14079,52.58631],"type":"Point"},"properties":{"_source":"warm_welcome","address":"The salvation Army Ladysmith road, South Wigston, Leicester LE184UZ","description":"We cater for all age groups We have a coffee shop on site where hot drinks, cakes & sandwiches can be purchased","hours":{"_text":"Monday: 9:00 - 15:00, Tuesday: 9:00 - 15:00, Wednesday: 9:00 - 15:00, Thursday: 9:00 - 15:00, Friday: 9:00 - 15:00","opening":"Mo 09:00-15:00; Tu 09:00-15:00; We 09:00-15:00; Th 09:00-15:00; Fr 09:00-15:00"},"title":"The Salvation Army Leicester South Corps"},"type":"Feature"},
		{"geometry":{"coordinates":[-1.40421,52.53528],"type":"Point"},"properties":{"_source":"warm_welcome","address":"Trinity House, Wharf Farm, Hinckley, Leicestershire Le10 0NF","hours":{"_text":"Monday: 14:00 - 20:00, Tuesday: 14:00 - 20:00, Wednesday: 14:00 - 20:00, Thursday: 14:00 - 20:00, Friday: 14:00 - 20:00, Saturday: 14:00 - 20:00, Sunday: 14:00 - 20:00","opening":"Mo 14:00-20:00; Tu 14:00-20:00; We 14:00-20:00; Th 14:00-20:00; Fr 14:00-20:00; Sa 14:00-20:00; Su 14:00-20:00"},"title":"We Care UK"},"type":"Feature"},
		{"geometry":{"coordinates":[-1.11008,52.63638],"type":"Point"},"properties":{"_source":"warm_welcome","address":"Wesley Hall Community Centre, 76 Hartington Road , Leicester LE2 0GN","title":"Wesley Hall Community Centre"},"type":"Feature"},
		{"geometry":{"coordinates":[-1.14306,52.59682],"type":"Point"},"properties":{"_source":"warm_spaces","address":"3 Glenhills Boulevard, Leicester, England, LE2 8UA, United Kingdom","description":"Free Food/Drink, Device Charging, People to chat to, Wheelchair Accessible, Toilets, Accessible Toilet, Parking, Child Friendly","hours":{"_text":"Tuesday and Saturday 10am-12noon","opening":"Tu 10:00-12:00; Sa 10:00-12:00"},"title":"Leicester Glenhills Christadelphian Church","url":"https://www.walkingbyfaith.co.uk"},"type":"Feature"},
		{"geometry":{"coordinates":[-1.11168,52.57614],"type":"Point"},"properties":{"_source":"warm_spaces","address":"23 Launceston Road, Wigston, England, LE18 2GZ, United Kingdom","description":"Free Food/Drink, Device Charging, People to chat to, Wheelchair Accessible, Toilets, Accessible Toilet, Child Friendly","hours":{"_text":"Thursday 9.30am-12.30pm","opening":"Th 09:30-12:30"},"title":"Little Hill Church","url":"https://littlehill.org.uk"},"type":"Feature"},
		{"geometry":{"coordinates":[-1.31634,52.57522],"type":"Point"},"properties":{"_source":"warm_spaces","address":"12-14 Station Road, Leicester, England, LE9 7GA, United Kingdom","description":"Free Food/Drink, Free Wi-Fi, Device Charging, Space to work, Food/Drink for sale, Wheelchair Accessible, Toilets, Accessible Toilet, Child Friendly, TV Pool &amp; Table tennis arcade game all free to use","hours":{"_text":"Monday &amp; Friday 2pm-4pm","opening":"Mo 14:00-16:00; Fr 14:00-16:00"},"title":"The Earl Shilton Social Institute","url":"https://Www.thestute.co.uk"},"type":"Feature"},
		{"geometry":{"coordinates":[-1.34137,52.63081],"type":"Point"},"properties":{"_source":"warm_spaces","address":"Mill Lane, Leicester, England, LE9 9PT, United Kingdom","description":"Free Food/Drink, Free Wi-Fi, Device Charging, People to chat to, Space to work, Wheelchair Accessible, Toilets, Accessible Toilet, Parking, Child Friendly","hours":{"_text":"Thursday 10:30am-2:30pm","opening":"Th 10:30-14:30"},"title":"Newbold Verdon Methodist Church 'Toasty Thursday'"},"type":"Feature"},
		{"geometry":{"coordinates":[-1.08176,52.59796],"type":"Point"},"properties":{"_source":"warm_spaces","address":"Leicester Road, Leicester, England, LE2 5BD, United Kingdom","description":"Free Food/Drink, Free Wi-Fi, Device Charging, People to chat to, Wheelchair Accessible, Toilets, Accessible Toilet, Child Friendly","hours":{"_text":"Wednesday 10am-12pm","opening":"We 10:00-12:00"},"title":"Oadby Baptist","url":"https://Www.OadbyBaptist.church"},"type":"Feature"},
		{"geometry":{"coordinates":[-1.12559,52.62456],"type":"Point"},"properties":{"_source":"warm_spaces","address":"Attenborough Arts Centre, Lancaster Road, Leicester, England, LE1 7HA, United Kingdom","description":"Free Wi-Fi, Device Charging, Space to work, Food/Drink for sale, Wheelchair Accessible, Toilets, Accessible Toilet, Child Friendly","hours":{"_text":"Thursdays &amp; Fridays 2pm-5pm","opening":"Th 14:00-17:00; Fr 14:00-17:00"},"title":"Attenborough Arts Centre (University of Leicester)","url":"https://www.attenborougharts.com"},"type":"Feature"},
		{"geometry":{"coordinates":[-1.39685,52.68803],"type":"Point"},"properties":{"_source":"warm_spaces","address":"The Palace Community Centre Ltd, High Street, Ibstock, England, LE67 6LG, United Kingdom","description":"Free Food/Drink, Free Wi-Fi, Advice, People to chat to, Wheelchair Accessible, Toilets, Accessible Toilet, Child Friendly","hours":{"_text":"Wednesday 1pm-4pm","opening":"We 13:00-16:00"},"title":"The Palace Ibstock","url":"https://www.thepalaceibstock.co.uk"},"type":"Feature"},
		{"geometry":{"coordinates":[-1.28107,52.53447],"type":"Point"},"properties":{"_source":"warm_spaces","address":"Church Street, Leicester, England, LE9 4FG, United Kingdom","description":"Device Charging, Space to work, Wheelchair Accessible, Toilets, Accessible Toilet, Parking, Child Friendly, Sapcote Warm Spaces - other venues Sapcote Community Libray and Sapcote Methodist Church open at different times across the week. We have links to Hinckley Area Food bank and collect food for foodbank and can refer people for support. We also offer food support through a Hope@ project supporting families who are eligible for free school meals with food parcels in the school holidays. Also through Hope@ we support isolated with gifts/plants to show we care.","hours":{"_text":"Mondays 2pm-5pm, Wednesdays 11:30am-1:30pm","opening":"Mo 14:00-17:00; We 11:30-13:30"},"title":"Sapcote Warm Spaces - All Saints Church","url":"https://www.achurchnearyou.com/church/5474/"},"type":"Feature"},
		{"geometry":{"coordinates":[-1.21798,52.62190],"type":"Point"},"properties":{"_source":"warm_spaces","address":"76 Stafford Leys, Leicester, England, LE3 3PD, United Kingdom","description":"Free Wi-Fi, People to chat to, Space to work, Food/Drink for sale, Wheelchair Accessible, Toilets, Accessible Toilet, Parking, Child Friendly, Computer Access, Board Games, Cards, Dominoes, Jigsaw Puzzles, Magazines and Papers","hours":{"_text":"Monday - 2pm to 5pm, Wednesday 10am to 4pm &amp; 6pm to 8pm, Thursday 10am to 12pm &amp; 2pm to 4pm, Friday 2pm to 5pm and Saturday 10am to 1pm","opening":"Mo 14:00-17:00; We 10:00-16:00; Th 10:00-12:00; Fr 14:00-17:00; Sa 10:00-13:00"},"title":"Leicester Forest East Community Library","url":"https://lfelibrary.org"},"type":"Feature"},
		{"geometry":{"coordinates":[-1.36733,52.64650],"type":"Point"},"properties":{"_source":"hinckley_and_bosworth_council","address":"Newbold Road, Barlestone, CV13 0DZ","hours":{"_text":"Wednesdays 10am to 4pm","opening":"We 10:00-16:00"},"loc_pcd":true,"title":"Baptist Church"},"type":"Feature"},
		{"geometry":{"coordinates":[-1.34415,52.56516],"type":"Point"},"properties":{"_source":"hinckley_and_bosworth_council","address":"Church Lane, Barwell, LE9 8DG","hours":{"_text":"Monday to Friday 9am to 5pm, Saturday depending on bookings 9am to 5pm","opening":"Mo-Fr 09:00-17:00"},"loc_pcd":true,"title":"George Ward Centre"},"type":"Feature"},
		{"geometry":{"coordinates":[-1.34402,52.56685],"type":"Point"},"properties":{"_source":"hinckley_and_bosworth_council","address":"29 Chapel Street, Barwell, LE9 8DE","hours":{"_text":"Wednesday 10.30am to 1.30pm","opening":"We 10:30-13:30"},"loc_pcd":true,"title":"Methodist Church"},"type":"Feature"},
		{"geometry":{"coordinates":[-1.34022,52.57673],"type":"Point"},"properties":{"_source":"hinckley_and_bosworth_council","address":"43 Bradgate Road, Barwell, LE9 8FB","hours":{"_text":"Tuesdays and Wednesdays 12.30pm to 2.30pm","opening":"Tu 12:30-14:30; We 12:30-14:30"},"loc_pcd":true,"title":"Barwell Community House"},"type":"Feature"},
		{"geometry":{"coordinates":[-1.34666,52.56530],"type":"Point"},"properties":{"_source":"hinckley_and_bosworth_council","address":"Barwell, LE9 8DZ","hours":{"_text":"Thursday 1.30pm to 4.30pm (starting from 8 December)","opening":"Th 13:30-16:30"},"loc_pcd":true,"title":"St Mary&apos;s Church"},"type":"Feature"},
		{"geometry":{"coordinates":[-1.34339,52.56462],"type":"Point"},"properties":{"_source":"hinckley_and_bosworth_council","address":"The Pavillion, Dovecoat Way, Barwell, LE9 8EX","hours":{"_text":"Wednesday 10am to 12 noon","opening":"We 10:00-12:00"},"loc_pcd":true,"title":"AFC Barwell"},"type":"Feature"},
		{"geometry":{"coordinates":[-1.37820,52.53284],"type":"Point"},"properties":{"_source":"hinckley_and_bosworth_council","address":"Brookfield Road, Burbage LE10 2LL","hours":{"_text":"Mondays 6pm to 9pm","opening":"Mo 18:00-21:00"},"loc_pcd":true,"title":"Hansom Cab"},"type":"Feature"},
		{"geometry":{"coordinates":[-1.37820,52.53284],"type":"Point"},"properties":{"_source":"hinckley_and_bosworth_council","address":"Brookfield Road, Burbage LE10 2LL","hours":{"_text":"Mondays 6pm to 9pm","opening":"Mo 18:00-21:00"},"loc_pcd":true,"title":"Hansom Cab"},"type":"Feature"},
		{"geometry":{"coordinates":[-1.37820,52.53284],"type":"Point"},"properties":{"_source":"hinckley_and_bosworth_council","address":"Brookfield Road, Burbage LE10 2LL","hours":{"_text":"Mondays 6pm to 9pm","opening":"Mo 18:00-21:00"},"loc_pcd":true,"title":"Hansom Cab"},"type":"Feature"},
		{"geometry":{"coordinates":[-1.35012,52.53163],"type":"Point"},"properties":{"_source":"hinckley_and_bosworth_council","address":"Hinckley Road, Burbage, LE10 2AF","hours":{"_text":"Monday 11am to 1pm, Wednesday 3pm to 5pm. Alternate Wednesdays 12 noon to 1pm (lunch club) Mondays: soup and a roll from 12 noon. Wednesdays: activities for families","opening":"Mo 11:00-13:00; We 15:00-17:00; We 12:00-13:00"},"loc_pcd":true,"title":"St Catherine’s Church"},"type":"Feature"},
		{"geometry":{"coordinates":[-1.34735,52.53329],"type":"Point"},"properties":{"_source":"hinckley_and_bosworth_council","address":"7 the Meadows, off Woodland Avenue, Burbage, LE10 2BT","hours":{"_text":"Monday to Wednesday from 10am to 2.30am","opening":"Mo-We 10:00-14:30"},"loc_pcd":true,"title":"Meadows Community Centre"},"type":"Feature"},
		{"geometry":{"coordinates":[-1.29713,52.62787],"type":"Point"},"properties":{"_source":"hinckley_and_bosworth_council","address":"Chapel Lane, Desford LE9 9GE","hours":{"_text":"Mondays and Fridays 10am to 12 noon","opening":"Mo 10:00-12:00; Fr 10:00-12:00"},"loc_pcd":true,"title":"Desford Free Church"},"type":"Feature"},
		{"geometry":{"coordinates":[-1.32092,52.57378],"type":"Point"},"properties":{"_source":"hinckley_and_bosworth_council","address":"7 Melton St, Earl Shilton LE9 7FP","hours":{"_text":"Mondays 11am to 4pm","opening":"Mo 11:00-16:00"},"loc_pcd":true,"title":"St Peter &amp; St Paul Church"},"type":"Feature"},
		{"geometry":{"coordinates":[-1.30329,52.57882],"type":"Point"},"properties":{"_source":"hinckley_and_bosworth_council","address":"Mill Lane, Earl Shilton LE9 7AW","hours":{"_text":"Tuesday 11am to 4pm (term time; holiday opening dates to be confirmed), Thursday 9:30am to 11:30am term time only. Tuesday - The Community Hub, Thursdays - Footprints parent &amp; toddler group","opening":"Tu 11:00-16:00; Th 09:30-11:30"},"loc_pcd":true,"title":"LBC Earl Shilton"},"type":"Feature"},
		{"geometry":{"coordinates":[-1.31801,52.57572],"type":"Point"},"properties":{"_source":"hinckley_and_bosworth_council","address":"21 Wood St, LE9 7ND","hours":{"_text":"Tuesdays 3pm to 4.30pm","opening":"Tu 15:00-16:30"},"loc_pcd":true,"title":"Earl Shilton Methodist Church"},"type":"Feature"},
		{"geometry":{"coordinates":[-1.31862,52.57533],"type":"Point"},"properties":{"_source":"hinckley_and_bosworth_council","address":"Wood Street, Earl Shilton, LE9 7NE","hours":{"_text":"Monday 10am to 1pm, Tuesday and Thursday 2pm to 5pm, Friday 10am to 1pm","opening":"Tu 14:00-17:00; Th 14:00-17:00; Mo 10:00-13:00; Fr 10:00-13:00"},"loc_pcd":true,"title":"Earl Shilton Library"},"type":"Feature"},
		{"geometry":{"coordinates":[-1.30979,52.57392],"type":"Point"},"properties":{"_source":"hinckley_and_bosworth_council","address":"Peggs Close, Earl Shilton, LE9 7BP","hours":{"_text":"Mondays, Tuesdays and Wednesdays 12.30pm to 2.30pm, Thursdays 10am to 1pm","opening":"Mo 12:30-14:30; Tu 12:30-14:30; We 12:30-14:30; Th 10:00-13:00"},"loc_pcd":true,"title":"Earl Shilton Community House"},"type":"Feature"},
		{"geometry":{"coordinates":[-1.31707,52.57380],"type":"Point"},"properties":{"_source":"hinckley_and_bosworth_council","address":"12-14 Station Road, Earl Shilton, LE9 7GA","hours":{"_text":"Monday and Friday 2pm to 4pm to the end of March 2023 (closed for Christmas between 22 December and 3 January)","opening":"Mo 14:00-16:00; Fr 14:00-16:00"},"loc_pcd":true,"title":"The Earl Shilton Social Institute"},"type":"Feature"},
		{"geometry":{"coordinates":[-1.37272,52.54296],"type":"Point"},"properties":{"_source":"hinckley_and_bosworth_council","address":"Hinckley Great Meeting Chapel, Baines Lane, Hinckley LE10 1PP","hours":{"_text":"Saturdays 10am to 1pm","opening":"Sa 10:00-13:00"},"loc_pcd":true,"title":"Unitarian Chapel"},"type":"Feature"},
		{"geometry":{"coordinates":[-1.37061,52.54142],"type":"Point"},"properties":{"_source":"hinckley_and_bosworth_council","address":"Church Walk, Hinckley LE10 1DW","hours":{"_text":"Monday to Saturday 10am to 1pm","opening":"Mo-Sa 10:00-13:00"},"loc_pcd":true,"title":"St Mary&apos;s C of E"},"type":"Feature"},
		{"geometry":{"coordinates":[-1.40375,52.53541],"type":"Point"},"properties":{"_source":"hinckley_and_bosworth_council","address":"Hinckley, LE10 0NF","hours":{"_text":"daily 10am to 1pm for pensioners and 4pm to 8pm for families","opening":"Mo-Su 10:00-13:00"},"loc_pcd":true,"title":"We Care UK Trinity House"},"type":"Feature"},
		{"geometry":{"coordinates":[-1.37492,52.55222],"type":"Point"},"properties":{"_source":"hinckley_and_bosworth_council","address":"Tudor Road, Hinckley, LE10 0EQ","hours":{"_text":"4pm to 8pm - Saturday 12 November, Saturday 10 December, Saturday 7 January, Saturday 21 January, Saturday 11 February, Saturday 11 March"},"loc_pcd":true,"title":"The St Francis Community Centre"},"type":"Feature"},
		{"geometry":{"coordinates":[-1.37358,52.54185],"type":"Point"},"properties":{"_source":"hinckley_and_bosworth_council","address":"The Borough, Hinckley LE10 1NL","hours":{"_text":"Thursday afternoons 2pm to 4pm","opening":"Th 14:00-16:00"},"loc_pcd":true,"title":"Hinckley URC Church"},"type":"Feature"},
		{"geometry":{"coordinates":[-1.38413,52.53669],"type":"Point"},"properties":{"_source":"hinckley_and_bosworth_council","address":"Rosemary Way, Hinckley, LE10 0LN","hours":{"_text":"Monday to Friday 10am to 3pm weekends by arrangement. Book in if transport required/drop in/referral","opening":"Mo-Fr 10:00-15:00"},"loc_pcd":true,"title":"Westfield Community Centre"},"type":"Feature"},
		{"geometry":{"coordinates":[-1.37664,52.54192],"type":"Point"},"properties":{"_source":"hinckley_and_bosworth_council","address":"Hinckley LE10 0AJ","hours":{"_text":"Tuesdays 10.30am to 12 noon","opening":"Tu 10:30-12:00"},"loc_pcd":true,"title":"Holy Trinity Church 1 Cleveland Rd"},"type":"Feature"},
		{"geometry":{"coordinates":[-1.37030,52.54297],"type":"Point"},"properties":{"_source":"hinckley_and_bosworth_council","address":"Baptist Walk, Hinckley LE10 1PR","hours":{"_text":"Mondays and Wednesdays from 10am to 3pm from 3 October 2022 to the end of March 2023","opening":"Mo 10:00-15:22; We 10:00-15:22"},"loc_pcd":true,"title":"Hinckley Baptist Church"},"type":"Feature"},
		{"geometry":{"coordinates":[-1.40375,52.53541],"type":"Point"},"properties":{"_source":"hinckley_and_bosworth_council","address":"351 Coventry Road, Hinckley, LE10 0NF","hours":{"_text":"Monday 9am to 12 noon drop-in session, Friday 9am to 4pm drop-in session (Oasis, pay as you can café, will be open 10am to 2pm) and Wednesdays from 10am to 3pm from 3 October 2022 to the end of March 2023","opening":"Mo 09:00-12:00; Fr 09:00-16:00; We 10:00-15:00"},"loc_pcd":true,"title":"St John&apos;s Church"},"type":"Feature"},
		{"geometry":{"coordinates":[-1.37030,52.54297],"type":"Point"},"properties":{"_source":"hinckley_and_bosworth_council","address":"Baptist Walk, Hinckley, LE10 1PR","hours":{"_text":"Mondays and Wednesdays 10am to 3pm starting 3 October 2022 to the end of March 2023","opening":"Mo 10:00-15:00; We 10:00-15:00"},"loc_pcd":true,"title":"Baptist Church"},"type":"Feature"},
		{"geometry":{"coordinates":[-1.40375,52.53541],"type":"Point"},"properties":{"_source":"hinckley_and_bosworth_council","address":"351 Coventry Road, Hinckley, LE10 0NF","hours":{"_text":"Monday 9am to noon, Friday 9am to 4pm (Oasis, pay as you can cafe will be open 10am to 2pm)","opening":"Mo 09:00-12:00; Fr 09:00-16:00"},"loc_pcd":true,"title":"St John&apos;s Church"},"type":"Feature"},
		{"geometry":{"coordinates":[-1.40123,52.62499],"type":"Point"},"properties":{"_source":"hinckley_and_bosworth_council","address":"1348 Barton Rd, Market Bosworth, CV13 0JW","hours":{"_text":"Wednesdays 10am to 12 noon More days and times to follow","opening":"We 10:00-12:00"},"loc_pcd":true,"title":"Market Bosworth Free Church"},"type":"Feature"},
		{"geometry":{"coordinates":[-1.27859,52.68543],"type":"Point"},"properties":{"_source":"hinckley_and_bosworth_council","address":"104 Main Street, LE67 9UU","hours":{"_text":"Tuesday 9.30am to 1.30pm","opening":"Tu 09:30-13:30"},"loc_pcd":true,"title":"Markfield Congregational Community Church"},"type":"Feature"},
		{"geometry":{"coordinates":[-1.27859,52.68543],"type":"Point"},"properties":{"_source":"hinckley_and_bosworth_council","address":"Main Street, Markfield, LE67 9UU","hours":{"_text":"Wednesday 10am to 12 noon","opening":"We 10:00-12:00"},"loc_pcd":true,"title":"Markfield Methodist Church"},"type":"Feature"},
		{"geometry":{"coordinates":[-1.27737,52.68397],"type":"Point"},"properties":{"_source":"hinckley_and_bosworth_council","address":"Oakfield Avenue, Markfield, LE67 9WG","hours":{"_text":"Monday 9am to 10am, 1pm to 3pm, 6pm to 7pm. Tuesday 9am to 10am, 12.30pm to 3pm, Friday 9am to 10am, 1pm to 3pm, Saturday 10am to 12.30pm","opening":"Mo 09:00-10:00,13:00-15:00,18:00-19:00; Tu 09:00-10:00,12:30-15:00; Fr 09:00-10:00,13:00-15:00; Sa 10:00-12:30"},"loc_pcd":true,"title":"Markfield Community Library"},"type":"Feature"},
		{"geometry":{"coordinates":[-1.34137,52.63080],"type":"Point"},"properties":{"_source":"hinckley_and_bosworth_council","address":"1A Mill Lane, Newbold Verdon, LE9 9PT","hours":{"_text":"Wednesday 10am to 4pm","opening":"We 10:00-16:00"},"loc_pcd":true,"title":"Baptist Church Newbold Verdon"},"type":"Feature"},
		{"geometry":{"coordinates":[-1.33938,52.62956],"type":"Point"},"properties":{"_source":"hinckley_and_bosworth_council","address":"Sparkenhoe, Main Street, LE9 9NP","hours":{"_text":"To be confirmed - Monday 2pm to 6pm, Tuesday 10am to 12 noon, Wednesday 2pm to 6pm, Friday 10am to 12 noon and 2pm to 4pm, Saturday 10am to 1pm","opening":"Mo 14:00-18:00; Tu 10:00-12:00; We 14:00-18:00; Fr 10:00-12:00,14:00-16:00; Sa 10:00-13:00"},"loc_pcd":true,"title":"Newbold Verdon Library"},"type":"Feature"},
		{"geometry":{"coordinates":[-1.34356,52.62922],"type":"Point"},"properties":{"_source":"hinckley_and_bosworth_council","address":"Main Street, Newbold Verdon, LE9 9NN","hours":{"_text":"Thursdays from 10.30 to 2.30pm from 8 December 2022","opening":"Th 10:30-14:30"},"loc_pcd":true,"title":"Newbold Verdon Methodist Church"},"type":"Feature"},
		{"geometry":{"coordinates":[-1.31111,52.68835],"type":"Point"},"properties":{"_source":"hinckley_and_bosworth_council","address":"35 Main Street, LE67 9TQ","hours":{"_text":"last Sunday of the month, 12.30pm to 3pm. December session takes place 18 December","opening":"Su[-1] 12:30-15:00"},"loc_pcd":true,"title":"Without Walls Stanton Under Bardon"},"type":"Feature"}
	]
}
