{
	"type": "FeatureCollection",
	"features": [
		{"geometry":{"coordinates":[-1.05812,50.80818],"type":"Point"},"properties":{"_source":"warm_welcome","address":"Tangier Road, Copnor, Portsmouth PO3 6HU","description":"Please note that this library is closed for lunch 12:30-13:30 on Monday, Tuesday, Thursday and Friday","hours":{"_text":"Monday: 09:30 - 18:00 / -, Tuesday: 09:30 - 18:00 / -, Thursday: 09:30 - 17:00 / -, Friday: 09:30 - 17:00 / -, Saturday: 10:00 - 15:30 / -","opening":"Mo 09:30-18:00; Tu 09:30-18:00; Th 09:30-17:00; Fr 09:30-17:00; Sa 10:00-15:30"},"title":"Alderman Lacey Library"},"type":"Feature"},
		{"geometry":{"coordinates":[-1.27454,50.91502],"type":"Point"},"properties":{"_source":"warm_welcome","address":"High Street, Botley, Hants SO30 2EA","description":"Our church is open during daylight hours and our \"Warm Space\" is in our modern foyer. Hot drinks currently available on 3 days published but we hope to recruit more volunteers are","hours":{"_text":"Wednesday: 10:00 - 12:00, Thursday: 10:30 - 12:00, Friday: 14:00 - 16:00","opening":"We 10:00-12:00; Th 10:30-12:00; Fr 14:00-16:00"},"title":"All Saints' Church Botley"},"type":"Feature"},
		{"geometry":{"coordinates":[-1.37158,50.92366],"type":"Point"},"properties":{"_source":"warm_welcome","address":"Ascension Church Centre, 1 Thorold Rd,, Southampton , Hampshire So18 1HZ","hours":{"_text":"Wednesday: 13:00 - 15:00","opening":"We 13:00-15:00"},"title":"Ascension Church Southampton"},"type":"Feature"},
		{"geometry":{"coordinates":[-1.05893,50.79470],"type":"Point"},"properties":{"_source":"warm_welcome","address":"Milton Road, Milton, Portsmouth PO4 8PR","hours":{"_text":"Monday: 09:30 - 17:00 / -, Tuesday: 09:30 - 17:00 / -, Wednesday: 09:30 - 18:00 / -, Thursday: 09:30 - 18:00 / -, Friday: 09:30 - 17:00 / -, Saturday: 10:00 - 15:30 / -","opening":"Mo 09:30-17:00; Tu 09:30-17:00; We 09:30-18:00; Th 09:30-18:00; Fr 09:30-17:00; Sa 10:00-15:30"},"title":"Beddow Library"},"type":"Feature"},
		{"geometry":{"coordinates":[-1.20843,50.95644],"type":"Point"},"properties":{"_source":"warm_welcome","address":"Bishops Waltham Library, Free Street, Bishops Waltham SO32 1EE","hours":{"_text":"Tuesday: 13:00 - 17:00 / -, Wednesday: 09:30 - 13:30 / -, Friday: 13:00 - 17:00 / -, Saturday: 09:30 - 13:30 / -","opening":"Tu 13:00-17:00; We 09:30-13:30; Fr 13:00-17:00; Sa 09:30-13:30"},"title":"Bishops Waltham Library- Hampshire Libraries"},"type":"Feature"},
		{"geometry":{"coordinates":[-1.21025,50.95334],"type":"Point"},"properties":{"_source":"warm_welcome","address":"The Jubilee Hall, Bishops Waltham, Southampton, Hampshire SO32 1ED","description":"Open from 03/01/2023.","hours":{"_text":"Tuesday: 10:00 - 14:00","opening":"Tu 10:00-14:00"},"title":"Bishops Waltham Parish Council"},"type":"Feature"},
		{"geometry":{"coordinates":[-1.35499,50.91460],"type":"Point"},"properties":{"_source":"warm_welcome","address":"Bitterne Library, Bitterne Road East, Southampton SO18 5EG","description":"We have newspapers and magazines for people to read in the library, and a jigsaw puzzle for anyone to put a piece in.","hours":{"_text":"Monday: 10:00 - 19:00, Tuesday: 10:00 - 16:00, Wednesday: 10:00 - 19:00, Thursday: 10:00 - 17:00, Friday: 10:00 - 17:00, Saturday: 10:00 - 16:00","opening":"Mo 10:00-19:00; Tu 10:00-16:00; We 10:00-19:00; Th 10:00-17:00; Fr 10:00-17:00; Sa 10:00-16:00"},"title":"Bitterne Library"},"type":"Feature"},
		{"geometry":{"coordinates":[-1.37483,50.93024],"type":"Point"},"properties":{"_source":"warm_welcome","address":"49 Oaktree Road, Bitterne Park, Southampton SO18 1PJ","description":"Open from 01 12 2022. Open on 1st and 3rd Thursdays each month between 10.30am and 1pm. Come and enjoy a hot drink and a cake. A selection of newspapers will be available together with some board games.","hours":{"_text":"Thursday: 10:30 - 13:00 / - Fortnightly","opening":"Th 10:30-13:00"},"title":"Bitterne Park Baptist Church"},"type":"Feature"},
		{"geometry":{"coordinates":[-1.37149,50.81693],"type":"Point"},"properties":{"_source":"warm_welcome","address":"Hampton Lane, Blackfield, Southampton SO45 1XA","hours":{"_text":"Thursday: 10:00 - 16:00, Friday: 10:00 - 16:00","opening":"Th 10:00-16:00; Fr 10:00-16:00"},"title":"Blackfield Baptist Church"},"type":"Feature"},
		{"geometry":{"coordinates":[-1.14310,50.89565],"type":"Point"},"properties":{"_source":"warm_welcome","address":"North Boarhunt Parish Hall, North Boarhunt, Hampshire PO17 6DD","description":"Open from 01-12-2022.","hours":{"_text":"Wednesday: 10:00 - 15:00, Thursday: 18:00 - 19:00, Sunday: 15:00 - 18:30","opening":"We 10:00-15:00; Th 18:00-19:00; Su 15:00-18:30"},"title":"Boarhunt Parish Council"},"type":"Feature"},
		{"geometry":{"coordinates":[-1.16936,50.82078],"type":"Point"},"properties":{"_source":"warm_welcome","address":"Bridgemary Library, 74 Brewers Lane, Bridgemary, Gosport PO13 0LA","hours":{"_text":"Monday: 13:00 - 17:00 / -, Tuesday: 09:30 - 13:30 / -, Thursday: 13:00 - 17:00 / -, Saturday: 09:30 - 13:30 / -","opening":"Mo 13:00-17:00; Tu 09:30-13:30; Th 13:00-17:00; Sa 09:30-13:30"},"title":"Bridgemary Library- Hampshire Libraries"},"type":"Feature"},
		{"geometry":{"coordinates":[-1.30019,50.75403],"type":"Point"},"properties":{"_source":"warm_welcome","address":"The Apex Church, St Faiths Road, Cowes, Isle of Wight PO31 7HH","description":"All are welcome We want to empower members of our local community to access any help and support they might need, by providing a listening ear and a resource of information.","hours":{"_text":"Tuesday: 8:30 - 11:00","opening":"Tu 08:30-11:00"},"title":"Bridges at The Apex Church"},"type":"Feature"},
		{"geometry":{"coordinates":[-1.39463,50.93820],"type":"Point"},"properties":{"_source":"warm_welcome","address":"Burgess Road Library, Burgess Road, Southampton, Hampshire SO16 3HF","hours":{"_text":"Monday: 10:00 - 17:00, Wednesday: 12:00 - 17:00, Friday: 10:00 - 16:00, Saturday: 11:30 - 13:30","opening":"Mo 10:00-17:00; We 12:00-17:00; Fr 10:00-16:00; Sa 11:30-13:30"},"title":"Burgess Road Library"},"type":"Feature"},
		{"geometry":{"coordinates":[-1.32308,50.88543],"type":"Point"},"properties":{"_source":"warm_welcome","address":"St Paul's Church, Chamberlayne Road, Bursledon, Hampshire SO31 8DT","description":"We cater for everyone","hours":{"_text":"Monday: 14:00 - 16:00 / - Fortnightly, Tuesday: 11:30 - 15:00","opening":"Mo 14:00-16:00; Tu 11:30-15:00"},"title":"Bursledon Parish Church"},"type":"Feature"},
		{"geometry":{"coordinates":[-1.07732,50.80206],"type":"Point"},"properties":{"_source":"warm_welcome","address":"Carnegie Library, Fratton Road, Portsmouth PO1 5EZ","hours":{"_text":"Monday: 09:30 - 18:00 / -, Tuesday: 09:30 - 17:00 / -, Wednesday: 09:30 - 17:00 / -, Friday: 09:30 - 17:00 / -, Saturday: 10:00 - 15:30 / -","opening":"Mo 09:30-18:00; Tu 09:30-17:00; We 09:30-17:00; Fr 09:30-17:00; Sa 10:00-15:30"},"title":"Carnegie Library"},"type":"Feature"},
		{"geometry":{"coordinates":[-1.06470,50.84652],"type":"Point"},"properties":{"_source":"warm_welcome","address":"48 Havant Road, Cosham, Portsmouth PO6 2QZ","description":" Open from 02-11-2022.","hours":{"_text":"Wednesday: 09:00 - 17:00 / -","opening":"We 09:00-17:00"},"title":"Cosham Baptist Church"},"type":"Feature"},
		{"geometry":{"coordinates":[-1.06736,50.84659],"type":"Point"},"properties":{"_source":"warm_welcome","address":"Cosham Library, Spur Road, Cosham, Portsmouth, Hants PO6 3EB","hours":{"_text":"Monday: 09:30 - 18:00 / -, Tuesday: 09:30 - 18:00 / -, Wednesday: 09:30 - 17:00 / -, Thursday: 09:30 - 18:00 / -, Friday: 09:30 - 17:00 / -, Saturday: 10:00 - 15:30 / -","opening":"Mo 09:30-18:00; Tu 09:30-18:00; We 09:30-17:00; Th 09:30-18:00; Fr 09:30-17:00; Sa 10:00-15:30"},"title":"Cosham Library"},"type":"Feature"},
		{"geometry":{"coordinates":[-1.21242,50.82407],"type":"Point"},"properties":{"_source":"warm_welcome","address":"Holy Rood Church, Gosport Road, Fareham, HAMPSHIRE PO14 2AS","hours":{"_text":"Tuesday: 13:00 - 15:30, Wednesday: 13:00 - 15:30, Thursday: 13:00 - 15:30","opening":"Tu 13:00-15:30; We 13:00-15:30; Th 13:00-15:30"},"title":"Crofton PCC"},"type":"Feature"},
		{"geometry":{"coordinates":[-1.30019,50.75403],"type":"Point"},"properties":{"_source":"warm_welcome","address":"St Faiths Church, St Faiths Road, Cowes, Isle of Wight PO31 7HH","description":"Open from 1st November 2022. all ages -meet for good company, often have Island speakers company, coffee, cake, various speakers and activities","hours":{"_text":"Thursday: 9:30 - 12:00","opening":"Th 09:30-12:00"},"title":"Drop-In for coffee"},"type":"Feature"},
		{"geometry":{"coordinates":[-1.14558,50.80843],"type":"Point"},"properties":{"_source":"warm_welcome","address":"136 Chantry Road , Gosport , hants PO12 4NG","description":"We cater for all ages. Large children’s library with play area. Board Games, jigsaws, books available to use. Hot and cold drinks and sweet snacks available. Close by to shops. Off road parking.","hours":{"_text":"Monday: 09:30 - 16:00, Tuesday: 09:30 - 16:00, Wednesday: 09:30 - 16:00, Thursday: 09:30 - 16:00, Friday: 09:30 - 18:00, Saturday: 09:30 - 14:30","opening":"Mo 09:30-16:00; Tu 09:30-16:00; We 09:30-16:00; Th 09:30-16:00; Fr 09:30-18:00; Sa 09:30-14:30"},"title":"Elson community library and hub"},"type":"Feature"},
		{"geometry":{"coordinates":[-1.17731,50.85400],"type":"Point"},"properties":{"_source":"warm_welcome","address":"Fareham Library, Osborn Road, Fareham PO16 7EN","description":"Citizens Advice also within building, please check their website for opening hours. Coffee shop on site. Multi storey car park next door. 3 disabled parking bays directly behind building. Please check our Facebook page for free weekly activities.","hours":{"_text":"Monday: 09:30 - 17:00, Tuesday: 09:30 - 17:00, Wednesday: 09:30 - 13:30, Thursday: 09:30 - 17:00, Friday: 09:30 - 17:00, Saturday: 09:30 - 17:00","opening":"Mo 09:30-17:00; Tu 09:30-17:00; We 09:30-13:30; Th 09:30-17:00; Fr 09:30-17:00; Sa 09:30-17:00"},"title":"Fareham Library- Hampshire Libraries"},"type":"Feature"},
		{"geometry":{"coordinates":[-1.18244,50.85367],"type":"Point"},"properties":{"_source":"warm_welcome","address":"18 Osborn Road South, Fareham, Hampshire PO16 7DG","description":"Open from 05-12-2022. Games, puzzles, books, tea, coffee, biscuits","hours":{"_text":"Monday: 13:00 - 16:00","opening":"Mo 13:00-16:00"},"title":"Fareham United Reformed Church"},"type":"Feature"},
		{"geometry":{"coordinates":[-1.12472,50.79505],"type":"Point"},"properties":{"_source":"warm_welcome","address":"Gosport Discovery Centre, High Street, Gosport PO12 1BT","hours":{"_text":"Monday: 09:30 - 17:00 / -, Tuesday: 09:30 - 17:00 / -, Wednesday: 09:30 - 17:00 / -, Thursday: 09:30 - 13:30 / -, Friday: 09:30 - 17:00 / -, Saturday: 09:30 - 17:00 / -","opening":"Mo 09:30-17:00; Tu 09:30-17:00; We 09:30-17:00; Th 09:30-13:30; Fr 09:30-17:00; Sa 09:30-17:00"},"title":"Gosport Discovery Centre- Hampshire Libraries"},"type":"Feature"},
		{"geometry":{"coordinates":[-1.07423,50.78721],"type":"Point"},"properties":{"_source":"warm_welcome","address":"324 Fawcett Road, Portsmouth, Hampshire PO4 0LQ","description":"Open from 31/10/2022. Our Warm Space is for anyone aged over 55. Open from 31st October 2022","hours":{"_text":"Monday: 12:00 - 16:00, Friday: 12:00 - 16:00","opening":"Mo 12:00-16:00; Fr 12:00-16:00"},"title":"Havelock Community Centre"},"type":"Feature"},
		{"geometry":{"coordinates":[-1.30537,50.91329],"type":"Point"},"properties":{"_source":"warm_welcome","address":"Hedge End Library, 11 Upper Northam Road, Hedge End SO30 4DY","hours":{"_text":"Monday: 09:30 - 17:00 / -, Wednesday: 09:30 - 17:00 / -, Thursday: 09:30 - 17:00 / -, Saturday: 09:30 - 13:30 / -","opening":"Mo 09:30-17:00; We 09:30-17:00; Th 09:30-17:00; Sa 09:30-13:30"},"title":"Hedge End Library- Hampshire Libraries"},"type":"Feature"},
		{"geometry":{"coordinates":[-1.20791,50.86041],"type":"Point"},"properties":{"_source":"warm_welcome","address":"217 Gudge Heath Lane, Fareham, Hants PO15 6PZ","hours":{"_text":"Monday: 11:00 - 13:45, Friday: 11:00 - 13:45","opening":"Mo 11:00-13:45; Fr 11:00-13:45"},"title":"Hill Park Baptist Church"},"type":"Feature"},
		{"geometry":{"coordinates":[-1.35686,50.91381],"type":"Point"},"properties":{"_source":"warm_welcome","address":"2 Bursledon Road, Bitterne, Southampton SO197LW","hours":{"_text":"Monday: 08:45 - 11:30 / -, Tuesday: 08:45 - 11:30 / -, Wednesday: 10:00 - 12:00 / -, Thursday: 08:45 - 11:30 / -","opening":"Mo 08:45-11:30; Tu 08:45-11:30; We 10:00-12:00; Th 08:45-11:30"},"title":"Holy Saviour Church"},"type":"Feature"},
		{"geometry":{"coordinates":[-1.39995,50.86924],"type":"Point"},"properties":{"_source":"warm_welcome","address":"Hythe Library, Pylewell Road, Hythe, Southampton SO45 6AQ","hours":{"_text":"Monday: 09:30 - 17:00 / -, Tuesday: 09:30 - 17:00 / -, Wednesday: 09:30 - 17:00 / -, Thursday: 09:30 - 17:00 / -, Saturday: 09:30 - 13:30 / -","opening":"Mo 09:30-17:00; Tu 09:30-17:00; We 09:30-17:00; Th 09:30-17:00; Sa 09:30-13:30"},"title":"Hythe Library- Hampshire Libraries"},"type":"Feature"},
		{"geometry":{"coordinates":[-1.38495,50.93126],"type":"Point"},"properties":{"_source":"warm_welcome","address":"346 Portswood Road Southampton , Portswood, Southampton SO17 3SB","description":"Open from 10-01-2023. We provide two computers, free wifi, drinks and biscuits","hours":{"_text":"Tuesday: 14:00 - 17:00","opening":"Tu 14:00-17:00"},"title":"Immaculate Conception Church"},"type":"Feature"},
		{"geometry":{"coordinates":[-1.07937,50.79425],"type":"Point"},"properties":{"_source":"warm_welcome","address":"109 Victoria Road North, Southsea, Portsmouth PO5 1PS","description":"Not open during school half terms","hours":{"_text":"Thursday: 10:00 - 12:00","opening":"Th 10:00-12:00"},"title":"Immanuel Baptist Church, Southsea"},"type":"Feature"},
		{"geometry":{"coordinates":[-1.10057,50.79966],"type":"Point"},"properties":{"_source":"warm_welcome","address":"John Pounds Centre, 23 Queen Street, Portsmouth, Hants PO1 3HN","description":"We are an inclusive centre for all. Activities include: Crafts (Mon) / Board Games (Thu)","hours":{"_text":"Monday: 8:00 - 18:00, Tuesday: 8:00 - 18:00, Wednesday: 8:00 - 18:00, Thursday: 8:00 - 18:00, Friday: 8:00 - 18:00, Saturday: 8:00 - 12:00","opening":"Mo 08:00-18:00; Tu 08:00-18:00; We 08:00-18:00; Th 08:00-18:00; Fr 08:00-18:00; Sa 08:00-12:00"},"title":"John Pounds Centre"},"type":"Feature"},
		{"geometry":{"coordinates":[-1.08511,50.79353],"type":"Point"},"properties":{"_source":"warm_welcome","address":"Somers Road, Southsea, Hampshire PO5 4QA","description":"Open from 13-12-2022. TUES PM: Board games, chat, quiet spots to read/work. Simple meal. Closed 27 Dec | THURS AM (termtime): Cake & kids corner. Time to chat & meet new people + inspiring thought on life & faith | BOTH: Free hot drinks, use Fraser Road door, 3hr street parking","hours":{"_text":"Tuesday: 18:00 - 20:30, Thursday: 10:30 - 12:00","opening":"Tu 18:00-20:30; Th 10:30-12:00"},"title":"King's Church, Portsmouth"},"type":"Feature"},
		{"geometry":{"coordinates":[-1.27326,50.86299],"type":"Point"},"properties":{"_source":"warm_welcome","address":"Lockswood Library, Locks Heath District Centre, Southampton SO31 6DX","hours":{"_text":"Tuesday: 09:30 - 17:00 / -, Wednesday: 09:30 - 17:00 / -, Thursday: 09:30 - 17:00 / -, Friday: 09:30 - 17:00 / -, Saturday: 09:30 - 13:30 / -","opening":"Tu 09:30-17:00; We 09:30-17:00; Th 09:30-17:00; Fr 09:30-17:00; Sa 09:30-13:30"},"title":"Lockswood Library- Hampshire Libraries"},"type":"Feature"},
		{"geometry":{"coordinates":[-1.17118,50.81541],"type":"Point"},"properties":{"_source":"warm_welcome","address":"1 Phoenix Way, Gosport, United Kingdom PO13 0BE","description":"Open from 09/01/2023. We are a fully inclusive centre and welcome all. There is a small car park, but plenty of close by on road parking available. We have an onsite community kitchen with low cost healthy meals and refreshments, first hot drink is free for the months of January .","hours":{"_text":"Monday: 9:30 - 2:00, Tuesday: 9:30 - 2:00, Wednesday: 9:30 - 2:00, Thursday: 9:30 - 2:00","opening":"Mo 09:30-02:00; Tu 09:30-02:00; We 09:30-02:00; Th 09:30-02:00"},"title":"Marvels and Meltdowns"},"type":"Feature"},
		{"geometry":{"coordinates":[-1.35257,50.87301],"type":"Point"},"properties":{"_source":"warm_welcome","address":"Netley Library, Station Road, Netley Abbey, Southampton SO31 5DT","hours":{"_text":"Tuesday: 13:00 - 17:00 / -, Thursday: 13:00 - 17:00 / -, Friday: 09:30 - 13:30 / -, Saturday: 09:30 - 13:30 / -","opening":"Tu 13:00-17:00; Th 13:00-17:00; Fr 09:30-13:30; Sa 09:30-13:30"},"title":"Netley Library- Hampshire Libraries"},"type":"Feature"},
		{"geometry":{"coordinates":[-1.39732,50.90201],"type":"Point"},"properties":{"_source":"warm_welcome","address":"New Community Network, Central Hall, St Mary's Street, Southampton, Hampshire SO14 1NF","description":"Open from 09/11/2022. Wednesday is aimed at local SO14 residents, it will be family friendly. The Sunday Community cafe warm space is open to all but is aimed at those in need over 18's All SO14 residents welcome. You will receive a warm welcome, hot drinks and hot lunch available free of charge. Come and enjoy a quiet sit down, there will be papers and books available or enjoy a chat or a game with one of our friendly volunteers.","hours":{"_text":"Wednesday: 12:00 - 14:00, Sunday: 16:30 - 18:00","opening":"We 12:00-14:00; Su 16:30-18:00"},"title":"New Community Network"},"type":"Feature"},
		{"geometry":{"coordinates":[-1.40394,50.90140],"type":"Point"},"properties":{"_source":"warm_welcome","address":"13 High Street, Southampton, Hampshire SO14 2DF","description":"No Limits supports children and young people up to the age of 26. Free confidential advice, computer use and printing, telephones and phone charging, shower and washing machine for young people who are homeless, Emergency food, toiletries and other resources for people in crisis.","hours":{"_text":"Monday: 10:00 - 17:00, Tuesday: 10:00 - 17:00, Wednesday: 13:30 - 20:00, Thursday: 10:00 - 20:00, Friday: 10:00 - 17:00, Saturday: 10:00 - 13:30","opening":"Mo 10:00-17:00; Tu 10:00-17:00; We 13:30-20:00; Th 10:00-20:00; Fr 10:00-17:00; Sa 10:00-13:30"},"title":"No Limits"},"type":"Feature"},
		{"geometry":{"coordinates":[-1.07054,50.81206],"type":"Point"},"properties":{"_source":"warm_welcome","address":"195 Powerscourt Road, Portsmouth, Hants po2 7JH","description":"Open from 3rd October 2022.","hours":{"_text":"Monday: 16:30 - 20:00, Tuesday: 16:00 - 18:00, Wednesday: 9:00 - 11:00, Thursday: 13:00 - 15:00, Friday: 10:00 - 12:00, Sunday: 9:00 - 12:30","opening":"Mo 16:30-20:00; Tu 16:00-18:00; We 09:00-11:00; Th 13:00-15:00; Fr 10:00-12:00; Su 09:00-12:30"},"title":"North End Bapist Church"},"type":"Feature"},
		{"geometry":{"coordinates":[-1.07965,50.81714],"type":"Point"},"properties":{"_source":"warm_welcome","address":"North End Library, Gladys Avenue, North End, Portsmouth, Hants PO2 9AX","hours":{"_text":"Monday: 09:30 - 18:00 / -, Tuesday: 09:30 - 18:00 / -, Wednesday: 09:30 - 18:00 / -, Thursday: 09:30 - 17:00 / -, Friday: 09:30 - 17:00 / -, Saturday: 10:00 - 15:30 / -","opening":"Mo 09:30-18:00; Tu 09:30-18:00; We 09:30-18:00; Th 09:30-17:00; Fr 09:30-17:00; Sa 10:00-15:30"},"title":"North End Library"},"type":"Feature"},
		{"geometry":{"coordinates":[-1.38842,50.90994],"type":"Point"},"properties":{"_source":"warm_welcome","address":"Northam Community Centre, Kent Street, SOUTHAMPTON, Hampshire SO145SP","hours":{"_text":"Monday: 10:00 - 13:00, Friday: 10:00 - 13:00","opening":"Mo 10:00-13:00; Fr 10:00-13:00"},"title":"Northam Community Link"},"type":"Feature"},
		{"geometry":{"coordinates":[-1.09356,50.84892],"type":"Point"},"properties":{"_source":"warm_welcome","address":"Paulsgrove Library, Marsden Road, Paulsgrove, Portsmouth, Hants PO6 4JB","description":"Closes for lunch weekdays, 12:30-1:30pm","hours":{"_text":"Monday: 09:30 - 17:00 / -, Wednesday: 09:30 - 17:00 / -, Thursday: 09:30 - 17:00 / -, Friday: 09:30 - 17:00 / -, Saturday: 10:00 - 15:30 / -","opening":"Mo 09:30-17:00; We 09:30-17:00; Th 09:30-17:00; Fr 09:30-17:00; Sa 10:00-15:30"},"title":"Paulsgrove Library"},"type":"Feature"},
		{"geometry":{"coordinates":[-1.12720,50.84631],"type":"Point"},"properties":{"_source":"warm_welcome","address":"Portchester Library, West Street, Portchester PO16 9TX","hours":{"_text":"Monday: 09:30 - 17:00, Wednesday: 09:30 - 17:00, Thursday: 09:30 - 17:00, Saturday: 09:30 - 13:30","opening":"Mo 09:30-17:00; We 09:30-17:00; Th 09:30-17:00; Sa 09:30-13:30"},"title":"Portchester Library- Hampshire Libraries"},"type":"Feature"},
		{"geometry":{"coordinates":[-1.10261,50.79075],"type":"Point"},"properties":{"_source":"warm_welcome","address":"High Street, Portsmouth PO1 2HH","description":"Open from 28-11-2022. Books, board games, jigsaws, knitting, colouring, toy corner","hours":{"_text":"Monday: 10:00 - 15:30","opening":"Mo 10:00-15:30"},"title":"Portsmouth Cathedral"},"type":"Feature"},
		{"geometry":{"coordinates":[-1.09157,50.79679],"type":"Point"},"properties":{"_source":"warm_welcome","address":"Portsmouth Central Library, Guildhall Square, Portsmouth PO1 2DX","hours":{"_text":"Monday: 09:30 - 17:00 / -, Tuesday: 09:30 - 18:00 / -, Wednesday: 09:30 - 18:00 / -, Thursday: 09:30 - 18:00 / -, Friday: 09:30 - 17:00 / -, Saturday: 10:00 - 15:30 / -","opening":"Mo 09:30-17:00; Tu 09:30-18:00; We 09:30-18:00; Th 09:30-18:00; Fr 09:30-17:00; Sa 10:00-15:30"},"title":"Portsmouth Central Library"},"type":"Feature"},
		{"geometry":{"coordinates":[-1.39172,50.92653],"type":"Point"},"properties":{"_source":"warm_welcome","address":"Portswood Road, Southampton, Hampshire SO17 2NG","description":"We cater for all age groups We have newspapers & magazines available to read in the library.","hours":{"_text":"Monday: 10:00 - 19:00, Tuesday: 10:00 - 17:00, Wednesday: 10:00 - 19:00, Friday: 10:00 - 17:00, Saturday: 10:00 - 16:00","opening":"Mo 10:00-19:00; Tu 10:00-17:00; We 10:00-19:00; Fr 10:00-17:00; Sa 10:00-16:00"},"title":"Portswood Library"},"type":"Feature"},
		{"geometry":{"coordinates":[-1.08104,50.81595],"type":"Point"},"properties":{"_source":"warm_welcome","address":"Saint Mark's Church, 10-12 Derby Road, Portsmouth PO2 8HR","description":"open to all Warm space is the church hall/cafe underneath church","hours":{"_text":"Monday: 09:00 - 13:00, Tuesday: 09:00 - 13:00, Wednesday: 09:00 - 13:00, Thursday: 09:00 - 13:00, Friday: 09:00 - 13:00","opening":"Mo 09:00-13:00; Tu 09:00-13:00; We 09:00-13:00; Th 09:00-13:00; Fr 09:00-13:00"},"title":"Saint Mark's Church"},"type":"Feature"},
		{"geometry":{"coordinates":[-1.39671,50.90507],"type":"Point"},"properties":{"_source":"warm_welcome","address":"Saint Mary's Church, Chapel Road, Southampton, Hampshire SO14 1NX","description":"We also offer a social supermarket for residents of SO14.","hours":{"_text":"Thursday: 10:00 - 13:00","opening":"Th 10:00-13:00"},"title":"Saint Mary's Church"},"type":"Feature"},
		{"geometry":{"coordinates":[-1.20123,50.84549],"type":"Point"},"properties":{"_source":"warm_welcome","address":"Broadlaw Community Space, 1 Lions Place, Fareham PO14 1LE","description":"Open from 6/1/22. Art, Craft and games available on site","hours":{"_text":"Friday: 10:00 - 15:00","opening":"Fr 10:00-15:00"},"title":"South East Hampshire Community Outlook"},"type":"Feature"},
		{"geometry":{"coordinates":[-1.35356,50.90453],"type":"Point"},"properties":{"_source":"warm_welcome","address":"93 North East Road, Sholing, Southampton SO19 8AF","description":"A drop-in Community Cafe on the first and third Friday of the month","hours":{"_text":"Friday: 10:45 - 13:00 / - Fortnightly","opening":"Fr 10:45-13:00"},"title":"Southampton Sholing Salvation Army"},"type":"Feature"},
		{"geometry":{"coordinates":[-1.37597,50.92441],"type":"Point"},"properties":{"_source":"warm_welcome","address":"16 Manor Farm Rd, Bitterne park, Hampshire SO18 1NP","description":"If anyone would like a prayer to be said for them, please ask. There will be groups already running which people are welcome to be a part of and join.","hours":{"_text":"Monday: 13:00 - 15:00, Friday: 10:00 - 12:00","opening":"Mo 13:00-15:00; Fr 10:00-12:00"},"title":"Southampton Vineyard Church"},"type":"Feature"},
		{"geometry":{"coordinates":[-1.08895,50.78296],"type":"Point"},"properties":{"_source":"warm_welcome","address":"19-21 Palmerston Road, Southsea, Portsmouth po5 3qq","hours":{"_text":"Monday: 9:30 - 17:30 / -, Tuesday: 9:30 - 17:30 / -, Wednesday: 9:30 - 17:30 / -, Thursday: 9:30 - 17:30 / -, Friday: 9:30 - 17:00 / -, Saturday: 10:00 - 17:30 / -, Sunday: 10:00 - 16:00 / -","opening":"Mo 09:30-17:30; Tu 09:30-17:30; We 09:30-17:30; Th 09:30-17:30; Fr 09:30-17:00; Sa 10:00-17:30; Su 10:00-16:00"},"title":"Southsea Library"},"type":"Feature"},
		{"geometry":{"coordinates":[-1.33602,50.90965],"type":"Point"},"properties":{"_source":"warm_welcome","address":"Pepys Ave, Thornhill, Southampton SO19 6PJ","description":"Open from 08/11/2022. We offer a warm space. Drinks and Soup / Roll are offered at no charge.","hours":{"_text":"Tuesday: 11:00 - 15:00","opening":"Tu 11:00-15:00"},"title":"St Christopher's Church"},"type":"Feature"},
		{"geometry":{"coordinates":[-1.34156,50.92632],"type":"Point"},"properties":{"_source":"warm_welcome","address":"Church Hill, West End, Southampton SO30 3AT","description":"Open from 01/01/2023. Hot drinks served. On Thursdays activities available and cupasoup and roll lunch. Monthly 2nd Friday community coffee morning..","hours":{"_text":"Wednesday: 11:30 - 12:30, Thursday: 10:00 - 13:00, Friday: 10:00 - 11:30 / - Monthly","opening":"We 11:30-12:30; Th 10:00-13:00; Fr 10:00-11:30"},"title":"St James C of E Church West End"},"type":"Feature"},
		{"geometry":{"coordinates":[-1.19282,50.84640],"type":"Point"},"properties":{"_source":"warm_welcome","address":"1A Upper St Michael's Grove, Fareham, Hampshire PO14 1DN","hours":{"_text":"Tuesday: 10:00 - 12:00","opening":"Tu 10:00-12:00"},"title":"St John's Church"},"type":"Feature"},
		{"geometry":{"coordinates":[-1.17822,50.82627],"type":"Point"},"properties":{"_source":"warm_welcome","address":"St Matthew's Church, Gosport, Hampshire PO13 0NL","hours":{"_text":"Monday: 8:45 - 13:30, Tuesday: 8:45 - 13:30, Wednesday: 8:45 - 13:30, Thursday: 8:45 - 13:30, Friday: 8:45 - 13:30, Saturday: 8:45 - 13:30","opening":"Mo 08:45-13:30; Tu 08:45-13:30; We 08:45-13:30; Th 08:45-13:30; Fr 08:45-13:30; Sa 08:45-13:30"},"title":"St Matthew's Church, Bridgemary"},"type":"Feature"},
		{"geometry":{"coordinates":[-1.21333,50.82449],"type":"Point"},"properties":{"_source":"warm_welcome","address":"Stubbington Library, Stubbington Lane, Stubbington, Fareham PO14 2PP","hours":{"_text":"Monday: 09:30 - 17:00 / -, Tuesday: 09:30 - 17:00 / -, Friday: 09:30 - 17:00 / -, Saturday: 09:30 - 13:30 / -","opening":"Mo 09:30-17:00; Tu 09:30-17:00; Fr 09:30-17:00; Sa 09:30-13:30"},"title":"Stubbington Library- Hampshire Libraries"},"type":"Feature"},
		{"geometry":{"coordinates":[-1.37937,50.93872],"type":"Point"},"properties":{"_source":"warm_welcome","address":"Fleming Road, Southampton, Hampshire SO16 2JD","description":"Open from 1st January . We will be providing soup, bread, hot drinks and friendly company","hours":{"_text":"Sunday: 12:30 - 15:00","opening":"Su 12:30-15:00"},"title":"Swaythling Baptist Church"},"type":"Feature"},
		{"geometry":{"coordinates":[-1.38236,50.93960],"type":"Point"},"properties":{"_source":"warm_welcome","address":"Hampton Park Way, Swaythling, Southampton SO17 3AT","hours":{"_text":"Tuesday: 16:00 - 18:00","opening":"Tu 16:00-18:00"},"title":"Swaythling Neighbourhood Centre"},"type":"Feature"},
		{"geometry":{"coordinates":[-1.38796,50.93893],"type":"Point"},"properties":{"_source":"warm_welcome","address":"St Alban's Church, Tulip Road, Southampton SO16 3BB","hours":{"_text":"Thursday: 08:45 - 11:00, Friday: 12:00 - 2:00 / - Monthly","opening":"Th 08:45-11:00; Fr 12:00-02:00"},"title":"Swaythling Parish"},"type":"Feature"},
		{"geometry":{"coordinates":[-1.36162,50.88518],"type":"Point"},"properties":{"_source":"warm_welcome","address":"the hope centre , Drayton close, Weston, southampton so199jn","hours":{"_text":"Wednesday: 12:00 - 14:30","opening":"We 12:00-14:30"},"title":"The Hope Centre"},"type":"Feature"},
		{"geometry":{"coordinates":[-1.30420,50.92856],"type":"Point"},"properties":{"_source":"warm_welcome","address":"85 Whites Way, Hedge End, Southampton SO30 2GL","description":"Open from Open from Monday 14th November 2022 (closed 26.12.22 and 2.1.23). Everyone welcome Free hot drinks/soup/squash available with a warm welcome and good company!","hours":{"_text":"Monday: 15:30 - 17:30, Wednesday: 10:00 - 12:00, Friday: 10:00 - 12:00","opening":"Mo 15:30-17:30; We 10:00-12:00; Fr 10:00-12:00"},"title":"The Salvation Army, Hedge End"},"type":"Feature"},
		{"geometry":{"coordinates":[-1.33345,50.91490],"type":"Point"},"properties":{"_source":"warm_welcome","address":"Thornhill Park Road, Southampton, Hants SO185TR","hours":{"_text":"Monday: 09:00 - 11:30, Friday: 13:45 - 15:30","opening":"Mo 09:00-11:30; Fr 13:45-15:30"},"title":"Thornhill Baptist Church"},"type":"Feature"},
		{"geometry":{"coordinates":[-1.33436,50.90844],"type":"Point"},"properties":{"_source":"warm_welcome","address":"328 Hinkler Road, Southampton , Hampshire SO19 6DF","hours":{"_text":"Monday: 14:00 - 16:30, Tuesday: 09:30 - 12:00, Wednesday: 14:00 - 16:30, Friday: 09:30 - 12:00","opening":"Mo 14:00-16:30; Tu 09:30-12:00; We 14:00-16:30; Fr 09:30-12:00"},"title":"Thornhill Community Library"},"type":"Feature"},
		{"geometry":{"coordinates":[-1.25643,50.85641],"type":"Point"},"properties":{"_source":"warm_welcome","address":"Waypoint Church 255 Hunts Pond Road, Titchfield Common, Fareham PO14 4PG","hours":{"_text":"Tuesday: 08:30 - 14:00, Wednesday: 08:30 - 14:00, Thursday: 08:30 - 14:00","opening":"Tu 08:30-14:00; We 08:30-14:00; Th 08:30-14:00"},"title":"Waypoint Church"},"type":"Feature"},
		{"geometry":{"coordinates":[-1.33576,50.92903],"type":"Point"},"properties":{"_source":"warm_welcome","address":"West End Library, Parish Centre, Chapel Road, West End SO30 3FE","hours":{"_text":"Tuesday: 13:00 - 17:00 / -, Thursday: 09:30 - 13:30 / -, Friday: 13:00 - 17:00 / -, Saturday: 09:30 - 13:30 / -","opening":"Tu 13:00-17:00; Th 09:30-13:30; Fr 13:00-17:00; Sa 09:30-13:30"},"title":"West End Library- Hampshire Libraries"},"type":"Feature"},
		{"geometry":{"coordinates":[-1.18650,50.90874],"type":"Point"},"properties":{"_source":"warm_welcome","address":"Mill Lane, Wickham, Hampshire PO17 5AL","description":"Open from 03-01-2023.","hours":{"_text":"Tuesday: 10:30 - 13:30","opening":"Tu 10:30-13:30"},"title":"Wickham Community Association"},"type":"Feature"},
		{"geometry":{"coordinates":[-1.38075,50.89387],"type":"Point"},"properties":{"_source":"warm_welcome","address":"Woolston Library, , Centenary Quay, Victoria Road, Southampton SO19 9EF","hours":{"_text":"Monday: 10:00 - 17:00, Tuesday: 10:00 - 19:00, Wednesday: 10:00 - 19:00, Friday: 10:00 - 17:00, Saturday: 10:00 - 16:00","opening":"Mo 10:00-17:00; Tu 10:00-19:00; We 10:00-19:00; Fr 10:00-17:00; Sa 10:00-16:00"},"title":"Woolston Library Southampton"},"type":"Feature"},
		{"geometry":{"coordinates":[-1.37114,50.90311],"type":"Point"},"properties":{"_source":"warm_welcome","address":"Manor Road North, Southampton, Hampshire SO192DU","description":"Open from 01-11-2022.","title":"Woolston Methodist Church"},"type":"Feature"},
		{"geometry":{"coordinates":[-1.36561,50.89010],"type":"Point"},"properties":{"_source":"warm_welcome","address":"Weston Lane, Southampton, Hampshire SO19 9HG","description":"Open from 05-12-2022.","hours":{"_text":"Monday: 10:00 - 16:30, Wednesday: 10:00 - 17:00, Thursday: 10:00 - 16:30, Saturday: 10:00 - 13:00","opening":"Mo 10:00-16:30; We 10:00-17:00; Th 10:00-16:30; Sa 10:00-13:00"},"title":"Ymca Weston Community Library"},"type":"Feature"},
		{"geometry":{"coordinates":[-1.35873,50.91446],"type":"Point"},"properties":{"_source":"warm_spaces","address":"440 Bitterne Rd, England, SO18 5EF","hours":{"_text":"Wednesdays 10am-2pm","opening":"We 10:00-14:00"},"title":"Bitterne United Reformed Church"},"type":"Feature"},
		{"geometry":{"coordinates":[-1.21159,50.95414],"type":"Point"},"properties":{"_source":"warm_spaces","address":"Christian fellowship, Southampton, England, SO32 1PF","hours":{"_text":"Tuesdays, 10am-12am","opening":"Tu 10:00-12:00"},"title":"Bishops Waltham Christian Fellowship, coffee morning."},"type":"Feature"},
		{"geometry":{"coordinates":[-1.28765,50.87507],"type":"Point"},"properties":{"_source":"warm_spaces","address":"Barnes Lane, Southampton, England, SO31 7BG","hours":{"_text":"Wed 10am-4pm (from January 11th 2023)","opening":"We 10:00-16:00"},"title":"St Pauls Church Sarisbury","url":"https://spsg.org.uk"},"type":"Feature"},
		{"geometry":{"coordinates":[-1.21228,50.82427],"type":"Point"},"properties":{"_source":"warm_spaces","address":"Gosport Road, Fareham, England, PO14 2AS","hours":{"_text":"Tuesdays, Wednesday &amp; Thursdays 1pm-3.30pm","opening":"Tu 13:00-15:30; We 13:00-15:30; Th 13:00-15:30"},"title":"Holy Rood Church","url":"https://croftonparish.org.uk"},"type":"Feature"},
		{"geometry":{"coordinates":[-1.29762,50.76259],"type":"Point"},"properties":{"_source":"warm_spaces","address":"High Street, Cowes, England, PO31 7AW","hours":{"_text":"Mon-Sat 9am-11pm; Sun 9am-10pm","opening":"Mo-Sa 09:00-23:00; Su 09:00-22:00"},"title":"Fountain Inn","url":"https://www.greeneking-pubs.co.uk/pubs/isle-of-wight/fountain-inn/?utm_campaign=Hotel_pubpage&amp;utm_medium=locations&amp;utm_source=g_places"},"type":"Feature"},
		{"geometry":{"coordinates":[-1.40456,50.92114],"type":"Point"},"properties":{"_source":"warm_spaces","address":"The Avenue, Southampton, England, SO17 1XQ","hours":{"_text":"Monday 10am-12noon ","opening":"Mo 10:00-12:00"},"title":"Avenue St Andrew’s Church","url":"https://asaurc.org.uk"},"type":"Feature"},
		{"geometry":{"coordinates":[-1.35871,50.93061],"type":"Point"},"properties":{"_source":"warm_spaces","address":"Townhill Park Community Centre, Meggeson Avenue, Southampton, England, SO18 2FH","hours":{"_text":""},"title":"Sundays at EDGE+","url":"https://www.ascensionsouthampton.co.uk"},"type":"Feature"},
		{"geometry":{"coordinates":[-1.37414,50.92334],"type":"Point"},"properties":{"_source":"warm_spaces","address":"1 Thorold Road, Southampton, England, SO18 1HZ","hours":{"_text":"Wednesday 1pm-3pm on Wednesdays (December and January (excluding 28th December))","opening":"We 13:00-15:00"},"title":"Ascension Church Wellbeing Café","url":"https://www.ascensionsouthampton.co.uk"},"type":"Feature"},
		{"geometry":{"coordinates":[-1.40211,50.91954],"type":"Point"},"properties":{"_source":"warm_spaces","address":"Unity 12, 9-19 Rose Road, Southampton, England, SO14 6TE","hours":{"_text":"10am-4pm"},"title":"SPECTRUM CIL Warmer Space","url":"https://www.spectrumcil.co.uk"},"type":"Feature"},
		{"geometry":{"coordinates":[-1.18296,50.84472],"type":"Point"},"properties":{"_source":"warm_spaces","address":"Gosport Road, Fareham, England, PO16 0QW","hours":{"_text":"1pm-6pm"},"title":"Fareham Baptist New Life Church"},"type":"Feature"},
		{"geometry":{"coordinates":[-1.33581,50.90928],"type":"Point"},"properties":{"_source":"warm_spaces","address":"Pepys Avenue, Thornhill, England, SO19 6PJ","hours":{"_text":"Tuesday's 11am-3pm","opening":"Tu 11:00-15:00"},"title":"St Christopher's Church","url":"http://www.stchristophers-thornhill.org.uk"},"type":"Feature"},
		{"geometry":{"coordinates":[-1.38896,50.91075],"type":"Point"},"properties":{"_source":"warm_spaces","address":"131A Northam Road, Southampton, England, SO14 0QH","hours":{"_text":"Wednesdays 10am-12noon","opening":"We 10:00-12:00"},"title":"Riverside Community Cafe"},"type":"Feature"},
		{"geometry":{"coordinates":[-1.19167,50.84765],"type":"Point"},"properties":{"_source":"warm_spaces","address":"St John the Evangelist Church, 1A Upper St, Fareham, England, PO14 1DN","hours":{"_text":"Tuesday 10am-12 noon","opening":"Tu 10:00-12:00"},"title":"St John's Fareham","url":"https://www.stjohnsfareham.org.uk"},"type":"Feature"},
		{"geometry":{"coordinates":[-1.10430,50.79047],"type":"Point"},"properties":{"_source":"warm_spaces","address":"High Street, Portsmouth, England, PO1 2HA","hours":{"_text":"Monday 10am-3:30pm","opening":"Mo 10:00-15:30"},"title":"Portsmouth Cathedral - Becket Hall","url":"https://www.portsmouthcathedral.org.uk"},"type":"Feature"},
		{"geometry":{"coordinates":[-1.37265,50.82433],"type":"Point"},"properties":{"_source":"warm_spaces","address":"Gang Warily Recreation Centre, Newlands Road, Southampton, England, SO45 1GA","hours":{"_text":"9am 9pm (7pm Sat)"},"title":"Gang Warily","url":"https://www.facebook.com/FawleyPC"},"type":"Feature"},
		{"geometry":{"coordinates":[-1.25603,50.85679],"type":"Point"},"properties":{"_source":"warm_spaces","address":"255 Hunts Pond Road, Fareham, England, PO14 4PG","hours":{"_text":"Tues, Weds, Thurs 8:30am-2pm","opening":"Tu 08:30-14:00; We 08:30-14:00; Th 08:30-14:00"},"title":"Waypoint Church","url":"https://www.waypointchurch.org.uk"},"type":"Feature"},
		{"geometry":{"coordinates":[-1.33736,50.89981],"type":"Point"},"properties":{"_source":"warm_spaces","address":"59 Montague Avenue, Southampton, England, SO19 0QB","hours":{"_text":"Varies, see website"},"title":"Monty's Community Hub","url":"http://www.montys.org.uk"},"type":"Feature"},
		{"geometry":{"coordinates":[-1.35744,50.89920],"type":"Point"},"properties":{"_source":"warm_spaces","address":"St Mary&#39;s Church, Saint Monica Road, Southampton, England, SO19 8ES","hours":{"_text":"10am-11:30am"},"title":"Thursday Cuppa","url":"https://www.sholing.church"},"type":"Feature"},
		{"geometry":{"coordinates":[-1.28877,50.75797],"type":"Point"},"properties":{"_source":"warm_spaces","address":"11 York Avenue, East Cowes, England, PO32 6QY","hours":{"_text":"7/10/22 all day"},"title":"Mad-Aid","url":"https://www.mad-aid.org.uk/contact/"},"type":"Feature"},
		{"geometry":{"coordinates":[-1.29850,50.76020],"type":"Point"},"properties":{"_source":"warm_spaces","address":"Beckford Road, Cowes, England, PO31 7SG","hours":{"_text":"Monday, Tuesday, Friday 10.00am to 12.30pm and 1.30pm to 5.00pm, Saturday 10.00am to 4.30pm","opening":"Mo 10:00-12:30,13:30-17:00; Tu 10:00-12:30,13:30-17:00; Fr 10:00-12:30,13:30-17:00; Sa 10:00-16:30"},"title":"Cowes Library","url":"https://www.iow.gov.uk/Residents/Libraries-Cultural-and-Heritage/"},"type":"Feature"},
		{"geometry":{"coordinates":[-1.14576,50.80829],"type":"Point"},"properties":{"_source":"warm_spaces","address":"136 Chantry Road, Gosport, England, PO12 4NG","hours":{"_text":"Mon-Fri, 9.30pm-4pm &amp; Sat 9.30am-2.30pm","opening":"Mo-Fr 21:30-16:00; Sa 09:30-14:30"},"title":"Elson Community Library &amp; Hub","url":"https://www.elsonlibrary.org.uk"},"type":"Feature"},
		{"geometry":{"coordinates":[-1.17832,50.82645],"type":"Point"},"properties":{"_source":"warm_spaces","address":"Wych Lane, Gosport, England, PO13 0NL","hours":{"_text":"Monday-Saturday, 8.30am-2pm","opening":"Mo-Sa 08:30-14:00"},"title":"St Matt's on the Corner Café","url":"https://www.northgosportparish.org"},"type":"Feature"},
		{"geometry":{"coordinates":[-1.28746,50.75722],"type":"Point"},"properties":{"_source":"warm_spaces","address":"The East Side Curve, York Avenue, East Cowes, England, PO32 6RU","hours":{"_text":"Monday-Friday 9am-5pm, Saturday 9am-1pm (Community Activities permitting)","opening":"Mo-Fr 09:00-17:00; Sa 09:00-13:00"},"title":"East Side Curve","url":"https://www.eastcowestowncouncil.co.uk"},"type":"Feature"},
		{"geometry":{"coordinates":[-1.35744,50.89920],"type":"Point"},"properties":{"_source":"warm_spaces","address":"St Mary&#39;s Church, Sholing, Southampton, England, SO19 8ES","hours":{"_text":"Thursday 10am-11:30am","opening":"Th 10:00-11:30"},"title":"St Mary's Sholing","url":"https://www.sholing.church"},"type":"Feature"},
		{"geometry":{"coordinates":[-1.37215,50.90220],"type":"Point"},"properties":{"_source":"warm_spaces","address":"Woolston Methodist Church, Manor Road North, Southampton, England, SO19","hours":{"_text":"Tuesdays and Thursdays, 2pm-5pm (from 1 November to 31 March)","opening":"Tu 14:00-17:00; Th 14:00-17:00"},"title":"Woolston Methodist Church","url":"https://www.facebook.com/pages/category/Community/Woolston-methodist-church-and-hall-events-page-110848350336439/"},"type":"Feature"},
		{"geometry":{"coordinates":[-1.05914,50.79649],"type":"Point"},"properties":{"_source":"warm_spaces","address":"239 Milton Road, Southsea, England, PO4 8PH","hours":{"_text":"Tuesdays 10am-4pm","opening":"Tu 10:00-16:00"},"title":"Christ Church Milton United Reformed Church","url":"https://miltonunitedreformedchurch.org.uk"},"type":"Feature"},
		{"geometry":{"coordinates":[-1.39558,50.90283],"type":"Point"},"properties":{"_source":"warm_spaces","address":"Saint Mary&#39;s Church, Chapel Road, Southampton, England, SO14 1AQ","hours":{"_text":"Thursdays, 10am-1pm","opening":"Th 10:00-13:00"},"title":"Saint Mary's Church","url":"https://saintmarys.church"},"type":"Feature"},
		{"geometry":{"coordinates":[-1.37396,50.90330],"type":"Point"},"properties":{"_source":"warm_spaces","address":"Pear Tree Church Hall, 80 Peartree Road, Southampton, England, SO19 7GZ","hours":{"_text":"9.45am-12pm, Monday mornings (excl. Bank Holidays)","opening":"Mo 09:45-12:00"},"title":"Peartree Church","url":"https://www.peartreechurch.org.uk"},"type":"Feature"},
		{"geometry":{"coordinates":[-1.35835,50.91384],"type":"Point"},"properties":{"_source":"warm_spaces","address":"2 Bursledon Road, Bitterne, Southampton, England, SO19 7LW","hours":{"_text":"Various"},"title":"Holy Saviour Bitterne","url":"https://www.holysaviour.church"},"type":"Feature"},
		{"geometry":{"coordinates":[-1.29449,50.95776],"type":"Point"},"properties":{"_source":"eastleigh_council","description":"• Free WiFi • Tea, coffee and light refreshments • Board games • Mini library","hours":{"_text":"Tuesday and Wednesday 9.30am - 2pm","opening":"Tu 09:30-14:00; We 09:30-14:00"},"title":"Fair Oak & Horton Heath Parish Council"},"type":"Feature"},
		{"geometry":{"coordinates":[-1.30563,50.91326],"type":"Point"},"properties":{"_source":"eastleigh_council","description":"Facilities and activities: • Free WiFi • Free activities for adults and children • Public Access Computers • Books, Audiobooks and magazines for adults • Children’s books","hours":{"_text":"Monday, Wednesday and Thursday 9am - 5pm; Saturday 9.30am - 1.30pm","opening":"Mo 09:00-17:00; We 09:00-17:00; Th 09:00-17:00; Sa 09:30-13:30"},"title":"Hedge End Library"},"type":"Feature"},
		{"geometry":{"coordinates":[-1.33724,50.92881],"type":"Point"},"properties":{"_source":"eastleigh_council","description":"Facilities and activities: • Free WiFi • Free activities for adults and children • Public Access Computers • Books, Audiobooks and magazines for adults • Children’s books","hours":{"_text":"Monday, Wednesday and Thursday 9.30am - 5pm; Saturday 9.30am - 1.30pm","opening":"Mo 09:30-17:00; We 09:30-17:00; Th 09:30-17:00; Sa 09:30-13:30"},"title":"West End Library"},"type":"Feature"},
		{"geometry":{"coordinates":[-1.35208,50.87312],"type":"Point"},"properties":{"_source":"eastleigh_council","description":"Facilities and activities: • Free WiFi • Free activities for adults and children • Public Access Computers • Books, Audiobooks and magazines for adults • Children’s books","hours":{"_text":"Monday, Wednesday and Thursday 9.30am - 5pm; Saturday 9.30am - 1.30pm","opening":"Mo 09:30-17:00; We 09:30-17:00; Th 09:30-17:00; Sa 09:30-13:30"},"title":"Netley Library"},"type":"Feature"},
		{"geometry":{"coordinates":[-1.31895,50.85909],"type":"Point"},"properties":{"_source":"eastleigh_council","description":"• Free Wifi • Hot drinks • Books and magazines for children and adults • Puzzles and games","hours":{"_text":"Monday to Thursday 10am - 1pm; Mondays 2pm - 4pm; Wednesdays 3.30pm - 5.30pm","opening":"Mo-Th 10:00-13:00; Mo 14:00-16:00; We 15:30-17:30"},"title":"Mercury Library & Community Hub"},"type":"Feature"},
		{"geometry":{"coordinates":[-1.28755,50.75767],"type":"Point"},"properties":{"_source":"isle_of_wight_council","address":"York Avenue, East Cowes PO32 6RU","description":"Friendly welcome, free tea, coffee and packet soup, community Library, general advice, public computer access, newspapers and board games East Cowes Town Council","hours":{"_text":"Monday to Friday 9am to 5pm, Saturday 9am to 1pm (Community Activities permitting)","opening":"Mo-Fr 09:00-17:00; Sa 09:00-13:00"},"loc_pcd":true,"title":"East Side Curve"},"type":"Feature"},
		{"geometry":{"coordinates":[-1.27687,50.73983],"type":"Point"},"properties":{"_source":"isle_of_wight_council","address":"Whippingham PO32 6LW","description":"Tea and coffee, rolls and homemade cakes. Warm location and friendly atmosphere","hours":{"_text":"Tuesday and Wednesday, 10.30am to 3pm","opening":"Tu 10:30-15:00; We 10:30-15:00"},"loc_pcd":true,"title":"St Mildred&apos;s Church Coffee Shop"},"type":"Feature"},
		{"geometry":{"coordinates":[-1.32083,50.75528],"type":"Point"},"properties":{"_source":"isle_of_wight_council","address":"2 Worsley Road, Gurnard, Cowes PO31 8JN","contact":"Tel: 01983 243300","description":"Warm place to sit, friendly chat, friendship group afternoons Contact: The Portland Inn","hours":{"_text":"Tuesday to Sunday 12pm to 10.30pm","opening":"Tu-Su 12:00-22:30"},"loc_pcd":true,"title":"Portland Inn"},"type":"Feature"},
		{"geometry":{"coordinates":[-1.31336,50.73976],"type":"Point"},"properties":{"_source":"isle_of_wight_council","address":"Wyatts Lane, Northwood, PO31 8QA","description":"First Thursday in the month 10am to 12pm (in association with Northwood Church), free coffee, craft and cake","hours":{"_text":"Second Thursday in the month 2pm to 4pm (in association with Northwood Church), free coffee &amp; chat"},"loc_pcd":true,"title":"Northwood Scout Hut"},"type":"Feature"},
		{"geometry":{"coordinates":[-1.30755,50.73869],"type":"Point"},"properties":{"_source":"isle_of_wight_council","address":"364 Newport Rd, Northwood, PO31 8PL","contact":"Tel: 07961 829159","description":"Warm welcome, free refreshments and Wi-Fi available","hours":{"_text":"Tuesday, 1:30pm to 5:00pm","opening":"Tu 13:30-17:00"},"loc_pcd":true,"title":"Northwood Village Hall"},"type":"Feature"},
		{"geometry":{"coordinates":[-1.29850,50.76020],"type":"Point"},"properties":{"_source":"isle_of_wight_council","address":"Beckford Rd, Cowes PO31 7SG","contact":"Tel: 01983 293341","description":"Free Wi-Fi, free computers, free charging, advice and information, people to chat to, space to work, free activities Contact: Isle of Wight libraries","hours":{"_text":"Monday, Tuesday, Friday 10am to 12.30pm and 1.30pm to 5.00pm, Saturday 10am to 4.30pm","opening":"Mo 10:00-12:30,13:30-17:00; Tu 10:00-12:30,13:30-17:00; Fr 10:00-12:30,13:30-17:00; Sa 10:00-16:30"},"loc_pcd":true,"title":"Cowes Library"},"type":"Feature"},
		{"geometry":{"coordinates":[-1.05836,50.80832],"type":"Point"},"properties":{"_source":"portsmouth_council","address":"Tangier Road, PO3 6HU","description":"Welcome place, open to all with various groups and activities. Free wifi.","hours":{"_text":"Opening times: Monday to Tuesday 9.30am-6pm Thursday 9.30am-5pm Friday 9.30am-5pm Saturday 10am-3.30pm","opening":"Mo-Tu 09:30-18:00; Th 09:30-17:00; Fr 09:30-17:00; Sa 10:00-15:30"},"loc_pcd":true,"title":"Alderman Lacey Library"},"type":"Feature"},
		{"geometry":{"coordinates":[-1.06350,50.84631],"type":"Point"},"properties":{"_source":"portsmouth_council","address":"Havant Road, PO6 2QZ","description":"Free wifi, light lunch.","hours":{"_text":"Opening times: Wednesday 9am-5pm","opening":"We 09:00-17:00"},"loc_pcd":true,"title":"Cosham Baptist Church"},"type":"Feature"},
		{"geometry":{"coordinates":[-1.06774,50.84678],"type":"Point"},"properties":{"_source":"portsmouth_council","address":"Spur Road, PO6 3EB","description":"Welcome place open to all with various groups and activities. Free wifi.","hours":{"_text":"Opening times: Monday to Tuesday 9.30am-6pm Wednesday 9.30am-5pm Thursday 9.30am-6pm Friday 9.30am-5pm Saturday 10am-3.30pm","opening":"Mo-Tu 09:30-18:00; We 09:30-17:00; Th 09:30-18:00; Fr 09:30-17:00; Sa 10:00-15:30"},"loc_pcd":true,"title":"Cosham Library"},"type":"Feature"},
		{"geometry":{"coordinates":[-1.05709,50.83942],"type":"Point"},"properties":{"_source":"portsmouth_council","address":"Hawthorn Crescent, PO6 2TL","description":"Welcome place with tea and coffee (max 25 people) open to all.","hours":{"_text":"Opening times: Monday and Friday 8.30am-12pm - from 7 November for six weeks","opening":"Mo 08:30-12:00; Fr 08:30-12:00"},"loc_pcd":true,"title":"Highbury Community Centre"},"type":"Feature"},
		{"geometry":{"coordinates":[-1.06149,50.80504],"type":"Point"},"properties":{"_source":"portsmouth_council","address":"Lichfield Road, PO3 6DE","description":"Community café in the worship space of the church every weekday from 10am-1.30pm, staffed by church volunteers. Hot and cold drinks and light refreshments are available at reasonable prices and children eat free when eating with an adult.","hours":{"_text":"Opening times: Weekdays 9am-5pm and for services on Sunday","opening":"Mo-Fr 09:00-17:00"},"loc_pcd":true,"title":"St Cuthbert&#8217;s Church"},"type":"Feature"},
		{"geometry":{"coordinates":[-1.07753,50.80245],"type":"Point"},"properties":{"_source":"portsmouth_council","address":"Fratton Road, PO1 5EZ","description":"Welcome place open to all with various groups and activities /free wifi.","hours":{"_text":"Opening times: Monday 9.30am-6pm Tuesday to Wednesday 9.30am-5pm Friday 9.30am-5pm Saturday 10am-3pm","opening":"Tu-We 09:30-17:00; Mo 09:30-18:00; Fr 09:30-17:00; Sa 10:00-15:00"},"loc_pcd":true,"title":"Carnegie Library"},"type":"Feature"},
		{"geometry":{"coordinates":[-1.09167,50.79663],"type":"Point"},"properties":{"_source":"portsmouth_council","address":"Guildhall Square, PO1 2DX","description":"Welcome place open to all with various groups and activities. Free wifi. Café.","hours":{"_text":"Opening times: Monday 9.30am-5pm Tuesday to Thursday 9.30am-6pm Friday 9.30am-5pm Saturday 10am-3.30pm","opening":"Tu-Th 09:30-18:00; Mo 09:30-17:00; Fr 09:30-17:00; Sa 10:00-15:30"},"loc_pcd":true,"title":"Central Library"},"type":"Feature"},
		{"geometry":{"coordinates":[-1.09371,50.80038],"type":"Point"},"properties":{"_source":"portsmouth_council","address":"Bishop Crispian Way, PO1 3HG","description":"Lunchtime community meal for over 18s","hours":{"_text":"Opening times: Tuesday 11.00-2.00pm","opening":"Tu 11:00-14:00"},"loc_pcd":true,"title":"Insight, St John&#8217;s Cathedral"},"type":"Feature"},
		{"geometry":{"coordinates":[-1.08629,50.79951],"type":"Point"},"properties":{"_source":"portsmouth_council","address":"Arundel Street, PO1 1NP","description":"Free tea, coffee, squash, biscuits, computers, wifi, charging points, papers and magazines, board games, puzzles, jigsaws , adult colouring and crosswords. There are large tables and people can bring in their craft work and hobbies. They have a small table top sale and free books, CD’s and DVD’s.","hours":{"_text":"Opening times: Friday 10am-4pm","opening":"Fr 10:00-16:00"},"loc_pcd":true,"title":"Personal Choice"},"type":"Feature"},
		{"geometry":{"coordinates":[-1.08610,50.80267],"type":"Point"},"properties":{"_source":"portsmouth_council","address":"​Lake Road, PO1 4HA","description":"A welcome place for over 55&#8217;s with refreshments.","hours":{"_text":"Opening times: Weekdays 10am-3pm","opening":"Mo-Fr 10:00-15:00"},"loc_pcd":true,"title":"Salvation Army"},"type":"Feature"},
		{"geometry":{"coordinates":[-1.05919,50.79494],"type":"Point"},"properties":{"_source":"portsmouth_council","address":"Milton Road, PO4 8PR","description":"Small hall can be used as a quiet space to read or do crafting etc.","hours":{"_text":"Opening times: Monday 9.30am-12.30pm Thursday 12pm-3pm","opening":"Mo 09:30-12:30; Th 12:00-15:00"},"loc_pcd":true,"title":"Milton Village Hall"},"type":"Feature"},
		{"geometry":{"coordinates":[-1.05919,50.79494],"type":"Point"},"properties":{"_source":"portsmouth_council","address":"Milton Road, PO4 8PR","description":"Welcome place open to all with various groups and activities. Free wifi.","hours":{"_text":"Opening times: Monday to Tuesday 9.30am-5pm Wednesday to Thursday 9.30am-6pm Friday 9.30am-5pm Saturday 10am-3.30pm","opening":"Mo-Tu 09:30-17:00; We-Th 09:30-18:00; Fr 09:30-17:00; Sa 10:00-15:30"},"loc_pcd":true,"title":"Beddow Library"},"type":"Feature"},
		{"geometry":{"coordinates":[-1.07070,50.81206],"type":"Point"},"properties":{"_source":"portsmouth_council","address":"Powerscourt Road, PO2 7JH","description":"Welcome place open to all.","hours":{"_text":"Opening times: Monday 10am-1pm and 4.30pm–5.30pm Tuesday 9.30am–12pm and 4pm–6pm Thursday 1pm-3pm Friday 10am-12pm In the church on Sunday 9.30am–12pm","opening":"Mo 10:00-13:00,16:30-17:30; Tu 09:30-12:00,16:00-18:00; Th 13:00-15:00; Fr 10:00-12:00; Su 09:30-12:00"},"loc_pcd":true,"title":"North End Baptist Church"},"type":"Feature"},
		{"geometry":{"coordinates":[-1.08008,50.81733],"type":"Point"},"properties":{"_source":"portsmouth_council","address":"Gladys Avenue, PO2 9AX","description":"Welcome place open to all with various groups and activities. Free wifi. Café.","hours":{"_text":"Opening times: Monday to Wednesday 9.30am to 6pm Thursday to Friday 9.30am to 5pm Saturday 10am to 3.30pm","opening":"Mo-We 09:30-18:00; Th-Fr 09:30-17:00; Sa 10:00-15:30"},"loc_pcd":true,"title":"North End Library"},"type":"Feature"},
		{"geometry":{"coordinates":[-1.07889,50.81193],"type":"Point"},"properties":{"_source":"portsmouth_council","address":"Powerscourt Road, PO2 7JD","description":"Hot drinks, wifi, charging points.","hours":{"_text":"Opening times: Monday 10am- 12pm Sunday (church meeting) 10am- 11:30am","opening":"Mo 10:00-12:00; Su 10:00-11:30"},"loc_pcd":true,"title":"Salvation Army"},"type":"Feature"},
		{"geometry":{"coordinates":[-1.10453,50.79091],"type":"Point"},"properties":{"_source":"portsmouth_council","address":"St Thomas Street, PO1 2HA","description":"Hot drinks and food available including other refreshments. Free wifi, accessible toilets, charging points, child friendly.","hours":{"_text":"Opening times: Monday- Friday 10am-4pm","opening":"Mo-Fr 10:00-16:00"},"loc_pcd":true,"title":"Portsmouth Cathedral","url":"https://www.portsmouthcathedral.org.uk/"},"type":"Feature"},
		{"geometry":{"coordinates":[-1.09386,50.84893],"type":"Point"},"properties":{"_source":"portsmouth_council","address":"Marsden Road, PO6 4JB","description":"Welcome place open to all with cafe (9am-1pm) and library space with free wifi. Free drinks and board games on Thursdays.","hours":{"_text":"Opening times: Monday to Thursday 9am-5pm Friday 9am-4pm","opening":"Mo-Th 09:00-17:00; Fr 09:00-16:00"},"loc_pcd":true,"title":"Paulsgrove Community Centre/Library"},"type":"Feature"},
		{"geometry":{"coordinates":[-1.09381,50.85076],"type":"Point"},"properties":{"_source":"portsmouth_council","address":"Hempsted Road, PO6 4AS","description":"Free tea, coffee and soup for £1. Free hot chocolate after school.","hours":{"_text":"Opening times: Monday and Friday 11am-4pm","opening":"Mo 11:00-16:00; Fr 11:00-16:00"},"loc_pcd":true,"title":"St Michael&#8217;s and all Angels church"},"type":"Feature"},
		{"geometry":{"coordinates":[-1.10029,50.79963],"type":"Point"},"properties":{"_source":"portsmouth_council","address":"Queen Street, PO1 3HN","description":"Welcome place open to all with cafe and library space. Free wifi, free drinks and board games on Thursdays.","hours":{"_text":"Opening times: Monday to Friday 8am-6pm Saturday 8.30am-1pm","opening":"Mo-Fr 08:00-18:00; Sa 08:30-13:00"},"loc_pcd":true,"title":"John Pounds Centre"},"type":"Feature"},
		{"geometry":{"coordinates":[-1.08691,50.79554],"type":"Point"},"properties":{"_source":"portsmouth_council","address":"Winston Churchill Avenue, PO5 4JJ","description":"Welcome place with wifi available. Refreshments available for 50p. Power sockets for charging phones and devices.","hours":{"_text":"Opening times: Monday to Friday 9am-9pm Saturday to Sunday 9am-4pm","opening":"Mo-Fr 09:00-21:00; Sa-Su 09:00-16:00"},"loc_pcd":true,"title":"Somerstown Community Centre"},"type":"Feature"},
		{"geometry":{"coordinates":[-1.08421,50.79358],"type":"Point"},"properties":{"_source":"portsmouth_council","address":"Somers Road, PO5 4QA","description":"Tuesday evenings: Free hot drinks and a simple meal. Board games, chat. Quiet spots to read or work. Free wifi and charging points.<br /> Thursday mornings: Free hot drinks, cake and kids corner. Time to chat and meet new people.","hours":{"_text":"Opening times: Tuesdays: 6pm to 8:30pm (from 13 December, closed 27 December) Thursdays 10:30am to 12noon (term-time only)","opening":"Tu 18:00-20:30; Th 10:30-12:00"},"loc_pcd":true,"title":"Kings Church","url":"https://www.thekings.church/"},"type":"Feature"},
		{"geometry":{"coordinates":[-1.08634,50.81926],"type":"Point"},"properties":{"_source":"portsmouth_council","address":"Wilson Road, PO2 8LE","hours":{"_text":"Opening times: Tuesday and Thursday 9am-12pm","opening":"Tu 09:00-12:00; Th 09:00-12:00"},"loc_pcd":true,"title":"Stamshaw and Tipner Community centre"},"type":"Feature"},
		{"geometry":{"coordinates":[-1.06588,50.78709],"type":"Point"},"properties":{"_source":"portsmouth_council","address":"Highland Road, PO4 9DD","description":"Welcome place open to all.","loc_pcd":true,"title":"St Margaret&#8217;s Church"},"type":"Feature"},
		{"geometry":{"coordinates":[-1.08861,50.79690],"type":"Point"},"properties":{"_source":"portsmouth_council","address":"Greetham Street, PO5 4LH","description":"Welcome place open to all with refreshments","hours":{"_text":"Opening times: Monday to Thursday 9am-5pm Sunday 9am-5pm","opening":"Mo-Th 09:00-17:00; Su 09:00-17:00"},"loc_pcd":true,"title":"St Luke&#8217;s Church"},"type":"Feature"},
		{"geometry":{"coordinates":[-1.08789,50.78595],"type":"Point"},"properties":{"_source":"portsmouth_council","address":"Palmerston Road, PO5 3QQ","hours":{"_text":"Opening times: Monday to Thursday 9.30am to 5.30pm Friday 9.30am to 5pm Saturday 10am to 5.30pm Sunday 10am to 4pm","opening":"Mo-Th 09:30-17:30; Fr 09:30-17:00; Sa 10:00-17:30; Su 10:00-16:00"},"loc_pcd":true,"title":"Southsea Library"},"type":"Feature"},
		{"geometry":{"coordinates":[-1.09775,50.79164],"type":"Point"},"properties":{"_source":"portsmouth_council","address":"Museum Road, PO1 2LJ","description":"Welcome place open to all with café available.","hours":{"_text":"Opening times: Tuesday to Sunday 10am-5pm (last entry 4.30pm)","opening":"Tu-Su 10:00-17:00"},"loc_pcd":true,"title":"Portsmouth Museum and Art Gallery"},"type":"Feature"},
		{"geometry":{"coordinates":[-1.06866,50.78172],"type":"Point"},"properties":{"_source":"portsmouth_council","address":"Eastern Parade, PO4 9RF","description":"Welcome place open to all.","hours":{"_text":"Opening times: Tuesday to Sunday 10am-5pm (last entry 4pm)","opening":"Tu-Su 10:00-17:00"},"loc_pcd":true,"title":"Cumberland House Natural History Museum"},"type":"Feature"},
		{"geometry":{"coordinates":[-1.07530,50.78676],"type":"Point"},"properties":{"_source":"portsmouth_council","address":"Albert Road, PO4 0JW","description":"Welcome place for over 18s offering breakfast on Wednesday and dinner on Thursday evening (max 120 people)","hours":{"_text":"Opening times: Wednesday 9am-11.30am Thursday 6pm-8pm","opening":"We 09:00-11:30; Th 18:00-20:00"},"loc_pcd":true,"title":"Lifehouse"},"type":"Feature"},
		{"geometry":{"coordinates":[-1.08922,50.78688],"type":"Point"},"properties":{"_source":"portsmouth_council","address":"Kent Road, PO5 3EL","description":"Open to all","hours":{"_text":"Opening times: Mon- Fri 10am-12pm","opening":"Mo-Fr 10:00-12:00"},"loc_pcd":true,"title":"St Jude&#8217;s Church","url":"https://sjs.church/"},"type":"Feature"}
	]
}
