{
	"type": "FeatureCollection",
	"features": [
		{"geometry":{"coordinates":[-0.55797,51.32001],"type":"Point"},"properties":{"_source":"warm_welcome","address":"Jubilee Square, Woking, Surrey GU21 6YG","description":"Open from 16-nov-2022. Advice & Signposting to other local services","hours":"We 15:45-18:00","title":"Christ Church Woking"},"type":"Feature"},
		{"geometry":{"coordinates":[-0.36687,51.36949],"type":"Point"},"properties":{"_source":"warm_welcome","address":"6 Park Road, Esher, Surrey KT10 8NP","description":"Open from 17/11/2022. FROM THURSDAY 17th NOVEMBER - Every Thursday 2pm – 4pm. Free drop in with coffee, teas, hot chocolate, biscuits and cakes. Everyone welcome to come and warm up and an opportunity to meet others in the community.","hours":"Th 14:00-16:00","title":"Esher Green Baptist Church"},"type":"Feature"},
		{"geometry":{"coordinates":[-0.61123,51.18529],"type":"Point"},"properties":{"_source":"warm_welcome","address":"Godalming Baptist Church, Queen Street, Godalming,, Surrey GU7 1BA","description":"Open from 23-11-2022. We are a Disability and access friendly Church We will have tea / coffee and biscuits freely available, news papers and children's games","hours":"Tu 09:15-12:00, We 09:15-12:00, Th 09:15-12:00, Su 09:30-12:00","title":"Godalming Baptist Church"},"type":"Feature"},
		{"geometry":{"coordinates":[-0.58281,51.23707],"type":"Point"},"properties":{"_source":"warm_welcome","address":"Guildford Park Road, Guildford, Surrey GU2 7NF","description":" This is available to people living in and around the Guildford Park area. There will be newspapers, books, magazines, puzzles/games and a warm welcome.","hours":"Th 12:30-15:30","title":"Grace Church Guildford"},"type":"Feature"},
		{"geometry":{"coordinates":[-0.57890,51.23132],"type":"Point"},"properties":{"_source":"warm_welcome","address":"83 Portsmouth Road, Guildford, Surrey GU2 4BS","description":"Open from 31-10-2022.","hours":"Mo 09:30-12:00, Tu 09:30-12:00, We 09:30-12:00, Th 09:30-12:00, Fr 09:30-12:00","title":"Guildford United Reformed Church"},"type":"Feature"},
		{"geometry":{"coordinates":[-0.62577,51.31574],"type":"Point"},"properties":{"_source":"warm_welcome","address":"Holy Trinity Church, Knaphill, Surrey GU21 2SX","description":"Open from 28/11/2022. Please see our website for details of other activities that would warmly welcome you.","hours":"Mo 08:30-10:00, Tu 12:00-15:30, We 12:00-15:30, Fr 08:30-10:00","title":"Holy Trinity & St Saviour's Church"},"type":"Feature"},
		{"geometry":{"coordinates":[-0.63585,51.30442],"type":"Point"},"properties":{"_source":"warm_welcome","address":"St Saviour's Church, Connaught Road, Brookwood GU24 0AS","description":"Open from 28/11/2022. Please see our website for details of other activities that would warmly welcome you including groups for the young and the old. We also open our free Pop-Up Coffee on Friday mornings.","hours":"Tu 00:00-00:30, We 00:00-00:30, Fr 12:00-15:30","title":"Holy Trinity & St Saviour's Church"},"type":"Feature"},
		{"geometry":{"coordinates":[-0.62079,51.31749],"type":"Point"},"properties":{"_source":"warm_welcome","address":"88 High Street, Knaphill, Woking GU21 2PZ","description":"Our focus is catering for the community of Knaphill. We have games and people can bring a hobby.","hours":"Mo 14:00-16:00, Fr 10:00-12:00","title":"Knaphill Baptist Church"},"type":"Feature"},
		{"geometry":{"coordinates":[-0.54491,51.30223],"type":"Point"},"properties":{"_source":"warm_welcome","address":"High Street, Old Woking, Surrey GU22 9BX","description":"We only cater for adults. Sorry not suitable for children. You are welcome to join our 'Chill 'n' chat' group, for friendly conversation and a listening ear. Open during term-time.","hours":"Th 10:00-11:30","title":"New Life Church Woking"},"type":"Feature"},
		{"geometry":{"coordinates":[-0.59073,51.31881],"type":"Point"},"properties":{"_source":"warm_welcome","address":"St. Andrews Church, WOKING, Surrey GU21 3LG","description":"Open from November 1st. We are dog friendly","hours":"Mo 09:00-14:30, Tu 09:00-14:30, We 09:00-14:30, Th 09:00-14:30","title":"St Andrew's Church"},"type":"Feature"},
		{"geometry":{"coordinates":[-0.54815,51.19678],"type":"Point"},"properties":{"_source":"warm_welcome","address":"The Vicarage, St John's Church, Wonersh, Guildford GU5 0PG","description":" A warm Living Room with open fire","hours":"Tu 10:00-12:30","title":"St John's, Wonersh"},"type":"Feature"},
		{"geometry":{"coordinates":[-0.63155,51.18109],"type":"Point"},"properties":{"_source":"warm_welcome","address":"Franklyn Road, Godalming , Surrey GU7 2LD","description":"Open from 01-11-2022. We cater for the whole community including those working from home. We also run a foodbank should anyone need additional support","hours":"Tu 12:00-16:00","title":"St Marks Church and Community Centre"},"type":"Feature"},
		{"geometry":{"coordinates":[-0.56742,51.31132],"type":"Point"},"properties":{"_source":"warm_welcome","address":"St Mary of Bethany Church, Mount Hermon Rd,, Woking, Surrey GU22 7UH","description":"Open from 07-11-2022.","hours":"Mo 14:00-17:00, Tu 14:00-17:00, We 14:00-17:00, Th 14:00-17:00, Fr 14:00-17:00","title":"St Mary of Bethany Churc"},"type":"Feature"},
		{"geometry":{"coordinates":[-0.44430,51.28043],"type":"Point"},"properties":{"_source":"warm_welcome","address":"82 East Lane, West Horsley, Leatherhead KT24 6LQ","description":" Between 1&2pm on Fridays we offer a simple hot soup and rolls lunch","hours":"Fr 10:30-14:00","title":"St Mary's West Horsley"},"type":"Feature"},
		{"geometry":{"coordinates":[-0.55160,51.32341],"type":"Point"},"properties":{"_source":"warm_welcome","address":"The Maybury Centre, Board School Road, Woking, Surrey GU21 5HD","description":"","hours":"Mo 09:00-22:00, Tu 09:00-22:00, We 09:00-22:00, Th 09:00-22:00, Fr 09:00-12:00, Sa 09:00-14:00, Su 09:00-14:00","title":"The Maybury Centre"},"type":"Feature"},
		{"geometry":{"coordinates":[-0.49951,51.36915],"type":"Point"},"properties":{"_source":"warm_welcome","address":"The Salvation Army, Addlestone, Surrey KT15 1SG","description":"","hours":"Tu 08:30-14:00, We 08:30-15:00, Th 08:30-14:00, Fr 08:30-12:30","title":"The Salvation Army"},"type":"Feature"},
		{"geometry":{"coordinates":[-0.42209,51.38954],"type":"Point"},"properties":{"_source":"warm_welcome","address":"The Swan, 50 Manor Road, WALTON-ON-THAMES, Surrey KT12 2PF","description":"","hours":"Mo 11:00-23:00, Tu 11:00-23:00, We 11:00-23:00","title":"The Swan Walton on Thames"},"type":"Feature"},
		{"geometry":{"coordinates":[-0.58251,51.32360],"type":"Point"},"properties":{"_source":"warm_welcome","address":"The Salvation Army, Sythwood, Woking, Surrey GU21 3BE","description":" Open from 01-11-2022.","hours":"Tu 09:00-12:00, Th 09:30-12:00","title":"Woking Salvation Army"},"type":"Feature"},
		{"geometry":{"coordinates":[-0.54893,51.31128],"type":"Point"},"properties":{"_source":"warm_welcome","address":"White Rose Lane, Woking, Surrey GU22 7HA","hours":"Mo 09:00-13:00, Tu 09:00-13:00, We 09:00-13:00, Th 09:00-13:00, Fr 09:00-13:00","title":"Woking United Reformed Church"},"type":"Feature"},
		{"geometry":{"coordinates":[-0.55059,51.32210],"type":"Point"},"properties":{"_source":"warm_welcome","address":"12 Marlborough Road, Woking, Surrey GU21 5JG","description":"Open from 02/12/2022. Everyone welcome We have free wi-fi and laptop access, light refreshments, tea and coffee, books and toys for toddlers, information on keeping warm and what support is available locally.","hours":"Fr 09:30-11:30","title":"Word of Life Church"},"type":"Feature"},
		{"geometry":{"coordinates":[-0.57458,51.23400],"type":"Point"},"properties":{"_source":"warm_welcome","address":"Yvonne Arnaud Theatre, Millbrook, Guildford GU1 3UX","description":" We have a pop up and play toddler group on Fridays in term time (10:30-12:00)","hours":"Tu 10:00-15:30, We 10:00-15:30, Th 10:00-15:30, Fr 10:00-15:30, Sa 10:00-15:30","title":"Yvonne arnaud Theatre"},"type":"Feature"},
		{"geometry":{"coordinates":[-0.53079,51.24598],"type":"Point"},"properties":{"_source":"warm_spaces","address":"Bush Hill Drive, Merrow, Guildford, England, GU1 2SH","title":"Merrow Methodist Church","url":"https://www.merrowmethodistchurch.org.uk"},"type":"Feature"},
		{"geometry":{"coordinates":[-0.61073,51.18518],"type":"Point"},"properties":{"_source":"warm_spaces","address":"15 Queen Street, Godalming, England, GU7 1BA","title":"Godalming Baptist Church","url":"https://www.godalmingbaptistchurch.org.uk"},"type":"Feature"},
		{"geometry":{"coordinates":[-0.58443,51.23774],"type":"Point"},"properties":{"_source":"warm_spaces","address":"Guildford Park Road, Guildford, England, GU2 7NF","title":"Grace Church Guildford","url":"https://www.gracechurchguildford.org.uk/events/"},"type":"Feature"},
		{"geometry":{"coordinates":[-0.61077,51.31299],"type":"Point"},"properties":{"_source":"warm_spaces","address":"17a Solent House, Lower Guildford Road, Woking, England, GU21 2EP","title":"Project Cafe Knaphill"},"type":"Feature"},
		{"geometry":{"coordinates":[-0.37156,51.38249],"type":"Point"},"properties":{"_source":"warm_spaces","address":"Lower Green Community Centre Farm Road, Esher, England, KT10 8AU","title":"Lower Green Community Hub","url":"https://www.lowergreen.org"},"type":"Feature"},
		{"geometry":{"coordinates":[-0.59055,51.31887],"type":"Point"},"properties":{"_source":"surrey_county_council_warm_hubs","address":"St Andrews 7 Goldsworth House, Woking GU21 3LG","hours":"Mo-Th 09:00-10:00","title":"Andy's Community Cafe (St Andrew's Church)"},"type":"Feature"},
		{"geometry":{"coordinates":[-0.57887,51.23184],"type":"Point"},"properties":{"_source":"surrey_county_council_warm_hubs","address":"83 Portsmouth Rd, Guildford GU2 4DU","hours":"Mo-Fr 09:30-12:30","title":"Guildford United Reformed Church"},"type":"Feature"},
		{"geometry":{"coordinates":[-0.62471,51.31628],"type":"Point"},"properties":{"_source":"surrey_county_council_warm_hubs","address":"Chobham Rd, Knaphill, Woking GU21 2SX","hours":"Mo 08:30-12:00; Tu 12:00-15:30; We 08:30-12:00; Th 12:00-15:30; Fr 08:30-12:00","title":"Holy Trinity, Knaphill"},"type":"Feature"},
		{"geometry":{"coordinates":[-0.63742,51.30457],"type":"Point"},"properties":{"_source":"surrey_county_council_warm_hubs","address":"289 Ct Lodge Rd, Horley RH6 8RG","hours":"Tu 12:00-15:30; We 09:00-12:00; Fr 09:00-12:00","title":"St Saviour's Church"},"type":"Feature"},
		{"geometry":{"coordinates":[-0.62059,51.31748],"type":"Point"},"properties":{"_source":"surrey_county_council_warm_hubs","address":"88 High Street, GU21 2PZ","hours":"Mo 02:00-16:00; Fr 10:00-12:00","title":"Renew 88, Knaphill Baptist Church"},"type":"Feature"},
		{"geometry":{"coordinates":[-0.50247,51.36883],"type":"Point"},"properties":{"_source":"surrey_county_council_warm_hubs","address":"140 Church Rd, Addlestone KT15 1SJ","hours":"Tu 09:00-17:00; We 09:00-17:00; Th 09:00-17:00; Fr 09:00-15:00","title":"Hebrews Coffee Shop"},"type":"Feature"},
		{"geometry":{"coordinates":[-0.63193,51.18119],"type":"Point"},"properties":{"_source":"surrey_county_council_warm_hubs","address":"Franklyn Road, Godalming, GU7 2NH","hours":"pm 12:30-16:30","title":"St Marks Church and Community Centre"},"type":"Feature"},
		{"geometry":{"coordinates":[-0.52977,51.33345],"type":"Point"},"properties":{"_source":"surrey_county_council_warm_hubs","address":"43 Dartmouth Ave, Sheerwater, Woking GU21 5PE","hours":"Tu 09:30-16:30; We 09:30-16:30; Th 09:30-16:30","title":"MASCOT Hub"},"type":"Feature"},
		{"geometry":{"coordinates":[-0.52758,51.33398],"type":"Point"},"properties":{"_source":"surrey_county_council_warm_hubs","address":"Dartmouth Ave, Woking GU21 5PJ","title":"St Michaels Church "},"type":"Feature"},
		{"geometry":{"coordinates":[-0.52547,51.33613],"type":"Point"},"properties":{"_source":"surrey_county_council_warm_hubs","address":"Albert Dr, Sheerwater, Woking GU21 5RF","hours":"Su 10:00-16:00","title":"Eastwood Leisure Centre "},"type":"Feature"},
		{"geometry":{"coordinates":[-0.55872,51.32164],"type":"Point"},"properties":{"_source":"surrey_county_council_warm_hubs","address":"Woking GU21 4AA","hours":"Mo 10:30-12:30; We 10:30-12:30; Th 10:30-12:30","title":"Lighthouse"},"type":"Feature"},
		{"geometry":{"coordinates":[-0.58200,51.32361],"type":"Point"},"properties":{"_source":"surrey_county_council_warm_hubs","address":"Sythwood, Woking, GU21 3BE","hours":"Tu 09:30-12:00; Th 09:00-12:00","title":"Salvation Army, Sythwood"},"type":"Feature"},
		{"geometry":{"coordinates":[-0.56871,51.31136],"type":"Point"},"properties":{"_source":"surrey_county_council_warm_hubs","address":"Mount Hermon, Woking GU22 7UH","hours":"Mo 14:00-17:00; Tu 14:00-17:00; We 14:00-17:00; Th 14:00-17:00; Fr 14:00-17:00","title":"ST MARY OF BETHANY CHURCH"},"type":"Feature"},
		{"geometry":{"coordinates":[-0.57525,51.25920],"type":"Point"},"properties":{"_source":"surrey_county_council_warm_hubs","address":"Bellfields 37 Hazel Ave, Guildford GU1 1NP","hours":"Tu 10:00-12:30","title":"Oak Cafe, St Peters Shared Church"},"type":"Feature"},
		{"geometry":{"coordinates":[-0.40989,51.32884],"type":"Point"},"properties":{"_source":"surrey_county_council_warm_hubs","address":"The Cedar Centre, Cedar Road, Cobham KT11 2AE","hours":"Th 09:30-17:00; Fr 09:30-17:00; Sa 09:30-17:00; Tu 09:30-17:00; We 09:30-17:00","title":"Cobham Library "},"type":"Feature"},
		{"geometry":{"coordinates":[-0.42068,51.38581],"type":"Point"},"properties":{"_source":"surrey_county_council_warm_hubs","address":"The Heart Centre, 54 Hepworth Way, Walton-on-Thames KT12 1GH","hours":"Th 09:30-17:30; Fr 09:30-17:30; Sa 09:30-17:00; Su 11:00-17:00; Mo 09:30-17:30; Tu 09:30-19:00; We 09:30-17:30","title":"Walton Library"},"type":"Feature"},
		{"geometry":{"coordinates":[-0.57187,51.23690],"type":"Point"},"properties":{"_source":"surrey_county_council_warm_hubs","address":"77 North St, Guildford GU1 4AL","hours":"Th 09:30-19:00; Fr 09:30-17:30; Sa 09:30-17:00; Mo 09:30-17:30; Tu 09:30-19:00; We 09:30-17:30","title":"Guildford Library "},"type":"Feature"},
		{"geometry":{"coordinates":[-0.60909,51.18771],"type":"Point"},"properties":{"_source":"surrey_county_council_warm_hubs","address":"Bridge St, Godalming GU7 1HT","hours":"Th 09:30-17:30; Fr 09:30-17:30; Sa 09:30-17:00; Mo 09:30-17:30; Tu 09:30-19:00; We 09:30-17:30","title":"Godalming Library "},"type":"Feature"},
		{"geometry":{"coordinates":[-0.55922,51.32034],"type":"Point"},"properties":{"_source":"surrey_county_council_warm_hubs","address":"Gloucester Walk, Woking GU21 6EP","hours":"Th 09:30-19:00; Fr 09:30-17:30; Sa 09:30-17:00; Mo 09:30-17:30; Tu 09:30-19:00; We 09:30-17:30","title":"Woking Library "},"type":"Feature"},
		{"geometry":{"coordinates":[-0.41880,51.38912],"type":"Point"},"properties":{"_source":"surrey_county_council_warm_hubs","address":"Manor Road, Walton-on-Thames, KT12 2PB","hours":"Mo-Fr 09:00-16:30","title":"Walton Centre for the Community"},"type":"Feature"},
		{"geometry":{"coordinates":[-0.60583,51.24567],"type":"Point"},"properties":{"_source":"surrey_county_council_warm_hubs","address":"Park Barn Dr, Guildford GU2 8EN","hours":"Mo-Su ","title":"The Hive"},"type":"Feature"},
		{"geometry":{"coordinates":[-0.59461,51.24750],"type":"Point"},"properties":{"_source":"surrey_county_council_warm_hubs","address":"Beckingham Road, Guildford. GU2 8BU","hours":"Mo 10:00-14:00; Tu 10:00-14:00","title":"St Francis Church"},"type":"Feature"},
		{"geometry":{"coordinates":[-0.55557,51.31595],"type":"Point"},"properties":{"_source":"surrey_county_council_warm_hubs","address":"White Rose Ln, Woking GU22 7HA","hours":"Mo-Fr 09:00-13:00","title":"Woking United Reformed Church"},"type":"Feature"},
		{"geometry":{"coordinates":[-0.41190,51.33120],"type":"Point"},"properties":{"_source":"surrey_county_council_warm_hubs","address":"Cobham Centre for the Community, Oakdene Road, Cobham, KT11 2LY \n","hours":"Mo-Fr 09:00-16:30","title":"Cobham Centre for the Community"},"type":"Feature"},
		{"geometry":{"coordinates":[-0.39866,51.36534],"type":"Point"},"properties":{"_source":"surrey_county_council_warm_hubs","address":"Hersham Centre for the Community, 7 Queens Road, Hersham, KT12 5LU \n","hours":"Mo-Fr 09:00-16:30","title":"Hersham Centre for the Community"},"type":"Feature"},
		{"geometry":{"coordinates":[-0.45836,51.37194],"type":"Point"},"properties":{"_source":"surrey_county_council_warm_hubs","address":"Weybridge Centre for the Community, Churchfield Place, Weybridge, KT13 8BZ","hours":"Mo-Fr 09:00-16:30","title":"Weybridge Centre for the Community "},"type":"Feature"},
		{"geometry":{"coordinates":[-0.56082,51.29982],"type":"Point"},"properties":{"_source":"surrey_county_council_warm_hubs","address":"Old School Pl, Westfield GU22 9PB","hours":"Mo-Fr 10:00-15:00","title":"Moocroft Centre for the Community"},"type":"Feature"},
		{"geometry":{"coordinates":[-0.61930,51.31630],"type":"Point"},"properties":{"_source":"surrey_county_council_warm_hubs","address":"Broadway, Knaphill, Woking GU21 2SP","hours":"Mo-Fr 10:00-15:00","title":"The Vyne Centre for the Community"},"type":"Feature"},
		{"geometry":{"coordinates":[-0.53164,51.33415],"type":"Point"},"properties":{"_source":"surrey_county_council_warm_hubs","address":"Blackmore Cres, Sheerwater, Woking GU21 5NZ","hours":"Mo-Fr 10:00-15:00","title":"Parkview Centre for the Community"},"type":"Feature"},
		{"geometry":{"coordinates":[-0.47895,51.33877],"type":"Point"},"properties":{"_source":"surrey_county_council_warm_hubs","address":"Stream Cl, Byfleet, West Byfleet KT14 7LZ","hours":"Mo-Fr 10:00-15:00","title":"St. Mary’s Centre for the Community"},"type":"Feature"}
	]
}
