{
	"type": "FeatureCollection",
	"features": [
		{"geometry":{"coordinates":[0.19444,51.28994],"type":"Point"},"properties":{"_source":"warm_welcome","address":"Bat & Ball Station, Sevenoaks, Kent TN14 5AP","description":"Open from 14/11/2022. There will be free talks provided by our local community on some days","hours":{"_text":"Monday: 9:00 - 12:00","opening":"Mo 09:00-12:00"},"title":"Bat & Ball Station"},"type":"Feature"},
		{"geometry":{"coordinates":[0.04303,51.37426],"type":"Point"},"properties":{"_source":"warm_welcome","address":"29a Gravel Road, Bromley, Kent BR2 8PE","description":"","hours":{"_text":"Friday: 10:30 - 13:30","opening":"Fr 10:30-13:30"},"title":"Bromley Common Baptist Church "},"type":"Feature"},
		{"geometry":{"coordinates":[0.30332,51.29040],"type":"Point"},"properties":{"_source":"warm_welcome","address":"Quarry Hill Road, , Borough Green, Sevenoaks TN15 8RF","description":"","hours":{"_text":"Friday: 10:00 - 13:00","opening":"Fr 10:00-13:00"},"title":"Church of the Good Shepherd"},"type":"Feature"},
		{"geometry":{"coordinates":[0.07930,51.37970],"type":"Point"},"properties":{"_source":"warm_welcome","address":"100 Crofton Lane, Orpington, Kent BR5 1HD","hours":{"_text":"Monday: 10:30 - 13:30 / -, Wednesday: 10:30 - 13:30 / -, Sunday: 10:30 - 12:30 / -","opening":"Mo 10:30-13:30; We 10:30-13:30; Su 10:30-12:30"},"title":"Crofton Baptist Church"},"type":"Feature"},
		{"geometry":{"coordinates":[0.09031,51.35206],"type":"Point"},"properties":{"_source":"warm_welcome","address":"1 Worlds End Lane, Orpington, Kent BR6 6AA","description":"Open from November to February. warm space - warm refreshments - warm welcome","hours":{"_text":"Monday: 10:00 - 14:00","opening":"Mo 10:00-14:00"},"title":"Green Street Green Baptist church"},"type":"Feature"},
		{"geometry":{"coordinates":[0.30057,51.39882],"type":"Point"},"properties":{"_source":"warm_welcome","address":"Longfield Library, 49 Main Road, Longfield, Kent DA3 7QT","description":" Please visit our website for services provided at your local library.","hours":{"_text":"Monday: 13:00 - 17:00, Tuesday: 13:00 - 17:00, Wednesday: 09:00 - 13:00, Thursday: 09:00 - 13:00, Friday: 13:00 - 17:00, Saturday: 09:00 - 13:00","opening":"Mo 13:00-17:00; Tu 13:00-17:00; We 09:00-13:00; Th 09:00-13:00; Fr 13:00-17:00; Sa 09:00-13:00"},"title":"Longfield Library"},"type":"Feature"},
		{"geometry":{"coordinates":[0.05184,51.39041],"type":"Point"},"properties":{"_source":"warm_welcome","address":"St Augustine's Church, Southborough Lane, Bromley, Kent BR2 8AT","description":"Open from 03-11-2022. Soup and Roll will be available each week","hours":{"_text":"Thursday: 10:30 - 16:00 / - Weekly","opening":"Th 10:30-16:00"},"title":"St Augustine with St Luke"},"type":"Feature"},
		{"geometry":{"coordinates":[0.19116,51.31208],"type":"Point"},"properties":{"_source":"warm_welcome","address":"The Green, Otford, Otford, Kent TN14 5PD","description":"","hours":{"_text":"Friday: 14:00 - 17:00","opening":"Fr 14:00-17:00"},"title":"St Bartholomew's, Otford"},"type":"Feature"},
		{"geometry":{"coordinates":[0.28677,51.28954],"type":"Point"},"properties":{"_source":"warm_welcome","address":"Fen Pond Road, Ightham, Kent TN15 9JD","description":"Open from Tuesday 6th December 2022. We cater for all ages - toys available.","hours":{"_text":"Tuesday: 14:00 - 17:00","opening":"Tu 14:00-17:00"},"title":"St Peter's Church Ightham"},"type":"Feature"},
		{"geometry":{"coordinates":[0.22711,51.30630],"type":"Point"},"properties":{"_source":"warm_welcome","address":"Sunnybank Cottage, West End, Kemsing TN15 6PX","description":"","hours":{"_text":"Sunday: 08:00 - 17:00","opening":"Su 08:00-17:00"},"title":"The Church of St Mary the Virgin, Kemsing"},"type":"Feature"},
		{"geometry":{"coordinates":[0.05119,51.38872],"type":"Point"},"properties":{"_source":"warm_welcome","address":"Vision Church, Holmcroft Way, Bromley, Bromley BR2 8AD","description":"","hours":{"_text":"Monday: 12:00 - 18:00","opening":"Mo 12:00-18:00"},"title":"Vision Church "},"type":"Feature"},
		{"geometry":{"coordinates":[0.10759,51.39632],"type":"Point"},"properties":{"_source":"warm_spaces","address":"345 Chipperfield Road, Orpington, England, BR5 2LJ","hours":{"_text":"Tuesday 5pm-8pm","opening":"Tu 17:00-20:00"},"title":"The Oak Community Church","url":"https://www.oakchurch.co.uk/warmspace"},"type":"Feature"},
		{"geometry":{"coordinates":[0.06245,51.38414],"type":"Point"},"properties":{"_source":"warm_spaces","address":"34 Hollingworth Road, Orpington, England, BR5 1AQ","hours":{"_text":"Friday 12.30pm-4.30pm","opening":"Fr 12:30-16:30"},"title":"Coppice Community Church","url":"https://www.coppicecommunitychurch.co.uk"},"type":"Feature"},
		{"geometry":{"coordinates":[0.03663,51.30938],"type":"Point"},"properties":{"_source":"warm_spaces","address":"Main Road, Westerham, England, TN16 3BB","hours":{"_text":"Mondays &amp; Fridays 10am-2pm","opening":"Mo 10:00-14:00; Fr 10:00-14:00"},"title":"New Life Church - Biggin Hill","url":"https://www.newlifebh.org.uk"},"type":"Feature"},
		{"geometry":{"coordinates":[0.22215,51.29044],"type":"Point"},"properties":{"_source":"warm_spaces","address":"Seal Church Hall, Church Street, Seal, England, TN15 0AR","hours":{"_text":"Every Friday morning from 10.30am-12.30pm - Drop in café. Every Wednesday in term time 4.30pm-5pm - Children's choir. Every Third Wednesday of the month 12.30pm- 4.30pm - Community Lunch","opening":"We[3] 12:30-16:30"},"title":"Seal Church Hall","url":"https://sealparishcouncil.org.uk "},"type":"Feature"},
		{"geometry":{"coordinates":[0.17276,51.39736],"type":"Point"},"properties":{"_source":"warm_spaces","address":"London Road, Swanley, England, BR8 7AE","hours":{"_text":"Monday to Friday 9am-5.30pm; Saturday 9am-1pm","opening":"Mo-Fr 09:00-17:30; Sa 09:00-13:00"},"title":"Swanley Link","url":"www.swanleytowncouncil.gov.uk "},"type":"Feature"},
		{"geometry":{"coordinates":[0.18511,51.31305],"type":"Point"},"properties":{"_source":"warm_spaces","address":"High Street, Sevenoaks, England, TN14 5PH","hours":{"_text":"Fridays 9:30am-1pm","opening":"Fr 09:30-13:00"},"title":"Otford Methodist Church Hall","url":"https://www.otfordmethodistchurch.org.uk"},"type":"Feature"},
		{"geometry":{"coordinates":[0.07073,51.26736],"type":"Point"},"properties":{"_source":"warm_spaces","address":"Fullers Hill, Westerham, England, TN16 1AB","hours":{"_text":"Thursdays, 12noon-4pm","opening":"Th 12:00-16:00"},"title":"Westerham Congregational Church","url":"https://www.westerhamcongregationalchurch.co.uk"},"type":"Feature"},
		{"geometry":{"coordinates":[0.19070,51.39364],"type":"Point"},"properties":{"_source":"warm_spaces","address":"Beechenlea Lane, Swanley, England, BR8 8DR","hours":{"_text":"Tuesday to Friday 11am to close","opening":"Tu-Fr 11:00-00:00"},"title":"The Olympic, Swanley","url":"www.swanleytowncouncil.gov.uk "},"type":"Feature"},
		{"geometry":{"coordinates":[0.16737,51.39425],"type":"Point"},"properties":{"_source":"warm_spaces","address":"Saint Mary&#39;s Road, Swanley, England, BR8 7BU","hours":{"_text":"Fridays, 3.30pm-5.30pm (term time only)","opening":"Fr 15:30-17:30"},"title":"Swanley Youth and Community Centre","url":"https://local.kent.gov.uk"},"type":"Feature"},
		{"geometry":{"coordinates":[0.17236,51.39776],"type":"Point"},"properties":{"_source":"warm_spaces","address":"London Road, Swanley, England, BR8 7AE","hours":{"_text":"Monday to Friday 9am-5.30pm; Saturday 9am-1pm","opening":"Mo-Fr 09:00-17:30; Sa 09:00-13:00"},"title":"Swanley Link","url":"https://www.swanleytowncouncil.gov.uk"},"type":"Feature"},
		{"geometry":{"coordinates":[0.26763,51.34149],"type":"Point"},"properties":{"_source":"warm_spaces","address":"Fawkham Road, Sevenoaks, England, TN15 6JP","hours":{"_text":"Thursday 9.30am-11.30am","opening":"Th 09:30-11:30"},"title":"St. Edmund's Church of England Primary School West Kingsdown","url":"https://www.st-edmunds.kent.sch.uk"},"type":"Feature"},
		{"geometry":{"coordinates":[0.23043,51.30582],"type":"Point"},"properties":{"_source":"warm_spaces","address":"High Street, Sevenoaks, England, TN15 6NA","hours":{"_text":"Daily, 8am-4pm","opening":"Mo-Su 08:00-16:00"},"title":"St Marys Church, Kemsing","url":"https://www.kemsingandwoodlands.org"},"type":"Feature"},
		{"geometry":{"coordinates":[0.20182,51.28578],"type":"Point"},"properties":{"_source":"warm_spaces","address":"The Green, Sevenoaks, England, TN13","hours":{"_text":"Fridays 2pm-5pm","opening":"Fr 14:00-17:00"},"title":"St Bartholomews Church, Otford","url":"https://www.stbartholomews.co.uk"},"type":"Feature"},
		{"geometry":{"coordinates":[0.19485,51.27132],"type":"Point"},"properties":{"_source":"warm_spaces","address":"Buckhurst Lane, Sevenoaks, England, TN13 1LQ","hours":{"_text":""},"title":"Sevenoaks Library","url":"https://www.kent.gov.uk/Librarydetails"},"type":"Feature"},
		{"geometry":{"coordinates":[0.16439,51.39472],"type":"Point"},"properties":{"_source":"warm_spaces","address":"36a Cherry Avenue, Swanley, England, BR8 7DX","hours":{"_text":"Tuesday to Friday 10am to 5pm","opening":"Tu-Fr 10:00-17:00"},"title":"Elim Christian Centre Swanley","url":"http://www.elimswanley.org"},"type":"Feature"},
		{"geometry":{"coordinates":[0.06444,51.19753],"type":"Point"},"properties":{"_source":"warm_spaces","address":"40 High Street, Edenbridge, England, TN8 5AJ","hours":{"_text":"Monday to Thursday 10am-2.30pm, Friday 10am-2pm and 2pm-4pm open for Place of welcome.","opening":"Mo-Th 10:00-14:30; Fr 10:00-14:00,14:00-16:00"},"title":"Bridges Edenbridge","url":"https://www.bridgescentre.org"},"type":"Feature"},
		{"geometry":{"coordinates":[0.19443,51.28987],"type":"Point"},"properties":{"_source":"warm_spaces","address":"Bat and Ball Road, Sevenoaks, England, TN14 5AP","hours":{"_text":"9am -12noon "},"title":"Bat &amp; Ball Station","url":"https://www.batandballstation.com"},"type":"Feature"},
		{"geometry":{"coordinates":[0.19485,51.27132],"type":"Point"},"properties":{"_source":"warm_spaces","address":"Sevenoaks Library, Buckhurst Lane, Sevenoaks, England, TN13 1LQ","hours":{"_text":"Monday 10am-6pm, Tuesday 10am-5pm, Wednesday 10am-5pm, Thursday 10am-5pm, Friday 10am-5pm, Satarday 10am-4pm, Sunday Closed","opening":"Mo 10:00-18:00; Tu 10:00-17:00; We 10:00-17:00; Th 10:00-17:00; Fr 10:00-17:00; Su 10:00-16:00"},"title":"Sevenoaks Library","url":"https://webapps.kent.gov.uk/KCC.Libraries.Web.Sites.Public/LibraryDetails.aspx?aid=0&amp;lid=62&amp;uprn=100062546713"},"type":"Feature"},
		{"geometry":{"coordinates":[0.06467,51.19613],"type":"Point"},"properties":{"_source":"warm_spaces","address":"Doggetts Barn, 72a High Street, Edenbridge, England, TN8 5AR","hours":{"_text":"10am-12pm"},"title":"Edenbridge Town Council","url":"https://www.edenbridgetowncouncil.gov.uk"},"type":"Feature"},
		{"geometry":{"coordinates":[0.26886,51.18999],"type":"Point"},"properties":{"_source":"warm_spaces","address":"St Stephen&#39;s Church, 37 Waterloo Road, Tonbridge, England, TN9 2SW","hours":{"_text":"Tue &amp; Thu 10am-1pm, Sat 10am-12pm, Services on Sundays","opening":"Tu 10:00-13:00; Th 10:00-13:00; Sa 10:00-12:00"},"title":"St Stephen's Church","url":"https://www.ststephens.org.uk"},"type":"Feature"},
		{"geometry":{"coordinates":[0.08989,51.35176],"type":"Point"},"properties":{"_source":"warm_spaces","address":"Green Street Green Baptist Church, 1 Worlds End Lane, Orpington, England, BR6 6AA","hours":{"_text":"10am-2pm (Nov-Feb)"},"title":"Green Street Green Baptist Church","url":"https://www.gsgbaptist.org.uk"},"type":"Feature"},
		{"geometry":{"coordinates":[0.27544,51.21048],"type":"Point"},"properties":{"_source":"warm_spaces","address":"Tonbridge Baptist Church, Darenth Avenue, Tonbridge, England, TN10 3HZ","hours":{"_text":"Monday - Little Stars (toddler group) 9:30am-11:30am; Tuesday - Lunch Hub (free hot lunch) 12:15pm- 1:15pm; Wednesday &amp; Friday - Open House Coffee Morning 10am-12pm","opening":"We 00:00-00:00; Fr 00:00-00:00"},"title":"Tonbridge Baptist Church"},"type":"Feature"},
		{"geometry":{"coordinates":[0.29499,51.21182],"type":"Point"},"properties":{"_source":"warm_spaces","address":"Tonbridge Methodist Church, Higham Lane, Tonbridge, England, TN10 4JG","hours":{"_text":"10am-2pm "},"title":"Tonbridge Methodist Church","url":"https://www.tonbridgemethodistchurch.org.uk"},"type":"Feature"},
		{"geometry":{"coordinates":[0.23847,51.21749],"type":"Point"},"properties":{"_source":"warm_spaces","address":"St John&#39;s Church Centre, Foxbush, Hildenborough, Tonbridge, England, TN11 9HT","hours":{"_text":"Thursdays 9am-2pm","opening":"Th 09:00-14:00"},"title":"St John's Church Hildenborough","url":"https://www.stjohnshildenborough.co.uk"},"type":"Feature"},
		{"geometry":{"coordinates":[0.00010,51.25780],"type":"Point"},"properties":{"_source":"surrey_county_council_warm_hubs","address":"12 Gresham Rd, Oxted RH8 0BQ","hours":{"_text":"Thursday:\t9:30am–5pm, Friday: \t9:30am–5pm, Saturday:\t9:30am–5pm, Sunday:\tClosed, Monday:\tClosed, Tuesday: \t9:30am–5pm, Wednesday: \t9:30am–5pm","opening":"Th 09:30-17:00; Fr 09:30-17:00; Sa 09:30-17:00; Tu 09:30-17:00; We 09:30-17:00"},"title":"Oxted Lib "},"type":"Feature"},
		{"geometry":{"coordinates":[0.00283,51.24336],"type":"Point"},"properties":{"_source":"surrey_county_council_warm_hubs","address":"Green Hurst Lane, The Green, Hurst Green, RH8 9DU","hours":{"_text":"Thursdays 13:00 - 15:00","opening":"Th 13:00-15:00"},"title":"St Agatha's Hall"},"type":"Feature"}
	]
}
