{
	"type": "FeatureCollection",
	"features": [
		{"geometry":{"coordinates":[-2.92626,53.20836],"type":"Point"},"properties":{"_source":"warm_welcome","address":"Parade Enterprise Centre, 14 the Parade, Blacon, Chester CH1 5HN","hours":{"_text":"Monday: 9:00 - 17:00, Tuesday: 9:00 - 17:00, Wednesday: 9:00 - 17:00, Thursday: 9:00 - 18:00, Friday: 9:00 - 17:00, Saturday: 9:30 - 13:00","opening":"Mo 09:00-17:00; Tu 09:00-17:00; We 09:00-17:00; Th 09:00-18:00; Fr 09:00-17:00; Sa 09:30-13:00"},"title":"Blacon Library"},"type":"Feature"},
		{"geometry":{"coordinates":[-2.89289,53.26584],"type":"Point"},"properties":{"_source":"warm_welcome","address":"Ellesmere Port Sports Village, Stanney Lane, Ellesmere Port, Cheshire CH65 9LB","hours":{"_text":"Monday: 06:30 - 22:00, Tuesday: 06:30 - 22:00, Wednesday: 06:30 - 22:00, Thursday: 06:30 - 22:00, Friday: 06:30 - 22:00, Saturday: 08:00 - 20:00, Sunday: 08:00 - 20:00","opening":"Mo 06:30-22:00; Tu 06:30-22:00; We 06:30-22:00; Th 06:30-22:00; Fr 06:30-22:00; Sa 08:00-20:00; Su 08:00-20:00"},"title":"Brio Leisure - EPSV"},"type":"Feature"},
		{"geometry":{"coordinates":[-2.91433,53.17339],"type":"Point"},"properties":{"_source":"warm_welcome","address":"Hawthorn Road, Chester, Cheshire CH4 8HX","title":"Cheshire West and Chester Council"},"type":"Feature"},
		{"geometry":{"coordinates":[-2.91287,53.20679],"type":"Point"},"properties":{"_source":"warm_welcome","address":"King George V Sports Hub, Blacon, Chester, Cheshire CH1 5BD","description":"Open from 30/11/2022.","hours":{"_text":"Wednesday: 12:30 - 14:30","opening":"We 12:30-14:30"},"title":"Chester FC Community Trust"},"type":"Feature"},
		{"geometry":{"coordinates":[-2.88799,53.19701],"type":"Point"},"properties":{"_source":"warm_welcome","address":"Christ Church Mission House, 31 Church Street, Chester CH1 3JD","description":"Open from 07-11-2022. Free tea, coffee, toast and biscuits. Conversation for those who want it and quiet/work spaces for those who don't! We have a selection of games/jigsaws/newspapers, and occasional additional activities.","hours":{"_text":"Monday: 10:00 - 14:00","opening":"Mo 10:00-14:00"},"title":"Christ Church Chester"},"type":"Feature"},
		{"geometry":{"coordinates":[-2.88738,53.20456],"type":"Point"},"properties":{"_source":"warm_welcome","address":"Dicksons Drive, Newton, Chester CH2 2BH","description":"Our Warm space is part of the Meeting Place Café","hours":{"_text":"Thursday: 13:00 - 15:00, Friday: 10:00 - 12:00","opening":"Th 13:00-15:00; Fr 10:00-12:00"},"title":"Crossroads Community Hub"},"type":"Feature"},
		{"geometry":{"coordinates":[-2.89434,53.19084],"type":"Point"},"properties":{"_source":"warm_welcome","address":"Dial House, Hamilton Place, Chester, Cheshire CH1 2BH","description":"Our Community Cafe is open to all (although we focus on disabled people and older people). Free tea and coffee is available, plus board games, puzzles and information about support available to help with the cost of living crisis","hours":{"_text":"Monday: 10:00 - 14:30, Tuesday: 10:00 - 14:30, Thursday: 10:00 - 14:30, Friday: 10:00 - 14:30","opening":"Mo 10:00-14:30; Tu 10:00-14:30; Th 10:00-14:30; Fr 10:00-14:30"},"title":"Dial West Cheshire (Dial House)"},"type":"Feature"},
		{"geometry":{"coordinates":[-2.90192,53.27673],"type":"Point"},"properties":{"_source":"warm_welcome","address":"Civic Way, Ellesmere Port, Cheshire CH65 0BG","description":"Public computers","hours":{"_text":"Monday: 9:00 - 19:00, Tuesday: 9:00 - 17:00, Wednesday: 9:00 - 17:00, Thursday: 9:00 - 19:00, Friday: 9:00 - 19:00, Saturday: 9:00 - 13:00","opening":"Mo 09:00-19:00; Tu 09:00-17:00; We 09:00-17:00; Th 09:00-19:00; Fr 09:00-19:00; Sa 09:00-13:00"},"title":"Ellesmere Port Library"},"type":"Feature"},
		{"geometry":{"coordinates":[-2.90637,53.27645],"type":"Point"},"properties":{"_source":"warm_welcome","address":"St. Thomas & All Saints Church, Whitby Road, CH65 6UW, Whitby, Ellesmere Port, England CH66 2UL","hours":{"_text":"Monday: 15:15 - 17:15","opening":"Mo 15:15-17:15"},"title":"Ellesmere Port Parish"},"type":"Feature"},
		{"geometry":{"coordinates":[-2.81822,53.27190],"type":"Point"},"properties":{"_source":"warm_welcome","address":"School Lane, Elton, Cheshire CH2 4PU","hours":{"_text":"Tuesday: 08:30 - 13:30, Wednesday: 08:30 - 13:30, Thursday: 08:30 - 13:30, Friday: 08:30 - 13:30, Saturday: 10:00 - 13:00","opening":"Tu 08:30-13:30; We 08:30-13:30; Th 08:30-13:30; Fr 08:30-13:30; Sa 10:00-13:00"},"title":"Elton Community Centre"},"type":"Feature"},
		{"geometry":{"coordinates":[-2.89578,53.19204],"type":"Point"},"properties":{"_source":"warm_welcome","address":"6 Hunters Street, Chester, Cheshire CH1 2AR","hours":{"_text":"Wednesday: 9:30 - 14:00","opening":"We 09:30-14:00"},"title":"Freedom church Chester"},"type":"Feature"},
		{"geometry":{"coordinates":[-3.00204,53.25024],"type":"Point"},"properties":{"_source":"warm_welcome","address":"Chapel House Lodge, Puddington, Cheshire CH64 5SW","description":"Our main business aims are to make life better for everyone but especially those affected by memory loss and who feel isolated. We do not play music in our cafes to reduce noise levels. We are dog friendly for anyone wanting to bring their four legged fr We are a calm and welcoming community cafe open to the public. This two hour session every Friday is run by one of our young volunteers and there are games available to play for those wanting to join in.","hours":{"_text":"Friday: 10:00 - 12:00","opening":"Fr 10:00-12:00"},"title":"GIFT Cafe, Puddington"},"type":"Feature"},
		{"geometry":{"coordinates":[-2.85445,53.19733],"type":"Point"},"properties":{"_source":"warm_welcome","address":"Great Boughton Library, 74 Green Lane, Vicars Cross Chester CH3 5LB","hours":{"_text":"Monday: 09:30 - 13:00 / 14:00 - 19:00, Tuesday: 09:30 - 13:00 / 14:00 - 17:00, Wednesday: 09:30 - 13:00 / 14:00 - 17:00, Thursday: 09:30 - 13:00 / 14:00 - 19:00, Friday: 09:30 - 13:00 / 14:00 - 17:00, Saturday: 09:30 - 13:00","opening":"Mo 09:30-13:00,14:00-19:00; Tu 09:30-13:00,14:00-17:00; We 09:30-13:00,14:00-17:00; Th 09:30-13:00,14:00-19:00; Fr 09:30-13:00,14:00-17:00; Sa 09:30-13:00"},"title":"Great Boughton Library"},"type":"Feature"},
		{"geometry":{"coordinates":[-3.10049,53.32885],"type":"Point"},"properties":{"_source":"warm_welcome","address":"199 Telegraph Road, Heswall, Wirral CH60 7SE","description":"Open from 03/11/2022.","hours":{"_text":"Wednesday: 14:00 - 17:00","opening":"We 14:00-17:00"},"title":"Heswall United Reformed Church"},"type":"Feature"},
		{"geometry":{"coordinates":[-2.92631,53.20910],"type":"Point"},"properties":{"_source":"warm_welcome","address":"50 Norris Road, Chester, Cheshire CH1 5DZ","description":"Open from 17/10/22.","hours":{"_text":"Tuesday: 10:00 - 16:00, Wednesday: 10:00 - 12:00, Thursday: 11:45 - 17:00, Sunday: 13:00 - 18:00","opening":"Tu 10:00-16:00; We 10:00-12:00; Th 11:45-17:00; Su 13:00-18:00"},"title":"Holy Trinity Church"},"type":"Feature"},
		{"geometry":{"coordinates":[-2.87436,53.19880],"type":"Point"},"properties":{"_source":"warm_welcome","address":"Hoole Lighthouse Centre, Westminster Rd Hoole, Chester, Cheshire CH2 3AU","description":"We are Renew Wellbeing Cafe","hours":{"_text":"Monday: 10:30 - 12:30","opening":"Mo 10:30-12:30"},"title":"Hoole Baptist Church"},"type":"Feature"},
		{"geometry":{"coordinates":[-2.87411,53.19775],"type":"Point"},"properties":{"_source":"warm_welcome","address":"Westminster Road, Hoole, Chester CH2 3AP","description":"Our library is open 2-4pm on Monday, Tuesday and Thursdays. It's a lovely warm place to sit and read with access to free wifi and also library computers. We also run a free table tennis social club on Friday 1.30-3.30. Free tea and coffee available on Fri.","hours":{"_text":"Monday: 14:00 - 16:00, Tuesday: 14:00 - 16:00, Thursday: 14:00 - 16:00, Friday: 13:30 - 15:30","opening":"Mo 14:00-16:00; Tu 14:00-16:00; Th 14:00-16:00; Fr 13:30-15:30"},"title":"Hoole Community Centre"},"type":"Feature"},
		{"geometry":{"coordinates":[-2.87396,53.19984],"type":"Point"},"properties":{"_source":"warm_welcome","address":"Hamilton Street , Hoole, Chester CH2 3JG","description":"Open from 07/09/2022. Our church hall is open every Wednesday afternoon from 2pm. Hot drinks and biscuits. Activities available such as scrabble, chess, draughts, colouring, bring your knitting or knit a square. Newspapers available.","hours":{"_text":"Wednesday: 14:00 - 16:00","opening":"We 14:00-16:00"},"title":"Hoole Methodist Church"},"type":"Feature"},
		{"geometry":{"coordinates":[-2.92078,53.26607],"type":"Point"},"properties":{"_source":"warm_welcome","address":"Bridge Meadow, Ellesmere Port, Cheshire CH66 2LE","hours":{"_text":"Monday: 14:00 - 19:00, Tuesday: 10:00 - 17:00, Thursday: 14:00 - 19:00, Friday: 10:00 - 17:00, Saturday: 9:30 - 13:00","opening":"Mo 14:00-19:00; Tu 10:00-17:00; Th 14:00-19:00; Fr 10:00-17:00; Sa 09:30-13:00"},"title":"Hope farm Library"},"type":"Feature"},
		{"geometry":{"coordinates":[-2.91148,53.17664],"type":"Point"},"properties":{"_source":"warm_welcome","address":"Lache Park Avenue, Lache, Chester CH4 8HR","hours":{"_text":"Monday: 09:30 - 13:00 / 14:00 - 19:00, Tuesday: 09:30 - 13:00 / 14:00 - 17:00, Thursday: 9:30 - 13:00 / 14:00 - 19:00, Friday: 9:30 - 13:00 / 14:00 - 17:00, Saturday: 9:30 - 13:00","opening":"Mo 09:30-13:00,14:00-19:00; Tu 09:30-13:00,14:00-17:00; Th 09:30-13:00,14:00-19:00; Fr 09:30-13:00,14:00-17:00; Sa 09:30-13:00"},"title":"Lache Library"},"type":"Feature"},
		{"geometry":{"coordinates":[-2.94905,53.28795],"type":"Point"},"properties":{"_source":"warm_welcome","address":"Chester Road, Little Sutton, Ellesmere Port CH66 1QQ","hours":{"_text":"Monday: 10:00 - 13:00 / 14:00 - 17:00, Tuesday: 13:00 - 19:00, Thursday: 10:00 - 13:00 / 14:00 - 17:00, Friday: 13:00 - 19:00, Saturday: 9:30 - 13:00","opening":"Mo 10:00-13:00,14:00-17:00; Tu 13:00-19:00; Th 10:00-13:00,14:00-17:00; Fr 13:00-19:00; Sa 09:30-13:00"},"title":"Little Sutton Library"},"type":"Feature"},
		{"geometry":{"coordinates":[-3.02005,53.19450],"type":"Point"},"properties":{"_source":"warm_welcome","address":"2 Ash Lane, Mancot , Flintshire CH52BR","hours":{"_text":"Wednesday: 09:00 - 12:00 / 15:00 - 17:00, Sunday: 10:00 - 12:00","opening":"We 09:00-12:00,15:00-17:00; Su 10:00-12:00"},"title":"Mancot Presbyterian Church"},"type":"Feature"},
		{"geometry":{"coordinates":[-2.93460,53.20017],"type":"Point"},"properties":{"_source":"warm_welcome","address":"Nevin Road, Blacon, Chester, Cheshire CH1 5RS","hours":{"_text":"Tuesday: 13:30 - 15:30, Friday: 10:00 - 12:00","opening":"Tu 13:30-15:30; Fr 10:00-12:00"},"title":"Matthew Henry Evangelical Church"},"type":"Feature"},
		{"geometry":{"coordinates":[-2.92158,53.29137],"type":"Point"},"properties":{"_source":"warm_welcome","address":"Mayfields, Naylor Crescent, Ellesmere Port, Cheshire CH66 1TP","description":"People aged 55 and over","hours":{"_text":"Tuesday: 10:00 - 13:00, Wednesday: 10:00 - 13:00","opening":"Tu 10:00-13:00; We 10:00-13:00"},"title":"MHA Communities Cheshire West"},"type":"Feature"},
		{"geometry":{"coordinates":[-3.07073,53.29111],"type":"Point"},"properties":{"_source":"warm_welcome","address":"Parkgate Road, Neston, Cheshire West CH64 6QE","hours":{"_text":"Monday: 09:00 - 17:00, Tuesday: 09:00 - 19:00, Wednesday: 09:00 - 17:00, Thursday: 09:00 - 17:00, Friday: 09:00 - 19:00, Saturday: 09:30 - 13:00","opening":"Mo 09:00-17:00; Tu 09:00-19:00; We 09:00-17:00; Th 09:00-17:00; Fr 09:00-19:00; Sa 09:30-13:00"},"title":"Neston Library"},"type":"Feature"},
		{"geometry":{"coordinates":[-3.06414,53.29060],"type":"Point"},"properties":{"_source":"warm_welcome","address":"Neston Town Hall, High Street, Neston, South Wirral CH64 9TR","description":"Open from 31.1.2023. A warm welcome space with a free 'book swap library'. We have comfy seating area and a small area for anyone wishing to work or study while using our space.","hours":{"_text":"Tuesday: 09:00 - 12:00, Thursday: 09:00 - 12:00","opening":"Tu 09:00-12:00; Th 09:00-12:00"},"title":"Neston Town Council"},"type":"Feature"},
		{"geometry":{"coordinates":[-3.00756,53.29185],"type":"Point"},"properties":{"_source":"warm_welcome","address":"Pollards Inn, Village Square, Willaston, Neston, Cheshire CH64 2TU","description":"Our focus is adult and elderly people as this is a quiet country pub. Warm Space is available at Pollards to anyone who wishes to have a drink or some food with us, use our wifi and work or just hang out.","hours":{"_text":"Tuesday: 12:00 - 22:00, Wednesday: 12:00 - 22:00, Thursday: 12:00 - 22:00, Friday: 12:00 - 22:00, Saturday: 12:00 - 22:00, Sunday: 12:00 - 22:00","opening":"Tu 12:00-22:00; We 12:00-22:00; Th 12:00-22:00; Fr 12:00-22:00; Sa 12:00-22:00; Su 12:00-22:00"},"title":"POLLARDS INN"},"type":"Feature"},
		{"geometry":{"coordinates":[-3.03968,53.21242],"type":"Point"},"properties":{"_source":"warm_welcome","address":"10-12 Chester Road West, Shotton, DEESIDE, Flintshire CH5 1BX","hours":{"_text":"Monday: 09:30 - 12:00, Wednesday: 09:30 - 12:00, Friday: 09:30 - 12:00","opening":"Mo 09:30-12:00; We 09:30-12:00; Fr 09:30-12:00"},"title":"RIVERTOWN United Reformed Church"},"type":"Feature"},
		{"geometry":{"coordinates":[-2.87226,53.19165],"type":"Point"},"properties":{"_source":"warm_welcome","address":"Campbell Hall Community Centre, Chester, Cheshire CH3 5BR","description":"We cater for those who are homeless or who are in need of support, a hot meal. toiletries and clothing.","hours":{"_text":"Saturday: 17:00 - 18:00","opening":"Sa 17:00-18:00"},"title":"Soul Kitchen Chester"},"type":"Feature"},
		{"geometry":{"coordinates":[-2.91632,53.17812],"type":"Point"},"properties":{"_source":"warm_welcome","address":"St Marks Road, Saltney, Chester CH4 8DE","description":"Open from Jan 2023. All are welcome. Free refreshments.","hours":{"_text":"Wednesday: 9:00 - 12:30","opening":"We 09:00-12:30"},"title":"St Mark's Church Saltney"},"type":"Feature"},
		{"geometry":{"coordinates":[-2.89334,53.19015],"type":"Point"},"properties":{"_source":"warm_welcome","address":"St Peter's Church, Watergate Street, Chester CH1 2LA","hours":{"_text":"Tuesday: 11:00 - 16:00, Wednesday: 11:00 - 16:00, Thursday: 11:00 - 16:00, Friday: 11:00 - 16:00, Saturday: 11:00 - 16:00, Sunday: 09:15 - 11:30","opening":"Tu 11:00-16:00; We 11:00-16:00; Th 11:00-16:00; Fr 11:00-16:00; Sa 11:00-16:00; Su 09:15-11:30"},"title":"St Peter's Church"},"type":"Feature"},
		{"geometry":{"coordinates":[-2.86659,53.17629],"type":"Point"},"properties":{"_source":"warm_welcome","address":"St. Luke's Church, Chester Road, Huntington, Chester CH3 6BT","description":"Tues-Sat is our cafe, the Sunday times are our service (plus coffee afterwards). You are welcome to use the cafe but not buy or, if you prefer, ask for \"a tea for Henry\" and it'll be on the house. Cafe closed for 2 weeks over Christmas and New Year.","hours":{"_text":"Tuesday: 10:00 - 12:00, Wednesday: 10:00 - 12:00, Thursday: 10:00 - 14:00, Friday: 10:00 - 14:00, Saturday: 10:00 - 13:00, Sunday: 10:00 - 12:00","opening":"Tu 10:00-12:00; We 10:00-12:00; Th 10:00-14:00; Fr 10:00-14:00; Sa 10:00-13:00; Su 10:00-12:00"},"title":"St. Luke's Church"},"type":"Feature"},
		{"geometry":{"coordinates":[-2.89532,53.19202],"type":"Point"},"properties":{"_source":"warm_welcome","address":"Hunter Street, Chester CH1 2AR","description":"We cater for the whole community - this house is your house. There are book clubs, writing groups, craft sessions, support groups, English conversation sessions, help with technology, free activities for children and young people, and much more. Storyhouse is a cultural hub in the centre of Chester with two theatres, a cinema, library, and restaurant. There is study space, free WiFi access, and community groups to join. We can also signpost you to other support services you might need.","hours":{"_text":"Monday: 8:00 - 23:00, Tuesday: 8:00 - 23:00, Wednesday: 8:00 - 23:00, Thursday: 8:00 - 23:00, Friday: 8:00 - 23:00, Saturday: 8:00 - 23:00, Sunday: 9:30 - 23:00","opening":"Mo 08:00-23:00; Tu 08:00-23:00; We 08:00-23:00; Th 08:00-23:00; Fr 08:00-23:00; Sa 08:00-23:00; Su 09:30-23:00"},"title":"Storyhouse"},"type":"Feature"},
		{"geometry":{"coordinates":[-2.90224,53.27840],"type":"Point"},"properties":{"_source":"warm_welcome","address":"Whitby Road, Ellesmere Port, Cheshire CH65 0AB","description":"Open from 4th November 2022. There are a number of additional activities available in the week","hours":{"_text":"Monday: 10:00 - 13:00, Tuesday: 10:00 - 13:00, Thursday: 10:00 - 13:00, Friday: 10:00 - 13:00","opening":"Mo 10:00-13:00; Tu 10:00-13:00; Th 10:00-13:00; Fr 10:00-13:00"},"title":"Trinity Methodist church"},"type":"Feature"},
		{"geometry":{"coordinates":[-2.88226,53.22016],"type":"Point"},"properties":{"_source":"warm_welcome","address":"Flag Lane South, Upton, Chester, Cheshire CH2 1LB","description":"Open from 17 November 2022. Free hot drinks, biscuits and snacks. Soup and sandwiches. A place to be quiet or have a chat with others.","hours":{"_text":"Thursday: 10:00 - 13:00","opening":"Th 10:00-13:00"},"title":"Upton Baptist Church, Chester"},"type":"Feature"},
		{"geometry":{"coordinates":[-2.88449,53.21348],"type":"Point"},"properties":{"_source":"warm_welcome","address":"Wealstone Lane, Upton, Chester CH2 1HB","hours":{"_text":"Monday: 09:30 - 13:00 / 14:00 - 17:00, Tuesday: 09:30 - 13:00 / 14:00 - 19:00, Wednesday: 09:30 - 13:00 / 14:00 - 17:00, Thursday: 09:30 - 13:00 / 14:00 - 17:00, Friday: 09:30 - 13:00 / 14:00 - 19:00, Saturday: 09:30 - 13:00","opening":"Mo 09:30-13:00,14:00-17:00; Tu 09:30-13:00,14:00-19:00; We 09:30-13:00,14:00-17:00; Th 09:30-13:00,14:00-17:00; Fr 09:30-13:00,14:00-19:00; Sa 09:30-13:00"},"title":"Upton Library"},"type":"Feature"},
		{"geometry":{"coordinates":[-2.88791,53.19016],"type":"Point"},"properties":{"_source":"warm_welcome","address":"St John Street, Chester CH1 1DA","description":"Our Centre is open from 10am to 2pm from Tuesdays to Saturdays. We have a cafe which sells food and drinks; but all are welcome to come into the building without buying anything.","hours":{"_text":"Tuesday: 10:00 - 14:30, Wednesday: 10:00 - 14:00, Thursday: 10:00 - 14:00, Friday: 10:00 - 14:00, Saturday: 10:00 - 14:00, Sunday: 10:30 - 12:00","opening":"Tu 10:00-14:30; We 10:00-14:00; Th 10:00-14:00; Fr 10:00-14:00; Sa 10:00-14:00; Su 10:30-12:00"},"title":"Wesley Church Cetnre"},"type":"Feature"},
		{"geometry":{"coordinates":[-2.90227,53.27880],"type":"Point"},"properties":{"_source":"warm_spaces","address":"Whitby Road, Ellesmere Port, England, CH65 0AT, United Kingdom","description":"Free Food/Drink, Free Wi-Fi, People to chat to, Pay It Forward Scheme, Space to work, Food/Drink for sale, Wheelchair Accessible, Toilets, Accessible Toilet, Parking, Child Friendly","hours":{"_text":"Mon, Tues, Thurs and Friday 9.30am-1pm. Dedicated warm space in Fridays with free food, crafts and activities","opening":"Mo 09:30-13:00; Tu 09:30-13:00; Th 09:30-13:00; Fr 09:30-13:00"},"title":"Trinity Methodist Church, Ellesmere Port","url":"http://www.trinityellesmereport.org.uk"},"type":"Feature"},
		{"geometry":{"coordinates":[-2.87295,53.20671],"type":"Point"},"properties":{"_source":"warm_spaces","address":"Kingsway, Chester, England, CH2 2LH, United Kingdom","description":"Free Food/Drink, Advice, People to chat to, Wheelchair Accessible, Toilets, Accessible Toilet, Parking, Child Friendly","hours":{"_text":"Thursday 10am-1pm","opening":"Th 10:00-13:00"},"title":"Kingsway Chapel","url":"https://www.kingswaychapel.org.uk"},"type":"Feature"},
		{"geometry":{"coordinates":[-3.09744,53.32798],"type":"Point"},"properties":{"_source":"warm_spaces","address":"198 Telegraph Road, Wirral, England, CH60 0AJ, United Kingdom","description":"Free Food/Drink, Free Wi-Fi, Device Charging, People to chat to, Toilets, Accessible Toilet, Parking","hours":{"_text":"Wednesday 2pm-5pm","opening":"We 14:00-17:00"},"title":"Heswall URC Warm Hub","url":"https://www.heswallurc.org.uk"},"type":"Feature"},
		{"geometry":{"coordinates":[-3.07961,53.16735],"type":"Point"},"properties":{"_source":"warm_spaces","address":"Old Buckley Library, Mold Rd, Buckley, Wales, CH7 2JB, United Kingdom","description":"Free Food/Drink, Device Charging, Advice, People to chat to, Space to work, Toilets, Child Friendly","hours":{"_text":"Tuesday 9.30am-12pm","opening":"Tu 09:30-12:00"},"title":"Buckley Warm Space"},"type":"Feature"},
		{"geometry":{"coordinates":[-2.88758,53.19721],"type":"Point"},"properties":{"_source":"warm_spaces","address":"31 Church Street, Chester, England, CH1 3JD, United Kingdom","description":"Free Food/Drink, Free Wi-Fi, Device Charging, People to chat to, Space to work, Wheelchair Accessible, Toilets, Accessible Toilet, Child Friendly","hours":{"_text":"Mondays, 10am-2pm","opening":"Mo 10:00-14:00"},"title":"Christ Church Mission House","url":"https://www.christchurchchester.com"},"type":"Feature"},
		{"geometry":{"coordinates":[-3.00790,53.29150],"type":"Point"},"properties":{"_source":"warm_spaces","address":"Village Square, Willaston Village, Neston, England, CH64 2TU, United Kingdom","description":"Free Wi-Fi, People to chat to, Space to work, Food/Drink for sale, Wheelchair Accessible, Toilets, Parking, Child Friendly","hours":{"_text":"Tuesday to Sunday 12pm-10pm","opening":"Tu-Su 12:00-22:00"},"title":"Pollards Inn","url":"https://www.pollardsinn.Co.uk"},"type":"Feature"},
		{"geometry":{"coordinates":[-2.98566,53.16650],"type":"Point"},"properties":{"_source":"cyngor_gwynedd","address":"Broughton Hall Road, Flintshire, CH4 0QQ","contact":"Tel: ; Email:","description":"Cyfeiriad: Broughton Hall Road, Flintshire Côd Post: CH4 0QQ Rhif Ffôn: E-bost: Dyddiau ac Oriau agor: Monday 09:00 - 13:00 & 14:00 - 17:00 Wednesday 09:00 - 13:00 & 14:00 - 17:00 Thursday 14:00 - 18:00 Friday 14:00 - 17:00 Saturday 09:00 - 13:00 Beth fydd ar gael yn rhan o’ch “Croeso Cynnes”?: Defnydd o stafell gynnes / The use of a warm room, Paned / Warm Beverage Unrhyw fanylion pellach?:","hours":{"_text":"Monday 09:00 - 13:00 & 14:00 - 17:00\nWednesday 09:00 - 13:00 & 14:00 - 17:00\nThursday 14:00 - 18:00\nFriday 14:00 - 17:00\nSaturday 09:00 - 13:00","opening":"Mo 09:00-13:00,14:00-17:00; We 09:00-13:00,14:00-17:00; Th 14:00-18:00; Fr 14:00-17:00; Sa 09:00-13:00"},"loc_pcd":true,"title":"Aura Libraries - Broughton"},"type":"Feature"},
		{"geometry":{"coordinates":[-3.07885,53.16795],"type":"Point"},"properties":{"_source":"cyngor_gwynedd","address":"The Precinct, Brunswick Road, Buckley, Flintshire, CH7 2EF","contact":"Tel: ; Email:","description":"Cyfeiriad: The Precinct, Brunswick Road, Buckley, Flintshire Côd Post: CH7 2EF Rhif Ffôn: E-bost: Dyddiau ac Oriau agor: Monday 09:00 - 17:00 Tuesday 09:00 - 18:00 Wednesday 09:00 - 17:00 Thursday 09:00 - 18:00 Friday 09:00 - 17:00 Saturday 09:00 - 13:00 Beth fydd ar gael yn rhan o’ch “Croeso Cynnes”?: Defnydd o stafell gynnes / The use of a warm room, Paned / Warm Beverage Unrhyw fanylion pellach?:","hours":{"_text":"Monday 09:00 - 17:00\nTuesday 09:00 - 18:00\nWednesday 09:00 - 17:00\nThursday 09:00 - 18:00\nFriday 09:00 - 17:00\nSaturday 09:00 - 13:00","opening":"Mo 09:00-17:00; Tu 09:00-18:00; We 09:00-17:00; Th 09:00-18:00; Fr 09:00-17:00; Sa 09:00-13:00"},"loc_pcd":true,"title":"Aura Libraries - Buckley"},"type":"Feature"},
		{"geometry":{"coordinates":[-3.04815,53.21363],"type":"Point"},"properties":{"_source":"cyngor_gwynedd","address":"Wepre Drive, Connah's Quay, Flintshire, CH5 4HA","contact":"Tel: ; Email:","description":"Cyfeiriad: Wepre Drive, Connah's Quay, Flintshire Côd Post: CH5 4HA Rhif Ffôn: E-bost: Dyddiau ac Oriau agor: Monday 09:00 - 18:00 Tuesday 09:00 - 18:00 Wednesday 09:00 - 17:00 Thursday 09:00 - 17:00 Friday 09:00 - 17:00 Saturday 09:00 - 13:00 Beth fydd ar gael yn rhan o’ch “Croeso Cynnes”?: Defnydd o stafell gynnes / The use of a warm room, Paned / Warm Beverage Unrhyw fanylion pellach?:","hours":{"_text":"Monday 09:00 - 18:00\nTuesday 09:00 - 18:00\nWednesday 09:00 - 17:00\nThursday 09:00 - 17:00\nFriday 09:00 - 17:00\nSaturday 09:00 - 13:00","opening":"Mo 09:00-18:00; Tu 09:00-18:00; We 09:00-17:00; Th 09:00-17:00; Fr 09:00-17:00; Sa 09:00-13:00"},"loc_pcd":true,"title":"Aura Libraries - Connahs Quay"},"type":"Feature"},
		{"geometry":{"coordinates":[-3.02623,53.20648],"type":"Point"},"properties":{"_source":"cyngor_gwynedd","address":"Deeside Leisure Centre, Chester Road West, Queensferry, Flintshire, CH5 1SA","contact":"Tel: ; Email:","description":"Cyfeiriad: Deeside Leisure Centre, Chester Road West, Queensferry, Flintshire Côd Post: CH5 1SA Rhif Ffôn: E-bost: Dyddiau ac Oriau agor: Monday 09:00 - 17:00 Tuesday 09:00 - 17:00 Wednesday 09:00 - 17:00 Thursday 09:00 - 17:00 Friday 09:00 - 17:00 Saturday 09:00 - 13:30 Beth fydd ar gael yn rhan o’ch “Croeso Cynnes”?: Defnydd o stafell gynnes / The use of a warm room, Paned / Warm Beverage Unrhyw fanylion pellach?:","hours":{"_text":"Monday 09:00 - 17:00\nTuesday 09:00 - 17:00\nWednesday 09:00 - 17:00\nThursday 09:00 - 17:00\nFriday 09:00 - 17:00\nSaturday 09:00 - 13:30","opening":"Mo 09:00-17:00; Tu 09:00-17:00; We 09:00-17:00; Th 09:00-17:00; Fr 09:00-17:00; Sa 09:00-13:30"},"loc_pcd":true,"title":"Aura Libraries - Deeside"},"type":"Feature"},
		{"geometry":{"coordinates":[-3.13666,53.24853],"type":"Point"},"properties":{"_source":"cyngor_gwynedd","address":"Church Street, Flint, Flintshire, CH6 5AP","contact":"Tel: ; Email:","description":"Cyfeiriad: Church Street, Flint, Flintshire Côd Post: CH6 5AP Rhif Ffôn: E-bost: Dyddiau ac Oriau agor: Monday 09:00 - 17:00 Tuesday 09:00 - 18:00 Wednesday 09:00 - 17:00 Thursday 09:00 - 18:00 Friday 09:00 - 17:00 Saturday 09:00 - 13:00 Beth fydd ar gael yn rhan o’ch “Croeso Cynnes”?: Defnydd o stafell gynnes / The use of a warm room, Paned / Warm Beverage Unrhyw fanylion pellach?:","hours":{"_text":"Monday 09:00 - 17:00\nTuesday 09:00 - 18:00\nWednesday 09:00 - 17:00\nThursday 09:00 - 18:00\nFriday 09:00 - 17:00\nSaturday 09:00 - 13:00","opening":"Mo 09:00-17:00; Tu 09:00-18:00; We 09:00-17:00; Th 09:00-18:00; Fr 09:00-17:00; Sa 09:00-13:00"},"loc_pcd":true,"title":"Aura Libraries - Flint"},"type":"Feature"},
		{"geometry":{"coordinates":[-3.14881,53.16831],"type":"Point"},"properties":{"_source":"cyngor_gwynedd","address":"Ash Grove, Mold, Flintshire, CH7 1TB","contact":"Tel: ; Email:","description":"Cyfeiriad: Ash Grove, Mold, Flintshire Côd Post: CH7 1TB Rhif Ffôn: E-bost: Dyddiau ac Oriau agor: Monday 09:00 - 11:30 Thursday 09:00 - 11:30 Beth fydd ar gael yn rhan o’ch “Croeso Cynnes”?: Defnydd o stafell gynnes / The use of a warm room, Paned / Warm Beverage Unrhyw fanylion pellach?:","hours":{"_text":"Monday 09:00 - 11:30\nThursday 09:00 - 11:30","opening":"Mo 09:00-11:30; Th 09:00-11:30"},"loc_pcd":true,"title":"Parkfields Community Cafe"},"type":"Feature"},
		{"geometry":{"coordinates":[-3.03949,53.21207],"type":"Point"},"properties":{"_source":"cyngor_gwynedd","address":"High Street, Chester Road West, Shotton, Flintshire, CH5 1BX","contact":"Tel: ; Email:","description":"Cyfeiriad: High Street, Chester Road West, Shotton, Flintshire Côd Post: CH5 1BX Rhif Ffôn: E-bost: Dyddiau ac Oriau agor: Monday 09:00 - 12:30 Wednesday 09:00 - 12:30 Friday 09:00 - 12:30 Beth fydd ar gael yn rhan o’ch “Croeso Cynnes”?: Defnydd o stafell gynnes / The use of a warm room, Paned / Warm Beverage Unrhyw fanylion pellach?:","hours":{"_text":"Monday 09:00 - 12:30\nWednesday 09:00 - 12:30\nFriday 09:00 - 12:30","opening":"Mo 09:00-12:30; We 09:00-12:30; Fr 09:00-12:30"},"loc_pcd":true,"title":"Rivertown Church"},"type":"Feature"},
		{"geometry":{"coordinates":[-3.03272,53.21468],"type":"Point"},"properties":{"_source":"cyngor_gwynedd","address":"Rowley's Drive, Shotton, Deeside, Flintshire, CH5 1PY","contact":"Tel: ; Email:","description":"Cyfeiriad: Rowley's Drive, Shotton, Deeside, Flintshire Côd Post: CH5 1PY Rhif Ffôn: E-bost: Dyddiau ac Oriau agor: Wednesday 09:30 - 16:00 Beth fydd ar gael yn rhan o’ch “Croeso Cynnes”?: Defnydd o stafell gynnes / The use of a warm room, Paned / Warm Beverage Unrhyw fanylion pellach?:","hours":{"_text":"Wednesday 09:30 - 16:00","opening":"We 09:30-16:00"},"loc_pcd":true,"title":"A Place for You (VC Hub)"},"type":"Feature"},
		{"geometry":{"coordinates":[-3.11843,53.17848],"type":"Point"},"properties":{"_source":"cyngor_gwynedd","address":"Moel Fammau Road, New Brighton, Flintshire, CH7 6QX","contact":"Tel: ; Email:","description":"Cyfeiriad: Moel Fammau Road, New Brighton, Flintshire Côd Post: CH7 6QX Rhif Ffôn: E-bost: Dyddiau ac Oriau agor: Wednesdays 12:00 - 14:45 & 15:30 - 16:30 Beth fydd ar gael yn rhan o’ch “Croeso Cynnes”?: Defnydd o stafell gynnes / The use of a warm room, Paned / Warm Beverage, Bwyd / Food Unrhyw fanylion pellach?:","hours":{"_text":"Wednesdays 12:00 - 14:45 & 15:30 - 16:30","opening":"We 12:00-14:45,15:30-16:30"},"loc_pcd":true,"title":"New Brighton Community Centre"},"type":"Feature"},
		{"geometry":{"coordinates":[-3.08098,53.16690],"type":"Point"},"properties":{"_source":"cyngor_gwynedd","address":"Buckley Cross Methodist Church, CH7 2JL","contact":"Tel: ; Email:","description":"Cyfeiriad: Buckley Cross Methodist Church Côd Post: CH7 2JL Rhif Ffôn: E-bost: Dyddiau ac Oriau agor: Tuesdays 10:00 - 12:00 Beth fydd ar gael yn rhan o’ch “Croeso Cynnes”?: Defnydd o stafell gynnes / The use of a warm room, Paned / Warm Beverage, Gweithgareddau / Activities Unrhyw fanylion pellach?:","hours":{"_text":"Tuesdays 10:00 - 12:00","opening":"Tu 10:00-12:00"},"loc_pcd":true,"title":"Knit & Natter"},"type":"Feature"},
		{"geometry":{"coordinates":[-3.08263,53.16777],"type":"Point"},"properties":{"_source":"cyngor_gwynedd","address":"Buckley Cross Community Centre, Tabernacle Street, Flintshire, CH7 2JT","contact":"Tel: ; Email:","description":"Cyfeiriad: Buckley Cross Community Centre, Tabernacle Street, Flintshire Côd Post: CH7 2JT Rhif Ffôn: E-bost: Dyddiau ac Oriau agor: Tuesday 09:30 - 11:30 Beth fydd ar gael yn rhan o’ch “Croeso Cynnes”?: Defnydd o stafell gynnes / The use of a warm room, Paned / Warm Beverage Unrhyw fanylion pellach?:","hours":{"_text":"Tuesday 09:30 - 11:30","opening":"Tu 09:30-11:30"},"loc_pcd":true,"title":"Little Stars Baby & Toddler Group"},"type":"Feature"},
		{"geometry":{"coordinates":[-3.08263,53.16777],"type":"Point"},"properties":{"_source":"cyngor_gwynedd","address":"Buckley Cross Community Centre, Tabernacle Street, Buckley, Flintshire, CH7 2JT","contact":"Tel: ; Email:","description":"Cyfeiriad: Buckley Cross Community Centre, Tabernacle Street, Buckley, Flintshire Côd Post: CH7 2JT Rhif Ffôn: E-bost: Dyddiau ac Oriau agor: Wednesday 13:00 - 15:00 Beth fydd ar gael yn rhan o’ch “Croeso Cynnes”?: Defnydd o stafell gynnes / The use of a warm room, Paned / Warm Beverage Unrhyw fanylion pellach?:","hours":{"_text":"Wednesday 13:00 - 15:00","opening":"We 13:00-15:00"},"loc_pcd":true,"title":"Food Bank"},"type":"Feature"},
		{"geometry":{"coordinates":[-3.08263,53.16777],"type":"Point"},"properties":{"_source":"cyngor_gwynedd","address":"Tabernacle Street, Buckley, Flintshire, CH7 2JT","contact":"Tel: ; Email:","description":"Cyfeiriad: Tabernacle Street, Buckley, Flintshire Côd Post: CH7 2JT Rhif Ffôn: E-bost: Dyddiau ac Oriau agor: Fridays 09:30 - 11:30 (Community Coffee Morning) Fridays 14:00 - 16:00 (Cuppa, cake & chat) Beth fydd ar gael yn rhan o’ch “Croeso Cynnes”?: Defnydd o stafell gynnes / The use of a warm room, Paned / Warm Beverage Unrhyw fanylion pellach?:","hours":{"_text":"Fridays 09:30 - 11:30 (Community Coffee Morning)\nFridays 14:00 - 16:00 (Cuppa, cake & chat)","opening":"Fr 09:30-11:30; Fr 14:00-16:00"},"loc_pcd":true,"title":"Buckley Cross Community Centre"},"type":"Feature"},
		{"geometry":{"coordinates":[-2.98327,53.21402],"type":"Point"},"properties":{"_source":"cyngor_gwynedd","address":"Sealand, Flintshire, CH5 2LQ","contact":"Tel: ; Email:","description":"Cyfeiriad: Sealand, Flintshire Côd Post: CH5 2LQ Rhif Ffôn: E-bost: Dyddiau ac Oriau agor: Monday - Wednesday 10:00 - 16:00 Beth fydd ar gael yn rhan o’ch “Croeso Cynnes”?: Defnydd o stafell gynnes / The use of a warm room, Paned / Warm Beverage Unrhyw fanylion pellach?:","hours":{"_text":"Monday - Wednesday 10:00 - 16:00","opening":"Mo-We 10:00-16:00"},"loc_pcd":true,"title":"St Bartholemews Church"},"type":"Feature"},
		{"geometry":{"coordinates":[-3.14325,53.16671],"type":"Point"},"properties":{"_source":"cyngor_gwynedd","address":"Daniel Owen Square, Mold, Flintshire, CH7 1AP","contact":"Tel: ; Email:","description":"Cyfeiriad: Daniel Owen Square, Mold, Flintshire Côd Post: CH7 1AP Rhif Ffôn: E-bost: Dyddiau ac Oriau agor: Saturday 17th December 09:00 - 12:30 Beth fydd ar gael yn rhan o’ch “Croeso Cynnes”?: Defnydd o stafell gynnes / The use of a warm room, Paned / Warm Beverage Unrhyw fanylion pellach?:","hours":{"_text":"Saturday 17th December 09:00 - 12:30"},"loc_pcd":true,"title":"St David's Building"},"type":"Feature"},
		{"geometry":{"coordinates":[-3.02735,53.19417],"type":"Point"},"properties":{"_source":"cyngor_gwynedd","address":"1A Chestnut Grove, Hawarden, Flintshire, CH5 3HD","contact":"Tel: ; Email:","description":"Cyfeiriad: 1A Chestnut Grove, Hawarden, Flintshire Côd Post: CH5 3HD Rhif Ffôn: E-bost: Dyddiau ac Oriau agor: Wednesday 09:00 - 12:00 & 14:00 - 17:00 Beth fydd ar gael yn rhan o’ch “Croeso Cynnes”?: Defnydd o stafell gynnes / The use of a warm room, Paned / Warm Beverage, Bwyd / Food Unrhyw fanylion pellach?:","hours":{"_text":"Wednesday 09:00 - 12:00 & 14:00 - 17:00","opening":"We 09:00-12:00,14:00-17:00"},"loc_pcd":true,"title":"Mancot Presbyterian Church"},"type":"Feature"},
		{"geometry":{"coordinates":[-3.05551,53.21582],"type":"Point"},"properties":{"_source":"cyngor_gwynedd","address":"5 Glynne Street, Connahs Quay, Flintshire, CH5 4QQ","contact":"Tel: ; Email:","description":"Cyfeiriad: 5 Glynne Street, Connahs Quay, Flintshire Côd Post: CH5 4QQ Rhif Ffôn: E-bost: Dyddiau ac Oriau agor: Wednesday 10:00 - 15:00 Beth fydd ar gael yn rhan o’ch “Croeso Cynnes”?: Defnydd o stafell gynnes / The use of a warm room, Paned / Warm Beverage Unrhyw fanylion pellach?:","hours":{"_text":"Wednesday 10:00 - 15:00","opening":"We 10:00-15:00"},"loc_pcd":true,"title":"Connahs Quay Mix & Mingle"},"type":"Feature"},
		{"geometry":{"coordinates":[-3.06193,53.22106],"type":"Point"},"properties":{"_source":"cyngor_gwynedd","address":"Church Street, Connahs Quay, Flintshire, CH5 4AD","contact":"Tel: ; Email:","description":"Cyfeiriad: Church Street, Connahs Quay, Flintshire Côd Post: CH5 4AD Rhif Ffôn: E-bost: Dyddiau ac Oriau agor: Thursdays 11:00 - 14:00 Beth fydd ar gael yn rhan o’ch “Croeso Cynnes”?: Defnydd o stafell gynnes / The use of a warm room, Paned / Warm Beverage Unrhyw fanylion pellach?:","hours":{"_text":"Thursdays 11:00 - 14:00","opening":"Th 11:00-14:00"},"loc_pcd":true,"title":"St Marks Parish Centre"},"type":"Feature"},
		{"geometry":{"coordinates":[-3.03325,53.20920],"type":"Point"},"properties":{"_source":"cyngor_gwynedd","address":"Chester Road East, Shotton, Flintshire, CH5 1QD","contact":"Tel: ; Email:","description":"Cyfeiriad: Chester Road East, Shotton, Flintshire Côd Post: CH5 1QD Rhif Ffôn: E-bost: Dyddiau ac Oriau agor: Fridays 16:20 - 18:30 Beth fydd ar gael yn rhan o’ch “Croeso Cynnes”?: Defnydd o stafell gynnes / The use of a warm room, Paned / Warm Beverage Unrhyw fanylion pellach?:","hours":{"_text":"Fridays 16:20 - 18:30","opening":"Fr 16:20-18:30"},"loc_pcd":true,"title":"St Ethelwolds Church Hall"},"type":"Feature"},
		{"geometry":{"coordinates":[-2.92153,53.17934],"type":"Point"},"properties":{"_source":"cyngor_gwynedd","address":"Unit 4b, Saltney Business Centre, High Street, Flintshire , CH4 8SE","contact":"Tel: ; Email:","description":"Cyfeiriad: Unit 4b, Saltney Business Centre, High Street, Flintshire Côd Post: CH4 8SE Rhif Ffôn: E-bost: Dyddiau ac Oriau agor: Thursdays 17:00 - 21:00 Beth fydd ar gael yn rhan o’ch “Croeso Cynnes”?: Defnydd o stafell gynnes / The use of a warm room, Paned / Warm Beverage Unrhyw fanylion pellach?:","hours":{"_text":"Thursdays 17:00 - 21:00","opening":"Th 17:00-21:00"},"loc_pcd":true,"title":"Woodwork to Wellness"},"type":"Feature"},
		{"geometry":{"coordinates":[-3.02147,53.19567],"type":"Point"},"properties":{"_source":"cyngor_gwynedd","address":"Mancot Lane, Mancot, Deeside, Flintshire, CH5 2AH","contact":"Tel: ; Email:","description":"Cyfeiriad: Mancot Lane, Mancot, Deeside, Flintshire Côd Post: CH5 2AH Rhif Ffôn: E-bost: Dyddiau ac Oriau agor: Tuesday to Thursday 14:00 - 16:00 Friday 09:30 - 11:30 Saturday 10:00 - 12:00 Beth fydd ar gael yn rhan o’ch “Croeso Cynnes”?: Defnydd o stafell gynnes / The use of a warm room, Paned / Warm Beverage Unrhyw fanylion pellach?:","hours":{"_text":"Tuesday to Thursday 14:00 - 16:00\nFriday 09:30 - 11:30\nSaturday 10:00 - 12:00","opening":"Tu-Th 14:00-16:00; Fr 09:30-11:30; Sa 10:00-12:00"},"loc_pcd":true,"title":"Mancot Community Library"},"type":"Feature"},
		{"geometry":{"coordinates":[-3.14325,53.16671],"type":"Point"},"properties":{"_source":"cyngor_gwynedd","address":"Daniel Owen Centre, Earl Road, Mold, Fflint, CH7 1AP","contact":"Tel: 01352 754792; Email: danielowencentre@outlook.com","description":"Cyfeiriad: Daniel Owen Centre, Earl Road, Mold, Fflint Côd Post: CH7 1AP Rhif Ffôn: 01352 754792 E-bost: danielowencentre@outlook.com Dyddiau ac Oriau agor: Friday 10am-12noon Beth fydd ar gael yn rhan o’ch “Croeso Cynnes”?: Defnydd o stafell gynnes / The use of a warm room, Paned / Warm Beverage, Bwyd / Food, WIFI, Gweithgareddau / Activities, Arall / Other Unrhyw fanylion pellach?: There will be leaflets of local Organisations for Advice","hours":{"_text":"Friday 10am-12noon","opening":"Fr 10:00-12:00"},"loc_pcd":true,"title":"Canolfan Daniel Owen"},"type":"Feature"}
	]
}
