{
	"type": "FeatureCollection",
	"features": [
		{"geometry":{"coordinates":[-2.54393,52.71496],"type":"Point"},"properties":{"_source":"warm_welcome","address":"Admaston Methodist Church, Telford, Shropshire TF5 0AH","description":"Open to all . Limited parking outside , available close by . Open Mondays 10.30 to 12.30.","hours":{"_text":"Monday: 10:30 - 12:30","opening":"Mo 10:30-12:30"},"title":"Admaston Methodist Church"},"type":"Feature"},
		{"geometry":{"coordinates":[-2.73639,52.73828],"type":"Point"},"properties":{"_source":"warm_welcome","address":"Harlescott Grange Community Hub, Shrewsbury, Shropshire SY1 3JR","description":"Free bacon butties and cake 10-12 Free hot choc and doughnuts 3.30-4.30 Everyone welcome","hours":{"_text":"Thursday: 10:00 - 04:30, Sunday: 10:00 - 13:00","opening":"Th 10:00-16:30; Su 10:00-13:00"},"title":"Drop in grace church @ Harlescott Grange community hub"},"type":"Feature"},
		{"geometry":{"coordinates":[-2.72145,52.73219],"type":"Point"},"properties":{"_source":"warm_welcome","address":"Church of the Holy Spirit, Shrewsbury, Shropshire SY1 4NG","description":"The church is open Tuesdays and Wednesdays and Thursdays every week. Tuesday for Sprightly seniors - well being and health benefits for the not so young, Wednesday is the Hub - a food share table to prevent food waste - a place to have refreshments and chat - THursday afternoon - a meeting for 'Codgers' retired men meeting up for games and conversation!","hours":{"_text":"Monday: 09:30 - 10:30, Tuesday: 10:00 - 13:00, Wednesday: 08:30 - 12:00, Thursday: 14:00 - 16:00, Sunday: 10:00 - 14:00","opening":"Mo 09:30-10:30; Tu 10:00-13:00; We 08:30-12:00; Th 14:00-16:00; Su 10:00-14:00"},"title":"Holy Spirit Church"},"type":"Feature"},
		{"geometry":{"coordinates":[-2.48571,52.90513],"type":"Point"},"properties":{"_source":"warm_welcome","address":"51 Cheshire Street, Market Drayton, Shropshire TF9 1PH","description":"Equal access entrance to our building and the space is open to everyone. Please visit our website for up to date openings, especially over Christmas and New Year","hours":{"_text":"Monday: 09:30 - 18:00, Tuesday: 09:30 - 17:00, Wednesday: 09:30 - 17:00, Friday: 09:30 - 17:00, Saturday: 09:30 - 13:00","opening":"Mo 09:30-18:00; Tu 09:30-17:00; We 09:30-17:00; Fr 09:30-17:00; Sa 09:30-13:00"},"title":"Market Drayton Library"},"type":"Feature"},
		{"geometry":{"coordinates":[-2.54316,52.71303],"type":"Point"},"properties":{"_source":"warm_welcome","address":"Admaston House, Telford, Shropshire TF5 0BN","description":"Come along to your local Chat Cafe where you can meet new people or, simply relax and unwind with a drink and a cake. Always a warm welcome for everyone. Refreshments provided, donations welcome. Open every Wednesday from 10am until 1pm","hours":{"_text":"Wednesday: 10:00 - 13:00","opening":"We 10:00-13:00"},"title":"SASA Chat Cafe 'The Chattery'"},"type":"Feature"},
		{"geometry":{"coordinates":[-2.74235,52.72528],"type":"Point"},"properties":{"_source":"warm_welcome","address":"Shropshire Council, Shrewsbury, Shropshire SY1 2AS","description":"The space is open to all!","hours":{"_text":"Monday: 09:30 - 17:00, Tuesday: 09:30 - 19:00, Wednesday: 09:30 - 17:00, Thursday: 09:30 - 17:00, Friday: 09:30 - 17:00, Saturday: 09:30 - 16:00","opening":"Mo 09:30-17:00; Tu 09:30-19:00; We 09:30-17:00; Th 09:30-17:00; Fr 09:30-17:00; Sa 09:30-16:00"},"title":"Shrewsbury Library"},"type":"Feature"},
		{"geometry":{"coordinates":[-2.75339,52.70724],"type":"Point"},"properties":{"_source":"warm_welcome","address":"Shrewsbury Unitarian Church, Shropshire, Shropshire SY1 1LR","description":"Church","hours":{"_text":"Tuesday: 09:00 - 14:00","opening":"Tu 09:00-14:00"},"title":"Shrewsbury Unitarian Church"},"type":"Feature"}
	]
}
