{
	"type": "FeatureCollection",
	"features": [
		{"geometry":{"coordinates":[-2.62033,51.50469],"type":"Point"},"properties":{"_source":"warm_welcome","address":"Branch Community Church at Emmanuel Chapel, Henbury, Bristol BS10 7BN","description":"Join us for a warm space and a warm plate! Enjoy a hot meal, hot drink and pudding.","hours":{"_text":"Friday: 12:30 - 14:00","opening":"Fr 12:30-14:00"},"title":"Branch Community Church"},"type":"Feature"},
		{"geometry":{"coordinates":[-2.58912,51.46428],"type":"Point"},"properties":{"_source":"warm_welcome","address":"6 Ashley Road, Bristol, Severn/Somerset BS6 5NL BS6 5NL","description":"Every Thursday from 3pm till 6.30pm Hot meal served at 5.15pm Availability of shower","hours":{"_text":"Thursday: 15:00 - 18:30","opening":"Th 15:00-18:30"},"title":"Bristol Citadel Salvation Army"},"type":"Feature"},
		{"geometry":{"coordinates":[-2.66511,51.43004],"type":"Point"},"properties":{"_source":"warm_welcome","address":"The Church of the Ascension (Keedwell Church), Bristol, Avon BS41 9DZ","description":"A warm welcome space in a church hall in the centre of the village. Friendly volunteers, hot drinks, biscuits and occasionally cakes are available. Drop in and join us for a cuppa and a chat, meet new people or just enjoy a change of scene in a warm space. We have puzzles, magazines, book swop, games and crafts available. We look forward to seeing you.","hours":{"_text":"Wednesday: 10:00 - 12:00","opening":"We 10:00-12:00"},"title":"Cafe@Keedwell"},"type":"Feature"},
		{"geometry":{"coordinates":[-2.57484,51.49409],"type":"Point"},"properties":{"_source":"warm_welcome","address":"286 Filton Avenue, Horfield, Bristol BS7 0BA","description":"Open from 01-10-2023. Warm welcoming space for local residents in Horfield, Lockleaze and Filton areas of Bristol to connect with each other.","hours":{"_text":"Tuesday: 18:00 - 20:00, Wednesday: 14:00 - 15:30, Thursday: 10:30 - 12:30, Friday: 09:00 - 10:30 / 15:30 - 17:00","opening":"Tu 18:00-20:00; We 14:00-15:30; Th 10:30-12:30; Fr 09:00-10:30,15:30-17:00"},"title":"Ebenezer Church"},"type":"Feature"},
		{"geometry":{"coordinates":[-2.51705,51.47500],"type":"Point"},"properties":{"_source":"warm_welcome","address":"Hillfields Library, Summerleaze, Bristol, Bristol BS16 4HL","description":"Our Monday Welcome Space has lots of free activities, free hot drinks and a Food Club of £3 cash for a large bag of good quality food. The group is open to anyone living in or near Hillfields, East Bristol. Our Friday group, Silver Explorers is a free social group to anyone over the age of 60 who would like to come along for free activities and warm drinks.","hours":{"_text":"Monday: 14:30 - 17:30, Friday: 10:00 - 12:00","opening":"Mo 14:30-17:30; Fr 10:00-12:00"},"title":"Friends of Hillfields Library"},"type":"Feature"},
		{"geometry":{"coordinates":[-2.59049,51.48768],"type":"Point"},"properties":{"_source":"warm_welcome","address":"Holy Trinity Church , Bristol, City Of BS7 8ST","description":"A warm church space, open to everyone.","hours":{"_text":"Monday: 09:00 - 18:00, Tuesday: 09:00 - 18:00, Wednesday: 09:00 - 18:00, Thursday: 09:00 - 18:00, Friday: 09:00 - 18:00, Saturday: 09:00 - 18:00, Sunday: 09:00 - 18:00","opening":"Mo 09:00-18:00; Tu 09:00-18:00; We 09:00-18:00; Th 09:00-18:00; Fr 09:00-18:00; Sa 09:00-18:00; Su 09:00-18:00"},"title":"Holy Trinity Church, Horfield, Bristol"},"type":"Feature"},
		{"geometry":{"coordinates":[-2.56276,51.49014],"type":"Point"},"properties":{"_source":"warm_welcome","address":"The Hub, Fedden buildings, Gainsborough Square, Lockleaze, Bristol BS7 9FB","description":"This is a pop-up cafe every Wednesday providing a warm welcome and affordable hot drinks and snacks. Fortnightly drop-in advice sessions from housing advice charity Housing Matters starting 1 November 11- 1pm. Signposting for support and advice as needed. We are open Monday to Friday 9.30 - 3.00 for people to pop-in, get signposting or for a chat. Our warm welcome space is open Wednesday 10.30 - 1.30pm, plus various events both free and affordable throughout the week and we can point you to other spaces locally where you can work and eat at other times.","hours":{"_text":"Monday: 09:00 - 16:00, Tuesday: 09:00 - 16:00, Wednesday: 09:00 - 16:00, Thursday: 09:00 - 16:00, Friday: 09:00 - 16:00","opening":"Mo 09:00-16:00; Tu 09:00-16:00; We 09:00-16:00; Th 09:00-16:00; Fr 09:00-16:00"},"title":"Hubbub"},"type":"Feature"},
		{"geometry":{"coordinates":[-2.56833,51.43499],"type":"Point"},"properties":{"_source":"warm_welcome","address":"Knowle Methodist Church, Bristol, Bristol BS4 2EP","description":"\"pay as you feel\" welcoming space with tea and coffee, home made soup and occasional other special lunches, a friendly chat and the opportunity to do some relaxing art or play a game.","hours":{"_text":"Monday: 11:00 - 14:00","opening":"Mo 11:00-14:00"},"title":"Knowle (South Bristol) Methodist Church"},"type":"Feature"},
		{"geometry":{"coordinates":[-2.57867,51.46396],"type":"Point"},"properties":{"_source":"warm_welcome","address":"St Agnes Church, Bristol, Bristol BS2 9LL BS2 9LL","description":"Hot soup lunch and friendly atmosphere in St Agnes Church hall on Tuesdays from 12.30pm to 3.30pm.","hours":{"_text":"Tuesday: 12:30 - 15:30, Sunday: 10:00 - 12:30","opening":"Tu 12:30-15:30; Su 10:00-12:30"},"title":"Melanie Otto"},"type":"Feature"},
		{"geometry":{"coordinates":[-2.59149,51.44664],"type":"Point"},"properties":{"_source":"warm_welcome","address":"4 Waring House, Bristol, Avon BS1 6TB","description":"We're a friendly community space open to drop-in for a chat, rest, listening ear, hot drink and to use wifi, charging points or computers. We also offer basic information and advice around finances with help filling out forms.","hours":{"_text":"Monday: 08:30 - 10:30 / 13:00 - 15:00, Tuesday: 13:00 - 15:00, Wednesday: 08:30 - 10:30 / 13:00 - 15:00, Thursday: 08:30 - 10:30 / 17:30 - 20:00, Friday: 08:30 - 10:30 / 13:00 - 15:00, Saturday: 11:00 - 13:00 Fortnightly","opening":"Mo 08:30-10:30,13:00-15:00; Tu 13:00-15:00; We 08:30-10:30,13:00-15:00; Th 08:30-10:30,17:30-20:00; Fr 08:30-10:30,13:00-15:00; Sa 11:00-13:00"},"title":"Redcliffe Hub"},"type":"Feature"},
		{"geometry":{"coordinates":[-2.71099,51.42110],"type":"Point"},"properties":{"_source":"warm_welcome","address":"Flax Bourton Church, Flax Bourton, North Somerset BS48 3QQ","description":"Warm Welcome Cafe offering light refreshments and craft activities.","hours":{"_text":"Thursday: 14:00 - 16:15","opening":"Th 14:00-16:15"},"title":"Relax@Flax"},"type":"Feature"},
		{"geometry":{"coordinates":[-2.55819,51.52471],"type":"Point"},"properties":{"_source":"warm_welcome","address":"Little Stoke Baptist Church, Bristol, Avon BS34 6JW","description":"A welcoming space offering hot and cold drinks, biscuits, cake and a light lunch (Thursday only). We also offer second hand clothes and table top items. Once a month there is a creative workshop (Thursday only)","hours":{"_text":"Thursday: 10:00 - 14:00, Sunday: 10:00 - 12:00","opening":"Th 10:00-14:00; Su 10:00-12:00"},"title":"Rev. Tania Vaughan"},"type":"Feature"},
		{"geometry":{"coordinates":[-2.58135,51.43054],"type":"Point"},"properties":{"_source":"warm_welcome","address":"St. Barnabas Church, Avon BS4 1DQ","description":"Open to all. Morning coffee, tea and refreshments. Hot light meal at lunchtime. Chat, activities, company.","hours":{"_text":"Thursday: 09:30 - 13:30","opening":"Th 09:30-13:30"},"title":"St Barnabas Church"},"type":"Feature"},
		{"geometry":{"coordinates":[-2.54032,51.43986],"type":"Point"},"properties":{"_source":"warm_welcome","address":"St. Peters Methodist Church, Avon BS4 4NZ","description":"Welcoming space with tea and coffee, home made soup, and the opportunity to chat, bring your toddler to play or play a game","hours":{"_text":"Tuesday: 11:00 - 14:00","opening":"Tu 11:00-14:00"},"title":"St Peter's Methodist Church"},"type":"Feature"},
		{"geometry":{"coordinates":[-2.51603,51.44943],"type":"Point"},"properties":{"_source":"warm_welcome","address":"Hanham Methodist Church, South Gloucestershire BS15 8SD","description":"Our pay-as-you-can cafe in Hanham is open to everyone. We serve breakfast, lunch, snacks and homemade cakes alongside great coffee, hot chocolate, chai latte, teas, milkshakes and soft drinks. We have a separate children's area with a selection of toys and plenty of space to run around. We regularly have supermarket surplus and fresh fruit, veg and salad from our Community Allotment available to take home. We run regular events including a monthly Eat & Meet, Knit & Craft and a weekly Bumps, Babies & Tots Meetup. Everything is pay-as-you-can and all contributions are anonymous.","hours":{"_text":"Tuesday: 12:00 - 14:00 Monthly, Thursday: 09:00 - 15:00, Friday: 09:00 - 15:00, Saturday: 09:00 - 14:00","opening":"Tu 12:00-14:00; Th 09:00-15:00; Fr 09:00-15:00; Sa 09:00-14:00"},"title":"The Beacon Cafe Welcome Space"},"type":"Feature"},
		{"geometry":{"coordinates":[-2.50456,51.46216],"type":"Point"},"properties":{"_source":"warm_welcome","address":"Holy Trinity Church Hall, South Gloucestershire BS15 4AB","description":"Trinity Welcome Space is open every Thursday 12pm - 5pm. Refreshments available (tea, coffee, squash, pastries plus soup when available). Surplus bread and pastries available to take home. Regular support and advice events including visits from other organisations. Wellbeing sessions available. Free charging points, always a friendly face.","hours":{"_text":"Thursday: 12:00 - 17:00","opening":"Th 12:00-17:00"},"title":"Trinity Welcome Space Kingswood"},"type":"Feature"},
		{"geometry":{"coordinates":[-2.49355,51.43818],"type":"Point"},"properties":{"_source":"warm_welcome","address":"All Saints United Church, Avon BS30 9DF","description":"Church Foyer","hours":{"_text":"Monday: 10:00 - 12:00, Wednesday: 10:00 - 12:00, Friday: 10:00 - 12:00","opening":"Mo 10:00-12:00; We 10:00-12:00; Fr 10:00-12:00"},"title":"United Church in Longwell Green"},"type":"Feature"},
		{"geometry":{"coordinates":[-2.56407,51.43329],"type":"Point"},"properties":{"_source":"warm_welcome","address":"46 St Martin's Rd, Knowle, Bristol BS4 2NG","description":"A welcoming, warm space serving free lunch and refreshments. Come and meet local people, charge your phone and catch with friends at our warm space cafe.","hours":{"_text":"Thursday: 11:30 - 14:30","opening":"Th 11:30-14:30"},"title":"Warm Space Cafe"},"type":"Feature"},
		{"geometry":{"coordinates":[-2.62196,51.40785],"type":"Point"},"properties":{"_source":"warm_welcome","address":"The Withywood Centre, Bristol, Avon BS13 8QA","description":"Cafe open 10am - 2pm Monday - Friday","hours":{"_text":"Monday: 10:00 - 02:00, Tuesday: 10:00 - 02:00, Wednesday: 10:00 - 02:00, Thursday: 10:00 - 02:00, Friday: 10:00 - 02:00","opening":"Mo 10:00-02:00; Tu 10:00-02:00; We 10:00-02:00; Th 10:00-02:00; Fr 10:00-02:00"},"title":"Withywood Centre Cafe"},"type":"Feature"},
		{"geometry":{"coordinates":[-2.60407,51.48048],"type":"Point"},"properties":{"_source":"warm_spaces","address":"Cairns Road, Bristol, England, BS6 7TH, United Kingdom","description":"Free Food/Drink, Device Charging, People to chat to, Toilets, Accessible Toilet","hours":{"_text":"Tuesday 6pm-9pm","opening":"Tu 18:00-21:00"},"title":"Cairns Road Baptist Church"},"type":"Feature"},
		{"geometry":{"coordinates":[-2.57369,51.46029],"type":"Point"},"properties":{"_source":"warm_spaces","address":"Easton Christian Family Centre, Beaufort Street, Bristol, England, BS5 0SQ, United Kingdom","description":"Free Food/Drink, Free Wi-Fi, Device Charging, People to chat to, Space to work, Wheelchair Accessible, Toilets, Accessible Toilet, Parking, Child Friendly","hours":{"_text":"4.30pm-8.30pm"},"title":"FoodCycle Bristol","url":"https://www.foodcycle.org.uk"},"type":"Feature"},
		{"geometry":{"coordinates":[-2.57341,51.50996],"type":"Point"},"properties":{"_source":"warm_spaces","address":"Gloucester Road North, Bristol, England, BS34 7BQ, United Kingdom","description":"Free Food/Drink, Device Charging, People to chat to, Space to work, Food/Drink for sale, Wheelchair Accessible, Toilets, Accessible Toilet, Parking, Child Friendly","hours":{"_text":"Monday- Thursday, 10am-1pm","opening":"Mo-Th 10:00-13:00"},"title":"St Peters, Filton","url":"https://www.stpeterschurchfilton.com"},"type":"Feature"},
		{"geometry":{"coordinates":[-2.71109,51.42121],"type":"Point"},"properties":{"_source":"warm_spaces","address":"Church of St Michael and All Angels, Flax Bourton, Bristol, England, BS48 3QQ, United Kingdom","description":"Free Food/Drink, Free Wi-Fi, Device Charging, Advice, People to chat to, Space to work, Food/Drink for sale, Wheelchair Accessible, Toilets, Accessible Toilet, Child Friendly","hours":{"_text":"Thursday 2pm-4pm","opening":"Th 14:00-16:00"},"title":"Cafe@Flax"},"type":"Feature"},
		{"geometry":{"coordinates":[-2.49779,51.41738],"type":"Point"},"properties":{"_source":"warm_spaces","address":"1 The Park, Bristol, England, BS31 2BL, United Kingdom","description":"Free Food/Drink, Free Wi-Fi, Device Charging, People to chat to, Toilets","hours":{"_text":"10am-12pm"},"title":"One Community &amp; Wild About Community"},"type":"Feature"},
		{"geometry":{"coordinates":[-2.57497,51.49412],"type":"Point"},"properties":{"_source":"warm_spaces","address":"Ebenezer Church, 286 Filton Avenue, Bristol, England, BS7 0BA, United Kingdom","description":"Free Food/Drink, Free Wi-Fi, Device Charging, Advice, People to chat to, Space to work, Food/Drink for sale, Wheelchair Accessible, Toilets, Accessible Toilet, Child Friendly","hours":{"_text":"Mondays 9-11am, Thursdays 10.30am-12.30pm, Fridays 9-10.30am","opening":"Mo 09:00-11:00; Th 10:30-12:30; Fr 09:00-10:30"},"title":"Ebenezer Church","url":"https://www.ebe.org.uk/welcomingspace"},"type":"Feature"},
		{"geometry":{"coordinates":[-2.55819,51.52471],"type":"Point"},"properties":{"_source":"warm_spaces","address":"Little Stoke Baptist Church, Kingsway, Bristol, England, BS34 6JW, United Kingdom","description":"Free Food/Drink, Free Wi-Fi, Device Charging, People to chat to, Space to work, Free parking","hours":{"_text":"Wed 2pm-4pm, Thur 10am-12pm","opening":"We 14:00-16:00; Th 10:00-12:00"},"title":"Little Stoke Baptist Church","url":"https://www.littlestokebaptist.org"},"type":"Feature"},
		{"geometry":{"coordinates":[-2.67562,51.48931],"type":"Point"},"properties":{"_source":"warm_spaces","address":"Shirehampton JTE Hub, The Methodist Church, High Street, Shirehampton, England, BS11 0DY, United Kingdom","description":"Free Food/Drink, Free Wi-Fi, Advice, People to chat to, Space to work, Movie Nights, Games Nights, Support Groups plus wellbeing and employment advice.","hours":{"_text":"9am-8pm Mondays &amp; Tuesdays, 9am- 3:30pm Weds - Fri","opening":"We-Fr 09:00-15:30; Mo 09:00-20:00"},"title":"Shirehampton JTE Hub","url":"https://jtehubshire.org"},"type":"Feature"},
		{"geometry":{"coordinates":[-2.67711,51.48280],"type":"Point"},"properties":{"_source":"warm_spaces","address":"Pob Sports &amp; Community Hub, Nibley Road, Bristol, England, BS11 9XW, United Kingdom","description":"Free Food/Drink, Free Wi-Fi, Device Charging, People to chat to, Space to work, Food/Drink for sale","hours":{"_text":"9am-10:30pm"},"title":"Pob Sports and Community Hub","url":"https://Pbaclub.co.uk"},"type":"Feature"},
		{"geometry":{"coordinates":[-2.46254,51.40585],"type":"Point"},"properties":{"_source":"bath_and_north_east_somerset_council","address":"Wedmore Road, Saltford, Bristol, BS31 3BY, United Kingdom","title":"Saltford Sports Club","url":"https://livewell.bathnes.gov.uk/cost-living-crisis/warm-places-list/saltford-sports-club"},"type":"Feature"},
		{"geometry":{"coordinates":[-2.50800,51.40869],"type":"Point"},"properties":{"_source":"bath_and_north_east_somerset_council","address":"67 Queens Road, Keynsham, BS31 2NQ, United Kingdom","title":"Community at 67","url":"https://livewell.bathnes.gov.uk/cost-living-crisis/warm-places-list/community-67"},"type":"Feature"},
		{"geometry":{"coordinates":[-2.49760,51.41400],"type":"Point"},"properties":{"_source":"bath_and_north_east_somerset_council","address":"Keynsham Library, Market Walk, Keynsham, BS31 1FS, United Kingdom","title":"Keynsham Library & Information Service","url":"https://livewell.bathnes.gov.uk/cost-living-crisis/warm-places-list/keynsham-library-information-service"},"type":"Feature"},
		{"geometry":{"coordinates":[-2.69843,51.50010],"type":"Point"},"properties":{"_source":"bristol_council","address":"Avonmouth Road Bristol BS11 9EN","contact":"info@avonmouthcca.org.uk","hours":{"_text":"Monday to Thursday 10am to 4pm ; Friday 1pm to 5pm","opening":"Mo-Th 10:00-16:00; Fr 13:00-17:00"},"title":"Avonmouth Community Centre","url":"https://www.avonmouthcca.org.uk/"},"type":"Feature"},
		{"geometry":{"coordinates":[-2.56361,51.45618],"type":"Point"},"properties":{"_source":"bristol_council","address":"Barton Hill Settlement 41 - 43 Ducie Road Bristol BS5 0AX","contact":"info@wsb.org.uk","hours":{"_text":"Mon-Fri 8:30-5pm; Welcome Café: Tuesday (10:30-12:30noon) and Thursday (11am-1:30pm)","opening":"Mo-Fr 08:30-17:00"},"title":"Wellspring Settlement Centre","url":"https://wellspringsettlement.org.uk/"},"type":"Feature"},
		{"geometry":{"coordinates":[-2.61950,51.51011],"type":"Point"},"properties":{"_source":"bristol_council","address":"Machin Road Bristol BS10 7HG","contact":"info@henburybrentrycommunity.org.uk","hours":{"_text":"Monday, Tuesday, Friday 9:30 am - 2pm and 4:30pm-7:30pm; Saturday 9:30am - 2:30pm","opening":"Mo 09:30-14:00,16:30-19:30; Tu 09:30-14:00,16:30-19:30; Fr 09:30-14:00,16:30-19:30; Sa 09:30-14:30"},"title":"Henbury and Brentry Community Centre","url":"https://en-gb.facebook.com/henburyandbrentrycommunitycentre/"},"type":"Feature"},
		{"geometry":{"coordinates":[-2.67540,51.48690],"type":"Point"},"properties":{"_source":"bristol_council","address":"Shirehampton Hall 32 Station Road Shirehampton Bristol BS11 9TX","hours":{"_text":"Thursday 10am - 12noon - However anyone can pop in at any time to use wifi, make a hot drink, have a chat","opening":"Th 10:00-12:00"},"title":"Shirehampton Public Hall (SCAF)","url":"https://www.shirepubhall.org.uk"},"type":"Feature"},
		{"geometry":{"coordinates":[-2.56372,51.45630],"type":"Point"},"properties":{"_source":"bristol_council","address":"Barton Hill Settlement 41 - 43 Ducie Road Bristol BS5 0AX","contact":"info@somalicentre.co.uk","hours":{"_text":"Monday to Thursdays 3-5pm; Fridays 11am-4pm","opening":"Mo-Th 15:00-17:00; Fr 11:00-16:00"},"title":"Bristol Somali Resources Centre","url":"https://www.somalicentre.org.uk/"},"type":"Feature"},
		{"geometry":{"coordinates":[-2.56272,51.46178],"type":"Point"},"properties":{"_source":"bristol_council","address":"Easton Community Centre Kilburn Street Bristol BS5 6AW","contact":"contact@upourstreet.org.uk","hours":{"_text":"Mon-Fri 8am-6pm","opening":"Mo-Fr 08:00-18:00"},"title":"Eastside Community Trust","url":"https://eastsidecommunitytrust.org.uk/our-places/easton-community-centre/"},"type":"Feature"},
		{"geometry":{"coordinates":[-2.54769,51.45271],"type":"Point"},"properties":{"_source":"bristol_council","address":"St Annes House St Annes Road St Annes Bristol BS4 4AB","contact":"hello@bricksbristol.org","hours":{"_text":"Wednesdays 10:30am and Thursday 10am-12pm","opening":"Th 10:00-12:00"},"title":"Bricks","url":"https://bricksbristol.org/"},"type":"Feature"},
		{"geometry":{"coordinates":[-2.61350,51.42691],"type":"Point"},"properties":{"_source":"bristol_council","address":"Zion Bristol Ltd Bisopsworth Road Bristol BS13 7JW","contact":"info@zionbristol.co.uk","hours":{"_text":"9am to 5pm (Monday to Friday when café is open / Tuesday until 7pm)"},"title":"Zion Arts Space","url":"https://zionbristol.co.uk/"},"type":"Feature"},
		{"geometry":{"coordinates":[-2.57142,51.43323],"type":"Point"},"properties":{"_source":"bristol_council","address":"59 Broad Walk Bristol BS4 2RD","contact":"heather@redcatchcg.com","hours":{"_text":"Monday - Sunday 9.30 - 4pm","opening":"Mo-Su 09:30-16:00"},"title":"Redcatch Community Garden","url":"https://www.redcatchcommunitygarden.com/"},"type":"Feature"},
		{"geometry":{"coordinates":[-2.60895,51.49952],"type":"Point"},"properties":{"_source":"bristol_council","address":"Greenway Centre Doncaster Road Bristol BS10 5PY","contact":"info@southmead.org","hours":{"_text":"Monday to Friday 8:30am - 8:45pm (Cafe open 9am - 2pm with Summer bowls £2,50); Saturday-Sunday 9am-5pm (Centre open but Cafe closed)","opening":"Mo-Fr 08:30-20:45; Sa-Su 09:00-17:00"},"title":"Southmead Development Trust","url":"https://southmead.org/"},"type":"Feature"},
		{"geometry":{"coordinates":[-2.52331,51.48461],"type":"Point"},"properties":{"_source":"bristol_council","address":"16 Colliers Gardens Bristol BS16 2NA","contact":"colliers_gardens@brunelcare.org.uk","hours":{"_text":"Monday-Friday 8am-4:30pm","opening":"Mo-Fr 08:00-16:30"},"title":"Brunelcare: Colliers Gardens Extra Care Home","url":"https://www.brunelcare.org.uk/locations/colliers-gardens-extra-care/"},"type":"Feature"},
		{"geometry":{"coordinates":[-2.61722,51.41171],"type":"Point"},"properties":{"_source":"bristol_council","address":"Waverley Gardens Queens Road Bishopsworth Bristol BS13 8EL","contact":"waverleygardens@brunelcare.org.uk","hours":{"_text":"Monday - Friday 9am-5pm","opening":"Mo-Fr 09:00-17:00"},"title":"Brunelcare: Waverley Gardens Extra Care Home","url":"https://www.brunelcare.org.uk/locations/waverley-gardens-extra-care/"},"type":"Feature"},
		{"geometry":{"coordinates":[-2.62201,51.40791],"type":"Point"},"properties":{"_source":"bristol_council","address":"Withywood Centre Queens Road Bishopsworth Bristol BS13 8QA","contact":"reception@withywoodcentre.com","hours":{"_text":"Mon-Friday 9:30am - 2:30pm","opening":"Mo-Fr 09:30-14:30"},"title":"Withywood Church","url":"https://www.withywoodcentre.co.uk/"},"type":"Feature"},
		{"geometry":{"coordinates":[-2.58408,51.42622],"type":"Point"},"properties":{"_source":"bristol_council","address":"Padstow Road Bristol BS4 1EN","hours":{"_text":"Monday 10am-2pm","opening":"Mo 10:00-14:00"},"title":"Salvation Army"},"type":"Feature"},
		{"geometry":{"coordinates":[-2.57524,51.49421],"type":"Point"},"properties":{"_source":"bristol_council","address":"286 Filton Avenue Bristol BS7 0BA","hours":{"_text":"Thursday between 10:30-12:30pm (Community Cafe), and Senior Citizens Group every Wednesdays 2pm-3.30pm; Fridays 9-10:30am and 3:30pm - 5pm (After School Hangout)","opening":"We 14:00-15:30; Fr 09:00-10:30,15:30-17:00"},"title":"Ebenezer Church","url":"https://www.ebe.org.uk/"},"type":"Feature"},
		{"geometry":{"coordinates":[-2.69842,51.50106],"type":"Point"},"properties":{"_source":"bristol_council","address":"Avonmouth Road Bristol BS11 9EN","contact":"office@standrews-stpeters.org","hours":{"_text":"Tuesday 10am-2pm","opening":"Tu 10:00-14:00"},"title":"St Andrews Church","url":"https://www.standrews-stpeters.org/"},"type":"Feature"},
		{"geometry":{"coordinates":[-2.57192,51.46810],"type":"Point"},"properties":{"_source":"bristol_council","address":"Horley Rd, St Werburgh's, Bristol BS2 9TJ","contact":"office@stwerburghs.org.uk","hours":{"_text":"Mon-Sun 9am-9pm","opening":"Mo-Su 09:00-21:00"},"title":"St Werburghs Community Centre","url":"https://stwerburghs.org.uk/services/send-activities-in-st-werburghs/"},"type":"Feature"},
		{"geometry":{"coordinates":[-2.67540,51.48692],"type":"Point"},"properties":{"_source":"bristol_council","address":"Station Rd, Shirehampton, Bristol BS11 9TU","contact":"friendsofshire@gmail.com","hours":{"_text":"Tuesday 3pm-5pm","opening":"Tu 15:00-17:00"},"title":"Friends on shire Library - Shirehampton library","url":"https://www.facebook.com/ShireLibrary/"},"type":"Feature"},
		{"geometry":{"coordinates":[-2.56252,51.49007],"type":"Point"},"properties":{"_source":"bristol_council","address":"1, Fedden Buildings, Gainsborough Square, Lockleaze, Bristol BS7 9FB","contact":"info@lockleazent.co.uk","hours":{"_text":"Monday: 9am-4pm; Tuesday-Wednesday 9am-4pm; Thursday 10:30-4pm; Friday 9am-3pm; Saturday 10am-1pm","opening":"Tu-We 09:00-16:00; Mo 09:00-16:00; Th 10:30-16:00; Fr 09:00-15:00; Sa 10:00-13:00"},"title":"Lockleaze Neighbourhood Trust","url":"https://www.lockleazehub.org.uk"},"type":"Feature"},
		{"geometry":{"coordinates":[-2.57363,51.46021],"type":"Point"},"properties":{"_source":"bristol_council","address":"Easton Family Centre, Easton, Bristol BS5 0SQ. BS5 0SQ","contact":"info@refugeewomenofbristol.org.uk","hours":{"_text":"Tuesdays (term time only) 9:30am - 2:30pm","opening":"Tu 09:30-14:30"},"title":"Refugee women of Bristol"},"type":"Feature"},
		{"geometry":{"coordinates":[-2.58325,51.49352],"type":"Point"},"properties":{"_source":"bristol_council","address":"Dorian Rd, Horfield, Bristol BS7 0XW","hours":{"_text":"2pm-4pm (Monday - Saturday) and 7pm-9pm (Monday to Sunday)"},"title":"Everyone Active - Horfield"},"type":"Feature"},
		{"geometry":{"coordinates":[-2.56032,51.49491],"type":"Point"},"properties":{"_source":"bristol_council","address":"Romney Ave, Lockleaze, Bristol BS7 9TB","hours":{"_text":"Tuesday 10am-2pm","opening":"Tu 10:00-14:00"},"title":"The Vench"},"type":"Feature"},
		{"geometry":{"coordinates":[-2.59480,51.42036],"type":"Point"},"properties":{"_source":"bristol_council","address":"1 Marshall Walk, Bristol BS4 1TR","contact":"info@iccfc.co.uk","hours":{"_text":"Monday to Friday 9am to 1.30pm","opening":"Mo-Fr 09:00-13:30"},"title":"Inns Court Community Centre","url":"https://www.iccfc.co.uk/"},"type":"Feature"},
		{"geometry":{"coordinates":[-2.57105,51.40683],"type":"Point"},"properties":{"_source":"bristol_council","address":"2 East Dundry Road BS14 0LL","contact":"stawhitchurch@gmail.com","hours":{"_text":"Wednesdays 2-4pm; Saturday 10am-12noon","opening":"We 14:00-16:00; Sa 10:00-12:00"},"title":"St Augustine's Church","url":"http://www.stawhitchurch.com/"},"type":"Feature"},
		{"geometry":{"coordinates":[-2.56319,51.42137],"type":"Point"},"properties":{"_source":"bristol_council","address":"Petherton Road BS14 9BP","contact":"christchurchhengrove@gmail.com","hours":{"_text":"Thursday 2-4pm; Friday 1-3pm","opening":"Th 14:00-16:00; Fr 13:00-15:00"},"title":"Christ Church","url":"https://www.facebook.com/christchurchhengrove"},"type":"Feature"},
		{"geometry":{"coordinates":[-2.67531,51.48234],"type":"Point"},"properties":{"_source":"bristol_council","address":"Nibley Road, Shirehampton, Bristol, BS11 9XW","contact":"info@pbaclub.co.uk","hours":{"_text":"Monday-Tuesday 2pm-11pm; Wednesday to Friday 9am-11pm; Saturday-Sunday 10am-11pm","opening":"Mo-Tu 14:00-23:00; We-Fr 09:00-23:00; Sa-Su 10:00-23:00"},"title":"Port of Bristol Sports & Community Hub","url":"https://www.facebook.com/PBAhub/"},"type":"Feature"},
		{"geometry":{"coordinates":[-2.63261,51.50937],"type":"Point"},"properties":{"_source":"bristol_council","address":"Avonmouth Way, Henbury, Bristol BS10 7NG","hours":{"_text":"9am – 3pm (Monday to Friday), 1pm – 3pm (Saturday), 9am – 3pm (Sunday)","opening":"Sa 09:00-15:00; Su 13:00-15:00"},"title":"Everyone Active - Henbury"},"type":"Feature"},
		{"geometry":{"coordinates":[-2.58051,51.46237],"type":"Point"},"properties":{"_source":"bristol_council","address":"Newfoundland Rd, St Paul's, Bristol BS2 9NH","hours":{"_text":"9am – 3pm (Monday to Sunday), (Showers Monday to Sunday 10am – 11am)"},"title":"Everyone Active - St Paul's"},"type":"Feature"},
		{"geometry":{"coordinates":[-2.58870,51.46431],"type":"Point"},"properties":{"_source":"bristol_council","address":"6 Ashley road, BS6 5NL, Bristol","hours":{"_text":"Tuesday and Thursday 3pm-6pm (closed during Summer period; opening again in October)","opening":"Tu 15:00-18:00; Th 15:00-18:00"},"title":"Bristol Citadel Salvation Army","url":"https://www.salvationarmy.org.uk/bristol-citadel"},"type":"Feature"},
		{"geometry":{"coordinates":[-2.67015,51.48538],"type":"Point"},"properties":{"_source":"bristol_council","address":"Dursley Rd, Shirehampton, Bristol BS11 9XH","contact":"cotswoldca@gmail.com","hours":{"_text":"Thursday 10am - 12noon","opening":"Th 10:00-12:00"},"title":"Cotswold Community Association","url":"https://cotswoldcommunity.org/about/"},"type":"Feature"},
		{"geometry":{"coordinates":[-2.58271,51.43070],"type":"Point"},"properties":{"_source":"bristol_council","address":"Daventry Road, BS4 1DQ","hours":{"_text":"Thursdays 9:30am - 2pm (lunch 12pm)","opening":"Th 09:30-14:00"},"title":"St Barnabas Church"},"type":"Feature"},
		{"geometry":{"coordinates":[-2.55084,51.46314],"type":"Point"},"properties":{"_source":"bristol_council","address":"19a Stretford Road, Whitehall, Bristol, BS5 7AW","contact":"info@thebeehivebristol.co.uk","hours":{"_text":"Monday, Wednesday and Friday 9am - 12:30 noon Tuesday and Thursday 9am-4pm\"","opening":"Mo 09:00-12:30; We 09:00-12:30; Fr 09:00-12:30; Tu 09:00-16:00; Th 09:00-16:00"},"title":"The Beehive","url":"https://www.thebeehivebristol.co.uk/"},"type":"Feature"},
		{"geometry":{"coordinates":[-2.54389,51.40785],"type":"Point"},"properties":{"_source":"bristol_council","address":"Stockwood Lane, Stockwood, Bristol, BS14 8SJ","contact":"info@youngbristol.com","hours":{"_text":"Monday, Wednesday and Friday 10am-1pm","opening":"Mo 10:00-13:00; We 10:00-13:00; Fr 10:00-13:00"},"title":"BS14 Youth Club","url":"https://youngbristol.com/"},"type":"Feature"},
		{"geometry":{"coordinates":[-2.57793,51.45889],"type":"Point"},"properties":{"_source":"bristol_council","address":"Assisi Centre, Lawfords Gate, BS5 0RE","contact":"hello@borderlands.org.uk","hours":{"_text":"Monday and Tuesday 10-2pm. On Wednesday specific mental health activities so the space doesn't operate as a drop-in but through a booking system.","opening":"Mo 10:00-14:00; Tu 10:00-14:00"},"title":"The Assisi Centre (Borderlands)","url":"Borderlands | Refugees | Charity I Bristol I England"},"type":"Feature"},
		{"geometry":{"coordinates":[-2.57397,51.45983],"type":"Point"},"properties":{"_source":"bristol_council","address":"Thrissell Street, BS5 0SW","hours":{"_text":"10am – 4pm (Monday to Sunday)"},"title":"Easton Leisure Centre","url":"https://www.everyoneactive.com/centre/easton-leisure-centre/"},"type":"Feature"},
		{"geometry":{"coordinates":[-2.56657,51.41349],"type":"Point"},"properties":{"_source":"bristol_council","address":"Alder Court, Chessington Ave, Bristol BS14 9EW","contact":"ABC@brunelcare.org.uk","hours":{"_text":"Daily 10am-11am","opening":"Mo-Su 10:00-11:00"},"title":"Brunelcare: ABC Extra Care Centre","url":"https://www.brunelcare.org.uk/locations/abc-centre-extra-care/"},"type":"Feature"},
		{"geometry":{"coordinates":[-2.58491,51.41340],"type":"Point"},"properties":{"_source":"bristol_council","address":"Hengrove Promenade, Bristol, BS14 0DE","hours":{"_text":"Monday-Friday (5:30am- 10pm); Saturday and Sunday (8am - 6pm)"},"title":"Hengrove Park Leisure Centre"},"type":"Feature"},
		{"geometry":{"coordinates":[-2.60973,51.46553],"type":"Point"},"properties":{"_source":"bristol_council","address":"Whiteladies Road, Redland BS8 2QG","contact":"info@tyndalebaptist.co.uk","hours":{"_text":"Tuesday 10:00 - 12:00 noon","opening":"Tu 10:00-12:00"},"title":"Tyndale Baptist Church","url":"https://www.facebook.com/TyndaleBaptist"},"type":"Feature"},
		{"geometry":{"coordinates":[-2.57363,51.46022],"type":"Point"},"properties":{"_source":"bristol_council","address":"Beaufort St, St Judes, BS5 0SQ","contact":"bristol@foodcycle.org.uk","hours":{"_text":"Wednesday 4:30pm - 8:30pm","opening":"We 16:30-20:30"},"title":"Food Cycle at Easton Christian Family Centre","url":"https://foodcycle.org.uk/location/foodcycle-bristol-easton/"},"type":"Feature"},
		{"geometry":{"coordinates":[-2.56925,51.46608],"type":"Point"},"properties":{"_source":"bristol_council","address":"256 Stapleton Road, Easton, Bristol, BS5 0NP","contact":"info@oscarbristol.org.uk","hours":{"_text":"Tuesdays and Thursdays 11am-3pm","opening":"Tu 11:00-15:00; Th 11:00-15:00"},"title":"OSCAR Bristol"},"type":"Feature"},
		{"geometry":{"coordinates":[-2.58373,51.43755],"type":"Point"},"properties":{"_source":"bristol_council","address":"Sylvia Ave, Bedminster BS3 5DA","contact":"victoriaparkbaptistchurch1@gmail.com","hours":{"_text":"Wednesday and Friday 10am - 2pm","opening":"We 10:00-14:00; Fr 10:00-14:00"},"title":"Victoria Park Baptist Church","url":"https://www.victoriapark.org.uk/"},"type":"Feature"},
		{"geometry":{"coordinates":[-2.51318,51.46355],"type":"Point"},"properties":{"_source":"bristol_council","address":"Grantham Road, Kingswood, Bristol","hours":{"_text":"10:00 - 14:00 (2pm) Monday to Friday, during half-term 10:30 - 12 noon in Saturdays, our regular coffee mornings."},"title":"Kingswood Methodist Church"},"type":"Feature"},
		{"geometry":{"coordinates":[-2.59289,51.48525],"type":"Point"},"properties":{"_source":"bristol_council","address":"The Ardagh, Horfield Common, Off. Kellaway Avenue, Bristol BS6 7YL","contact":"hello@theardagh.com","hours":{"_text":"Daily 10am-5pm","opening":"Mo-Su 10:00-17:00"},"title":"Ardagh Community Trust","url":"https://theardagh.com/"},"type":"Feature"},
		{"geometry":{"coordinates":[-2.55533,51.47590],"type":"Point"},"properties":{"_source":"bristol_council","address":"The Nissen Hut, Eastville Park, Eastville. Bristol. BS5 6QG","hours":{"_text":"Monday and Thursday 10am - 2pm","opening":"Mo 10:00-14:00; Th 10:00-14:00"},"title":"Friends of Eastville Park - The Nissen hut","url":"https://eastvillepark.org.uk/friends/"},"type":"Feature"},
		{"geometry":{"coordinates":[-2.67673,51.48909],"type":"Point"},"properties":{"_source":"bristol_council","address":"High St, Shirehampton, Bristol BS11 0DW","hours":{"_text":"Monday, Tuesday, Wednesday, Friday and Saturday 10am-12noon","opening":"Mo 10:00-12:00; Tu 10:00-12:00; We 10:00-12:00; Fr 10:00-12:00; Sa 10:00-12:00"},"title":"St Mary's church"},"type":"Feature"},
		{"geometry":{"coordinates":[-2.55837,51.47293],"type":"Point"},"properties":{"_source":"bristol_council","address":"Eastville, Bristol, Fishpond Road, BS5 6PR","hours":{"_text":"Monday - Sunday 1pm-2pm0 and 5pm-7pm","opening":"Mo-Su 13:00-20:00,17:00-19:00"},"title":"Jalalabad Islamic Cultural Centre"},"type":"Feature"},
		{"geometry":{"coordinates":[-2.58880,51.48071],"type":"Point"},"properties":{"_source":"bristol_council","address":"276 Gloucester Road, BS7 8PB","hours":{"_text":"Monday - Sunday"},"title":"Turkish Bristol Mosque"},"type":"Feature"},
		{"geometry":{"coordinates":[-2.56369,51.48969],"type":"Point"},"properties":{"_source":"bristol_council","address":"Gainsborough Square, Lockleaze, Bristol BS7 9XA","contact":"stmarystjameslock@gmail.com","hours":{"_text":"Monday 5pm - 7pm","opening":"Mo 17:00-19:00"},"title":"St. Mary and St. James Lockleaze","url":"https://www.stmarysstjames.org.uk/calendar/event.php?event=882"},"type":"Feature"},
		{"geometry":{"coordinates":[-2.59275,51.45742],"type":"Point"},"properties":{"_source":"bristol_council","address":"The Station, Silver Street, Bristol, BS1 2AG","hours":{"_text":"Tuesday 6-8pm; Wednesday and Thursday 12 noon-7pm; Saturday 12 noon-5pm","opening":"We 12:00-19:00; Th 12:00-19:00; Tu 18:00-20:00; Sa 12:00-17:00"},"title":"Creative Youth Network at The Station","url":"https://bristolcouncil.sharepoint.com/sites/NeighbourhoodandCommunities/Shared%20Documents/Forms/AllItems.aspx?ga=1&id=%2Fsites%2FNeighbourhoodandCommunities%2FShared%20Documents%2F02%2E%20Service%20Projects%2F33%2E%20Cost%20of%20Living%20crisis%2FCity%20Coordination%2FWelcoming%20spaces%20network%2FGIS%20Map%2FUpdated%20Map%20%2D%20Beyond%20April%202023&viewid=e626384e%2Ded31%2D4057%2D9450%2Df7eb5c06d4c2"},"type":"Feature"}
	]
}
